DEBUG - 2025-06-18 04:44:09 --> Session: Class initialized using 'CodeIgniter\Session\Handlers\FileHandler' driver.
DEBUG - 2025-06-18 04:44:13 --> Session: Class initialized using 'CodeIgniter\Session\Handlers\FileHandler' driver.
DEBUG - 2025-06-18 04:44:19 --> Session: Class initialized using 'CodeIgniter\Session\Handlers\FileHandler' driver.
DEBUG - 2025-06-18 04:44:19 --> Session: Class initialized using 'CodeIgniter\Session\Handlers\FileHandler' driver.
DEBUG - 2025-06-18 04:44:23 --> Session: Class initialized using 'CodeIgniter\Session\Handlers\FileHandler' driver.
DEBUG - 2025-06-18 04:44:25 --> Session: Class initialized using 'CodeIgniter\Session\Handlers\FileHandler' driver.
DEBUG - 2025-06-18 04:44:26 --> Session: Class initialized using 'CodeIgniter\Session\Handlers\FileHandler' driver.
DEBUG - 2025-06-18 04:44:28 --> Session: Class initialized using 'CodeIgniter\Session\Handlers\FileHandler' driver.
DEBUG - 2025-06-18 04:46:43 --> Session: Class initialized using 'CodeIgniter\Session\Handlers\FileHandler' driver.
DEBUG - 2025-06-18 04:46:59 --> Session: Class initialized using 'CodeIgniter\Session\Handlers\FileHandler' driver.
DEBUG - 2025-06-18 04:47:15 --> Session: Class initialized using 'CodeIgniter\Session\Handlers\FileHandler' driver.
DEBUG - 2025-06-18 05:28:21 --> Session: Class initialized using 'CodeIgniter\Session\Handlers\FileHandler' driver.
DEBUG - 2025-06-18 05:28:24 --> Session: Class initialized using 'CodeIgniter\Session\Handlers\FileHandler' driver.
DEBUG - 2025-06-18 05:28:29 --> Session: Class initialized using 'CodeIgniter\Session\Handlers\FileHandler' driver.
DEBUG - 2025-06-18 05:28:30 --> Session: Class initialized using 'CodeIgniter\Session\Handlers\FileHandler' driver.
DEBUG - 2025-06-18 05:28:32 --> Session: Class initialized using 'CodeIgniter\Session\Handlers\FileHandler' driver.
DEBUG - 2025-06-18 05:28:35 --> Session: Class initialized using 'CodeIgniter\Session\Handlers\FileHandler' driver.
DEBUG - 2025-06-18 05:28:36 --> Session: Class initialized using 'CodeIgniter\Session\Handlers\FileHandler' driver.
DEBUG - 2025-06-18 05:28:41 --> Session: Class initialized using 'CodeIgniter\Session\Handlers\FileHandler' driver.
DEBUG - 2025-06-18 05:28:41 --> Session: Class initialized using 'CodeIgniter\Session\Handlers\FileHandler' driver.
DEBUG - 2025-06-18 05:28:43 --> Session: Class initialized using 'CodeIgniter\Session\Handlers\FileHandler' driver.
DEBUG - 2025-06-18 05:30:34 --> Session: Class initialized using 'CodeIgniter\Session\Handlers\FileHandler' driver.
DEBUG - 2025-06-18 05:30:54 --> Session: Class initialized using 'CodeIgniter\Session\Handlers\FileHandler' driver.
DEBUG - 2025-06-18 05:31:29 --> Session: Class initialized using 'CodeIgniter\Session\Handlers\FileHandler' driver.
DEBUG - 2025-06-18 05:31:29 --> Session: Class initialized using 'CodeIgniter\Session\Handlers\FileHandler' driver.
DEBUG - 2025-06-18 05:31:35 --> Session: Class initialized using 'CodeIgniter\Session\Handlers\FileHandler' driver.
DEBUG - 2025-06-18 05:31:35 --> Session: Class initialized using 'CodeIgniter\Session\Handlers\FileHandler' driver.
DEBUG - 2025-06-18 05:31:38 --> Session: Class initialized using 'CodeIgniter\Session\Handlers\FileHandler' driver.
DEBUG - 2025-06-18 05:31:39 --> Session: Class initialized using 'CodeIgniter\Session\Handlers\FileHandler' driver.
DEBUG - 2025-06-18 05:31:41 --> Session: Class initialized using 'CodeIgniter\Session\Handlers\FileHandler' driver.
DEBUG - 2025-06-18 05:32:14 --> Session: Class initialized using 'CodeIgniter\Session\Handlers\FileHandler' driver.
DEBUG - 2025-06-18 15:14:49 --> Session: Class initialized using 'CodeIgniter\Session\Handlers\FileHandler' driver.
DEBUG - 2025-06-18 15:16:14 --> Session: Class initialized using 'CodeIgniter\Session\Handlers\FileHandler' driver.
DEBUG - 2025-06-18 15:16:16 --> Session: Class initialized using 'CodeIgniter\Session\Handlers\FileHandler' driver.
DEBUG - 2025-06-18 15:16:20 --> Session: Class initialized using 'CodeIgniter\Session\Handlers\FileHandler' driver.
DEBUG - 2025-06-18 15:16:21 --> Session: Class initialized using 'CodeIgniter\Session\Handlers\FileHandler' driver.
DEBUG - 2025-06-18 15:16:22 --> Session: Class initialized using 'CodeIgniter\Session\Handlers\FileHandler' driver.
DEBUG - 2025-06-18 15:16:26 --> Session: Class initialized using 'CodeIgniter\Session\Handlers\FileHandler' driver.
DEBUG - 2025-06-18 15:16:28 --> Session: Class initialized using 'CodeIgniter\Session\Handlers\FileHandler' driver.
DEBUG - 2025-06-18 15:16:42 --> Session: Class initialized using 'CodeIgniter\Session\Handlers\FileHandler' driver.
DEBUG - 2025-06-18 15:16:44 --> Session: Class initialized using 'CodeIgniter\Session\Handlers\FileHandler' driver.
DEBUG - 2025-06-18 15:16:46 --> Session: Class initialized using 'CodeIgniter\Session\Handlers\FileHandler' driver.
DEBUG - 2025-06-18 15:16:49 --> Session: Class initialized using 'CodeIgniter\Session\Handlers\FileHandler' driver.
DEBUG - 2025-06-18 15:16:49 --> Session: Class initialized using 'CodeIgniter\Session\Handlers\FileHandler' driver.
DEBUG - 2025-06-18 15:16:52 --> Session: Class initialized using 'CodeIgniter\Session\Handlers\FileHandler' driver.
DEBUG - 2025-06-18 15:17:02 --> Session: Class initialized using 'CodeIgniter\Session\Handlers\FileHandler' driver.
DEBUG - 2025-06-18 15:17:06 --> Session: Class initialized using 'CodeIgniter\Session\Handlers\FileHandler' driver.
DEBUG - 2025-06-18 15:17:07 --> Session: Class initialized using 'CodeIgniter\Session\Handlers\FileHandler' driver.
DEBUG - 2025-06-18 15:17:09 --> Session: Class initialized using 'CodeIgniter\Session\Handlers\FileHandler' driver.
DEBUG - 2025-06-18 15:17:11 --> Session: Class initialized using 'CodeIgniter\Session\Handlers\FileHandler' driver.
DEBUG - 2025-06-18 15:28:51 --> Session: Class initialized using 'CodeIgniter\Session\Handlers\FileHandler' driver.
CRITICAL - 2025-06-18 15:28:51 --> CodeIgniter\View\Exceptions\ViewException: Invalid file: "usuario/carrito/checkout_paso1.php"
[Method: GET, Route: usuario/carrito/checkout]
in SYSTEMPATH\Exceptions\FrameworkException.php on line 39.
 1 SYSTEMPATH\View\View.php(212): CodeIgniter\Exceptions\FrameworkException::forInvalidFile('usuario/carrito/checkout_paso1.php')
 2 SYSTEMPATH\Common.php(1173): CodeIgniter\View\View->render('usuario/carrito/checkout_paso1', [], true)
 3 APPPATH\Controllers\CarritoController.php(231): view('usuario/carrito/checkout_paso1', [...])
 4 SYSTEMPATH\CodeIgniter.php(933): App\Controllers\CarritoController->checkoutPaso1()
 5 SYSTEMPATH\CodeIgniter.php(507): CodeIgniter\CodeIgniter->runController(Object(App\Controllers\CarritoController))
 6 SYSTEMPATH\CodeIgniter.php(354): CodeIgniter\CodeIgniter->handleRequest(null, Object(Config\Cache), false)
 7 SYSTEMPATH\Boot.php(334): CodeIgniter\CodeIgniter->run()
 8 SYSTEMPATH\Boot.php(67): CodeIgniter\Boot::runCodeIgniter(Object(CodeIgniter\CodeIgniter))
 9 FCPATH\index.php(56): CodeIgniter\Boot::bootWeb(Object(Config\Paths))
DEBUG - 2025-06-18 15:51:01 --> Session: Class initialized using 'CodeIgniter\Session\Handlers\FileHandler' driver.
DEBUG - 2025-06-18 15:51:03 --> Session: Class initialized using 'CodeIgniter\Session\Handlers\FileHandler' driver.
CRITICAL - 2025-06-18 15:51:03 --> CodeIgniter\View\Exceptions\ViewException: Invalid file: "usuario/carrito/checkout_paso1.php"
[Method: GET, Route: usuario/carrito/checkout]
in SYSTEMPATH\Exceptions\FrameworkException.php on line 39.
 1 SYSTEMPATH\View\View.php(212): CodeIgniter\Exceptions\FrameworkException::forInvalidFile('usuario/carrito/checkout_paso1.php')
 2 SYSTEMPATH\Common.php(1173): CodeIgniter\View\View->render('usuario/carrito/checkout_paso1', [], true)
 3 APPPATH\Controllers\CarritoController.php(231): view('usuario/carrito/checkout_paso1', [...])
 4 SYSTEMPATH\CodeIgniter.php(933): App\Controllers\CarritoController->checkoutPaso1()
 5 SYSTEMPATH\CodeIgniter.php(507): CodeIgniter\CodeIgniter->runController(Object(App\Controllers\CarritoController))
 6 SYSTEMPATH\CodeIgniter.php(354): CodeIgniter\CodeIgniter->handleRequest(null, Object(Config\Cache), false)
 7 SYSTEMPATH\Boot.php(334): CodeIgniter\CodeIgniter->run()
 8 SYSTEMPATH\Boot.php(67): CodeIgniter\Boot::runCodeIgniter(Object(CodeIgniter\CodeIgniter))
 9 FCPATH\index.php(56): CodeIgniter\Boot::bootWeb(Object(Config\Paths))
CRITICAL - 2025-06-18 15:56:18 --> ParseError: Unclosed '[' on line 147 does not match '}'
[Method: GET, Route: usuario/carrito/checkout]
in APPPATH\Config\Routes.php on line 148.
 1 SYSTEMPATH\CodeIgniter.php(821): CodeIgniter\Router\RouteCollection->loadRoutes()
 2 SYSTEMPATH\CodeIgniter.php(455): CodeIgniter\CodeIgniter->tryToRouteIt(null)
 3 SYSTEMPATH\CodeIgniter.php(354): CodeIgniter\CodeIgniter->handleRequest(null, Object(Config\Cache), false)
 4 SYSTEMPATH\Boot.php(334): CodeIgniter\CodeIgniter->run()
 5 SYSTEMPATH\Boot.php(67): CodeIgniter\Boot::runCodeIgniter(Object(CodeIgniter\CodeIgniter))
 6 FCPATH\index.php(56): CodeIgniter\Boot::bootWeb(Object(Config\Paths))
DEBUG - 2025-06-18 15:57:39 --> Session: Class initialized using 'CodeIgniter\Session\Handlers\FileHandler' driver.
DEBUG - 2025-06-18 15:58:53 --> Session: Class initialized using 'CodeIgniter\Session\Handlers\FileHandler' driver.
CRITICAL - 2025-06-18 15:58:53 --> CodeIgniter\View\Exceptions\ViewException: Invalid file: "checkout/direccion_envio.php"
[Method: GET, Route: checkout]
in SYSTEMPATH\Exceptions\FrameworkException.php on line 39.
 1 SYSTEMPATH\View\View.php(212): CodeIgniter\Exceptions\FrameworkException::forInvalidFile('checkout/direccion_envio.php')
 2 SYSTEMPATH\Common.php(1173): CodeIgniter\View\View->render('checkout/direccion_envio', [], true)
 3 APPPATH\Controllers\CheckoutController.php(106): view('checkout/direccion_envio', [...])
 4 SYSTEMPATH\CodeIgniter.php(933): App\Controllers\CheckoutController->direccionEnvio()
 5 SYSTEMPATH\CodeIgniter.php(507): CodeIgniter\CodeIgniter->runController(Object(App\Controllers\CheckoutController))
 6 SYSTEMPATH\CodeIgniter.php(354): CodeIgniter\CodeIgniter->handleRequest(null, Object(Config\Cache), false)
 7 SYSTEMPATH\Boot.php(334): CodeIgniter\CodeIgniter->run()
 8 SYSTEMPATH\Boot.php(67): CodeIgniter\Boot::runCodeIgniter(Object(CodeIgniter\CodeIgniter))
 9 FCPATH\index.php(56): CodeIgniter\Boot::bootWeb(Object(Config\Paths))
DEBUG - 2025-06-18 16:00:25 --> Session: Class initialized using 'CodeIgniter\Session\Handlers\FileHandler' driver.
CRITICAL - 2025-06-18 16:00:25 --> CodeIgniter\View\Exceptions\ViewException: Invalid file: "checkout/direccion_envio.php"
[Method: GET, Route: checkout]
in SYSTEMPATH\Exceptions\FrameworkException.php on line 39.
 1 SYSTEMPATH\View\View.php(212): CodeIgniter\Exceptions\FrameworkException::forInvalidFile('checkout/direccion_envio.php')
 2 SYSTEMPATH\Common.php(1173): CodeIgniter\View\View->render('checkout/direccion_envio', [], true)
 3 APPPATH\Controllers\CheckoutController.php(106): view('checkout/direccion_envio', [...])
 4 SYSTEMPATH\CodeIgniter.php(933): App\Controllers\CheckoutController->direccionEnvio()
 5 SYSTEMPATH\CodeIgniter.php(507): CodeIgniter\CodeIgniter->runController(Object(App\Controllers\CheckoutController))
 6 SYSTEMPATH\CodeIgniter.php(354): CodeIgniter\CodeIgniter->handleRequest(null, Object(Config\Cache), false)
 7 SYSTEMPATH\Boot.php(334): CodeIgniter\CodeIgniter->run()
 8 SYSTEMPATH\Boot.php(67): CodeIgniter\Boot::runCodeIgniter(Object(CodeIgniter\CodeIgniter))
 9 FCPATH\index.php(56): CodeIgniter\Boot::bootWeb(Object(Config\Paths))
DEBUG - 2025-06-18 16:01:14 --> Session: Class initialized using 'CodeIgniter\Session\Handlers\FileHandler' driver.
CRITICAL - 2025-06-18 16:01:14 --> CodeIgniter\View\Exceptions\ViewException: Invalid file: "checkout/direccion_envio.php"
[Method: GET, Route: checkout]
in SYSTEMPATH\Exceptions\FrameworkException.php on line 39.
 1 SYSTEMPATH\View\View.php(212): CodeIgniter\Exceptions\FrameworkException::forInvalidFile('checkout/direccion_envio.php')
 2 SYSTEMPATH\Common.php(1173): CodeIgniter\View\View->render('checkout/direccion_envio', [], true)
 3 APPPATH\Controllers\CheckoutController.php(106): view('checkout/direccion_envio', [...])
 4 SYSTEMPATH\CodeIgniter.php(933): App\Controllers\CheckoutController->direccionEnvio()
 5 SYSTEMPATH\CodeIgniter.php(507): CodeIgniter\CodeIgniter->runController(Object(App\Controllers\CheckoutController))
 6 SYSTEMPATH\CodeIgniter.php(354): CodeIgniter\CodeIgniter->handleRequest(null, Object(Config\Cache), false)
 7 SYSTEMPATH\Boot.php(334): CodeIgniter\CodeIgniter->run()
 8 SYSTEMPATH\Boot.php(67): CodeIgniter\Boot::runCodeIgniter(Object(CodeIgniter\CodeIgniter))
 9 FCPATH\index.php(56): CodeIgniter\Boot::bootWeb(Object(Config\Paths))
DEBUG - 2025-06-18 16:01:15 --> Session: Class initialized using 'CodeIgniter\Session\Handlers\FileHandler' driver.
CRITICAL - 2025-06-18 16:01:15 --> CodeIgniter\View\Exceptions\ViewException: Invalid file: "checkout/direccion_envio.php"
[Method: GET, Route: checkout]
in SYSTEMPATH\Exceptions\FrameworkException.php on line 39.
 1 SYSTEMPATH\View\View.php(212): CodeIgniter\Exceptions\FrameworkException::forInvalidFile('checkout/direccion_envio.php')
 2 SYSTEMPATH\Common.php(1173): CodeIgniter\View\View->render('checkout/direccion_envio', [], true)
 3 APPPATH\Controllers\CheckoutController.php(106): view('checkout/direccion_envio', [...])
 4 SYSTEMPATH\CodeIgniter.php(933): App\Controllers\CheckoutController->direccionEnvio()
 5 SYSTEMPATH\CodeIgniter.php(507): CodeIgniter\CodeIgniter->runController(Object(App\Controllers\CheckoutController))
 6 SYSTEMPATH\CodeIgniter.php(354): CodeIgniter\CodeIgniter->handleRequest(null, Object(Config\Cache), false)
 7 SYSTEMPATH\Boot.php(334): CodeIgniter\CodeIgniter->run()
 8 SYSTEMPATH\Boot.php(67): CodeIgniter\Boot::runCodeIgniter(Object(CodeIgniter\CodeIgniter))
 9 FCPATH\index.php(56): CodeIgniter\Boot::bootWeb(Object(Config\Paths))
DEBUG - 2025-06-18 16:01:16 --> Session: Class initialized using 'CodeIgniter\Session\Handlers\FileHandler' driver.
CRITICAL - 2025-06-18 16:01:16 --> CodeIgniter\View\Exceptions\ViewException: Invalid file: "checkout/direccion_envio.php"
[Method: GET, Route: checkout]
in SYSTEMPATH\Exceptions\FrameworkException.php on line 39.
 1 SYSTEMPATH\View\View.php(212): CodeIgniter\Exceptions\FrameworkException::forInvalidFile('checkout/direccion_envio.php')
 2 SYSTEMPATH\Common.php(1173): CodeIgniter\View\View->render('checkout/direccion_envio', [], true)
 3 APPPATH\Controllers\CheckoutController.php(106): view('checkout/direccion_envio', [...])
 4 SYSTEMPATH\CodeIgniter.php(933): App\Controllers\CheckoutController->direccionEnvio()
 5 SYSTEMPATH\CodeIgniter.php(507): CodeIgniter\CodeIgniter->runController(Object(App\Controllers\CheckoutController))
 6 SYSTEMPATH\CodeIgniter.php(354): CodeIgniter\CodeIgniter->handleRequest(null, Object(Config\Cache), false)
 7 SYSTEMPATH\Boot.php(334): CodeIgniter\CodeIgniter->run()
 8 SYSTEMPATH\Boot.php(67): CodeIgniter\Boot::runCodeIgniter(Object(CodeIgniter\CodeIgniter))
 9 FCPATH\index.php(56): CodeIgniter\Boot::bootWeb(Object(Config\Paths))
DEBUG - 2025-06-18 16:01:17 --> Session: Class initialized using 'CodeIgniter\Session\Handlers\FileHandler' driver.
CRITICAL - 2025-06-18 16:01:17 --> CodeIgniter\View\Exceptions\ViewException: Invalid file: "checkout/direccion_envio.php"
[Method: GET, Route: checkout]
in SYSTEMPATH\Exceptions\FrameworkException.php on line 39.
 1 SYSTEMPATH\View\View.php(212): CodeIgniter\Exceptions\FrameworkException::forInvalidFile('checkout/direccion_envio.php')
 2 SYSTEMPATH\Common.php(1173): CodeIgniter\View\View->render('checkout/direccion_envio', [], true)
 3 APPPATH\Controllers\CheckoutController.php(106): view('checkout/direccion_envio', [...])
 4 SYSTEMPATH\CodeIgniter.php(933): App\Controllers\CheckoutController->direccionEnvio()
 5 SYSTEMPATH\CodeIgniter.php(507): CodeIgniter\CodeIgniter->runController(Object(App\Controllers\CheckoutController))
 6 SYSTEMPATH\CodeIgniter.php(354): CodeIgniter\CodeIgniter->handleRequest(null, Object(Config\Cache), false)
 7 SYSTEMPATH\Boot.php(334): CodeIgniter\CodeIgniter->run()
 8 SYSTEMPATH\Boot.php(67): CodeIgniter\Boot::runCodeIgniter(Object(CodeIgniter\CodeIgniter))
 9 FCPATH\index.php(56): CodeIgniter\Boot::bootWeb(Object(Config\Paths))
DEBUG - 2025-06-18 16:01:17 --> Session: Class initialized using 'CodeIgniter\Session\Handlers\FileHandler' driver.
CRITICAL - 2025-06-18 16:01:17 --> CodeIgniter\View\Exceptions\ViewException: Invalid file: "checkout/direccion_envio.php"
[Method: GET, Route: checkout]
in SYSTEMPATH\Exceptions\FrameworkException.php on line 39.
 1 SYSTEMPATH\View\View.php(212): CodeIgniter\Exceptions\FrameworkException::forInvalidFile('checkout/direccion_envio.php')
 2 SYSTEMPATH\Common.php(1173): CodeIgniter\View\View->render('checkout/direccion_envio', [], true)
 3 APPPATH\Controllers\CheckoutController.php(106): view('checkout/direccion_envio', [...])
 4 SYSTEMPATH\CodeIgniter.php(933): App\Controllers\CheckoutController->direccionEnvio()
 5 SYSTEMPATH\CodeIgniter.php(507): CodeIgniter\CodeIgniter->runController(Object(App\Controllers\CheckoutController))
 6 SYSTEMPATH\CodeIgniter.php(354): CodeIgniter\CodeIgniter->handleRequest(null, Object(Config\Cache), false)
 7 SYSTEMPATH\Boot.php(334): CodeIgniter\CodeIgniter->run()
 8 SYSTEMPATH\Boot.php(67): CodeIgniter\Boot::runCodeIgniter(Object(CodeIgniter\CodeIgniter))
 9 FCPATH\index.php(56): CodeIgniter\Boot::bootWeb(Object(Config\Paths))
DEBUG - 2025-06-18 16:01:17 --> Session: Class initialized using 'CodeIgniter\Session\Handlers\FileHandler' driver.
CRITICAL - 2025-06-18 16:01:17 --> CodeIgniter\View\Exceptions\ViewException: Invalid file: "checkout/direccion_envio.php"
[Method: GET, Route: checkout]
in SYSTEMPATH\Exceptions\FrameworkException.php on line 39.
 1 SYSTEMPATH\View\View.php(212): CodeIgniter\Exceptions\FrameworkException::forInvalidFile('checkout/direccion_envio.php')
 2 SYSTEMPATH\Common.php(1173): CodeIgniter\View\View->render('checkout/direccion_envio', [], true)
 3 APPPATH\Controllers\CheckoutController.php(106): view('checkout/direccion_envio', [...])
 4 SYSTEMPATH\CodeIgniter.php(933): App\Controllers\CheckoutController->direccionEnvio()
 5 SYSTEMPATH\CodeIgniter.php(507): CodeIgniter\CodeIgniter->runController(Object(App\Controllers\CheckoutController))
 6 SYSTEMPATH\CodeIgniter.php(354): CodeIgniter\CodeIgniter->handleRequest(null, Object(Config\Cache), false)
 7 SYSTEMPATH\Boot.php(334): CodeIgniter\CodeIgniter->run()
 8 SYSTEMPATH\Boot.php(67): CodeIgniter\Boot::runCodeIgniter(Object(CodeIgniter\CodeIgniter))
 9 FCPATH\index.php(56): CodeIgniter\Boot::bootWeb(Object(Config\Paths))
DEBUG - 2025-06-18 16:01:18 --> Session: Class initialized using 'CodeIgniter\Session\Handlers\FileHandler' driver.
CRITICAL - 2025-06-18 16:01:18 --> CodeIgniter\View\Exceptions\ViewException: Invalid file: "checkout/direccion_envio.php"
[Method: GET, Route: checkout]
in SYSTEMPATH\Exceptions\FrameworkException.php on line 39.
 1 SYSTEMPATH\View\View.php(212): CodeIgniter\Exceptions\FrameworkException::forInvalidFile('checkout/direccion_envio.php')
 2 SYSTEMPATH\Common.php(1173): CodeIgniter\View\View->render('checkout/direccion_envio', [], true)
 3 APPPATH\Controllers\CheckoutController.php(106): view('checkout/direccion_envio', [...])
 4 SYSTEMPATH\CodeIgniter.php(933): App\Controllers\CheckoutController->direccionEnvio()
 5 SYSTEMPATH\CodeIgniter.php(507): CodeIgniter\CodeIgniter->runController(Object(App\Controllers\CheckoutController))
 6 SYSTEMPATH\CodeIgniter.php(354): CodeIgniter\CodeIgniter->handleRequest(null, Object(Config\Cache), false)
 7 SYSTEMPATH\Boot.php(334): CodeIgniter\CodeIgniter->run()
 8 SYSTEMPATH\Boot.php(67): CodeIgniter\Boot::runCodeIgniter(Object(CodeIgniter\CodeIgniter))
 9 FCPATH\index.php(56): CodeIgniter\Boot::bootWeb(Object(Config\Paths))
DEBUG - 2025-06-18 16:01:18 --> Session: Class initialized using 'CodeIgniter\Session\Handlers\FileHandler' driver.
CRITICAL - 2025-06-18 16:01:18 --> CodeIgniter\View\Exceptions\ViewException: Invalid file: "checkout/direccion_envio.php"
[Method: GET, Route: checkout]
in SYSTEMPATH\Exceptions\FrameworkException.php on line 39.
 1 SYSTEMPATH\View\View.php(212): CodeIgniter\Exceptions\FrameworkException::forInvalidFile('checkout/direccion_envio.php')
 2 SYSTEMPATH\Common.php(1173): CodeIgniter\View\View->render('checkout/direccion_envio', [], true)
 3 APPPATH\Controllers\CheckoutController.php(106): view('checkout/direccion_envio', [...])
 4 SYSTEMPATH\CodeIgniter.php(933): App\Controllers\CheckoutController->direccionEnvio()
 5 SYSTEMPATH\CodeIgniter.php(507): CodeIgniter\CodeIgniter->runController(Object(App\Controllers\CheckoutController))
 6 SYSTEMPATH\CodeIgniter.php(354): CodeIgniter\CodeIgniter->handleRequest(null, Object(Config\Cache), false)
 7 SYSTEMPATH\Boot.php(334): CodeIgniter\CodeIgniter->run()
 8 SYSTEMPATH\Boot.php(67): CodeIgniter\Boot::runCodeIgniter(Object(CodeIgniter\CodeIgniter))
 9 FCPATH\index.php(56): CodeIgniter\Boot::bootWeb(Object(Config\Paths))
DEBUG - 2025-06-18 16:02:34 --> Session: Class initialized using 'CodeIgniter\Session\Handlers\FileHandler' driver.
DEBUG - 2025-06-18 16:03:09 --> Session: Class initialized using 'CodeIgniter\Session\Handlers\FileHandler' driver.
DEBUG - 2025-06-18 16:07:18 --> Session: Class initialized using 'CodeIgniter\Session\Handlers\FileHandler' driver.
DEBUG - 2025-06-18 16:08:58 --> Session: Class initialized using 'CodeIgniter\Session\Handlers\FileHandler' driver.
DEBUG - 2025-06-18 16:09:14 --> Session: Class initialized using 'CodeIgniter\Session\Handlers\FileHandler' driver.
DEBUG - 2025-06-18 16:09:41 --> Session: Class initialized using 'CodeIgniter\Session\Handlers\FileHandler' driver.
DEBUG - 2025-06-18 16:09:45 --> Session: Class initialized using 'CodeIgniter\Session\Handlers\FileHandler' driver.
DEBUG - 2025-06-18 16:09:47 --> Session: Class initialized using 'CodeIgniter\Session\Handlers\FileHandler' driver.
DEBUG - 2025-06-18 16:10:15 --> Session: Class initialized using 'CodeIgniter\Session\Handlers\FileHandler' driver.
DEBUG - 2025-06-18 16:10:32 --> Session: Class initialized using 'CodeIgniter\Session\Handlers\FileHandler' driver.
DEBUG - 2025-06-18 16:10:49 --> Session: Class initialized using 'CodeIgniter\Session\Handlers\FileHandler' driver.
DEBUG - 2025-06-18 16:10:51 --> Session: Class initialized using 'CodeIgniter\Session\Handlers\FileHandler' driver.
DEBUG - 2025-06-18 16:10:56 --> Session: Class initialized using 'CodeIgniter\Session\Handlers\FileHandler' driver.
DEBUG - 2025-06-18 16:11:03 --> Session: Class initialized using 'CodeIgniter\Session\Handlers\FileHandler' driver.
DEBUG - 2025-06-18 16:13:35 --> Session: Class initialized using 'CodeIgniter\Session\Handlers\FileHandler' driver.
DEBUG - 2025-06-18 16:15:14 --> Session: Class initialized using 'CodeIgniter\Session\Handlers\FileHandler' driver.
DEBUG - 2025-06-18 16:15:20 --> Session: Class initialized using 'CodeIgniter\Session\Handlers\FileHandler' driver.
DEBUG - 2025-06-18 16:15:48 --> Session: Class initialized using 'CodeIgniter\Session\Handlers\FileHandler' driver.
DEBUG - 2025-06-18 16:15:54 --> Session: Class initialized using 'CodeIgniter\Session\Handlers\FileHandler' driver.
DEBUG - 2025-06-18 16:16:11 --> Session: Class initialized using 'CodeIgniter\Session\Handlers\FileHandler' driver.
DEBUG - 2025-06-18 16:16:13 --> Session: Class initialized using 'CodeIgniter\Session\Handlers\FileHandler' driver.
DEBUG - 2025-06-18 16:18:12 --> Session: Class initialized using 'CodeIgniter\Session\Handlers\FileHandler' driver.
DEBUG - 2025-06-18 16:19:04 --> Session: Class initialized using 'CodeIgniter\Session\Handlers\FileHandler' driver.
DEBUG - 2025-06-18 16:19:06 --> Session: Class initialized using 'CodeIgniter\Session\Handlers\FileHandler' driver.
DEBUG - 2025-06-18 16:21:38 --> Session: Class initialized using 'CodeIgniter\Session\Handlers\FileHandler' driver.
DEBUG - 2025-06-18 16:21:44 --> Session: Class initialized using 'CodeIgniter\Session\Handlers\FileHandler' driver.
DEBUG - 2025-06-18 16:22:06 --> Session: Class initialized using 'CodeIgniter\Session\Handlers\FileHandler' driver.
DEBUG - 2025-06-18 16:22:08 --> Session: Class initialized using 'CodeIgniter\Session\Handlers\FileHandler' driver.
DEBUG - 2025-06-18 16:22:11 --> Session: Class initialized using 'CodeIgniter\Session\Handlers\FileHandler' driver.
DEBUG - 2025-06-18 16:22:13 --> Session: Class initialized using 'CodeIgniter\Session\Handlers\FileHandler' driver.
DEBUG - 2025-06-18 16:22:14 --> Session: Class initialized using 'CodeIgniter\Session\Handlers\FileHandler' driver.
DEBUG - 2025-06-18 16:24:16 --> Session: Class initialized using 'CodeIgniter\Session\Handlers\FileHandler' driver.
DEBUG - 2025-06-18 16:24:34 --> Session: Class initialized using 'CodeIgniter\Session\Handlers\FileHandler' driver.
DEBUG - 2025-06-18 16:24:38 --> Session: Class initialized using 'CodeIgniter\Session\Handlers\FileHandler' driver.
DEBUG - 2025-06-18 16:24:41 --> Session: Class initialized using 'CodeIgniter\Session\Handlers\FileHandler' driver.
DEBUG - 2025-06-18 16:24:44 --> Session: Class initialized using 'CodeIgniter\Session\Handlers\FileHandler' driver.
DEBUG - 2025-06-18 16:24:46 --> Session: Class initialized using 'CodeIgniter\Session\Handlers\FileHandler' driver.
DEBUG - 2025-06-18 16:24:48 --> Session: Class initialized using 'CodeIgniter\Session\Handlers\FileHandler' driver.
DEBUG - 2025-06-18 16:24:53 --> Session: Class initialized using 'CodeIgniter\Session\Handlers\FileHandler' driver.
DEBUG - 2025-06-18 16:25:50 --> Session: Class initialized using 'CodeIgniter\Session\Handlers\FileHandler' driver.
DEBUG - 2025-06-18 16:25:54 --> Session: Class initialized using 'CodeIgniter\Session\Handlers\FileHandler' driver.
DEBUG - 2025-06-18 16:27:27 --> Session: Class initialized using 'CodeIgniter\Session\Handlers\FileHandler' driver.
DEBUG - 2025-06-18 16:27:30 --> Session: Class initialized using 'CodeIgniter\Session\Handlers\FileHandler' driver.
DEBUG - 2025-06-18 16:27:32 --> Session: Class initialized using 'CodeIgniter\Session\Handlers\FileHandler' driver.
DEBUG - 2025-06-18 16:27:34 --> Session: Class initialized using 'CodeIgniter\Session\Handlers\FileHandler' driver.
DEBUG - 2025-06-18 16:27:44 --> Session: Class initialized using 'CodeIgniter\Session\Handlers\FileHandler' driver.
DEBUG - 2025-06-18 16:27:50 --> Session: Class initialized using 'CodeIgniter\Session\Handlers\FileHandler' driver.
DEBUG - 2025-06-18 16:27:53 --> Session: Class initialized using 'CodeIgniter\Session\Handlers\FileHandler' driver.
DEBUG - 2025-06-18 16:27:57 --> Session: Class initialized using 'CodeIgniter\Session\Handlers\FileHandler' driver.
DEBUG - 2025-06-18 16:30:45 --> Session: Class initialized using 'CodeIgniter\Session\Handlers\FileHandler' driver.
DEBUG - 2025-06-18 16:30:49 --> Session: Class initialized using 'CodeIgniter\Session\Handlers\FileHandler' driver.
DEBUG - 2025-06-18 16:30:57 --> Session: Class initialized using 'CodeIgniter\Session\Handlers\FileHandler' driver.
DEBUG - 2025-06-18 16:31:03 --> Session: Class initialized using 'CodeIgniter\Session\Handlers\FileHandler' driver.
CRITICAL - 2025-06-18 16:31:03 --> ErrorException: Undefined variable $venta
[Method: GET, Route: checkout]
in APPPATH\Views\checkout\resumen_pedido.php on line 13.
 1 APPPATH\Views\checkout\resumen_pedido.php(13): CodeIgniter\Debug\Exceptions->errorHandler(2, 'Undefined variable $venta', 'C:\\xampp\\htdocs\\proyecto_benitez_lopez\\app\\Views\\checkout\\resumen_pedido.php', 13)
 2 SYSTEMPATH\View\View.php(224): include('C:\\xampp\\htdocs\\proyecto_benitez_lopez\\app\\Views\\checkout\\resumen_pedido.php')
 3 SYSTEMPATH\View\View.php(227): CodeIgniter\View\View->CodeIgniter\View\{closure}()
 4 SYSTEMPATH\Common.php(1173): CodeIgniter\View\View->render('checkout/resumen_pedido', [], true)
 5 APPPATH\Views\checkout\direccion_envio.php(101): view('checkout/resumen_pedido', [...])
 6 SYSTEMPATH\View\View.php(224): include('C:\\xampp\\htdocs\\proyecto_benitez_lopez\\app\\Views\\checkout\\direccion_envio.php')
 7 SYSTEMPATH\View\View.php(227): CodeIgniter\View\View->CodeIgniter\View\{closure}()
 8 SYSTEMPATH\Common.php(1173): CodeIgniter\View\View->render('checkout/direccion_envio', [], true)
 9 APPPATH\Controllers\CheckoutController.php(105): view('checkout/direccion_envio', [...])
10 SYSTEMPATH\CodeIgniter.php(933): App\Controllers\CheckoutController->direccionEnvio()
11 SYSTEMPATH\CodeIgniter.php(507): CodeIgniter\CodeIgniter->runController(Object(App\Controllers\CheckoutController))
12 SYSTEMPATH\CodeIgniter.php(354): CodeIgniter\CodeIgniter->handleRequest(null, Object(Config\Cache), false)
13 SYSTEMPATH\Boot.php(334): CodeIgniter\CodeIgniter->run()
14 SYSTEMPATH\Boot.php(67): CodeIgniter\Boot::runCodeIgniter(Object(CodeIgniter\CodeIgniter))
15 FCPATH\index.php(56): CodeIgniter\Boot::bootWeb(Object(Config\Paths))
DEBUG - 2025-06-18 16:33:15 --> Session: Class initialized using 'CodeIgniter\Session\Handlers\FileHandler' driver.
CRITICAL - 2025-06-18 16:33:15 --> ErrorException: Undefined variable $venta
[Method: GET, Route: checkout]
in APPPATH\Views\checkout\resumen_pedido.php on line 13.
 1 APPPATH\Views\checkout\resumen_pedido.php(13): CodeIgniter\Debug\Exceptions->errorHandler(2, 'Undefined variable $venta', 'C:\\xampp\\htdocs\\proyecto_benitez_lopez\\app\\Views\\checkout\\resumen_pedido.php', 13)
 2 SYSTEMPATH\View\View.php(224): include('C:\\xampp\\htdocs\\proyecto_benitez_lopez\\app\\Views\\checkout\\resumen_pedido.php')
 3 SYSTEMPATH\View\View.php(227): CodeIgniter\View\View->CodeIgniter\View\{closure}()
 4 SYSTEMPATH\Common.php(1173): CodeIgniter\View\View->render('checkout/resumen_pedido', [], true)
 5 APPPATH\Views\checkout\direccion_envio.php(101): view('checkout/resumen_pedido', [...])
 6 SYSTEMPATH\View\View.php(224): include('C:\\xampp\\htdocs\\proyecto_benitez_lopez\\app\\Views\\checkout\\direccion_envio.php')
 7 SYSTEMPATH\View\View.php(227): CodeIgniter\View\View->CodeIgniter\View\{closure}()
 8 SYSTEMPATH\Common.php(1173): CodeIgniter\View\View->render('checkout/direccion_envio', [], true)
 9 APPPATH\Controllers\CheckoutController.php(105): view('checkout/direccion_envio', [...])
10 SYSTEMPATH\CodeIgniter.php(933): App\Controllers\CheckoutController->direccionEnvio()
11 SYSTEMPATH\CodeIgniter.php(507): CodeIgniter\CodeIgniter->runController(Object(App\Controllers\CheckoutController))
12 SYSTEMPATH\CodeIgniter.php(354): CodeIgniter\CodeIgniter->handleRequest(null, Object(Config\Cache), false)
13 SYSTEMPATH\Boot.php(334): CodeIgniter\CodeIgniter->run()
14 SYSTEMPATH\Boot.php(67): CodeIgniter\Boot::runCodeIgniter(Object(CodeIgniter\CodeIgniter))
15 FCPATH\index.php(56): CodeIgniter\Boot::bootWeb(Object(Config\Paths))
DEBUG - 2025-06-18 16:33:20 --> Session: Class initialized using 'CodeIgniter\Session\Handlers\FileHandler' driver.
DEBUG - 2025-06-18 16:33:24 --> Session: Class initialized using 'CodeIgniter\Session\Handlers\FileHandler' driver.
DEBUG - 2025-06-18 16:33:27 --> Session: Class initialized using 'CodeIgniter\Session\Handlers\FileHandler' driver.
DEBUG - 2025-06-18 16:33:34 --> Session: Class initialized using 'CodeIgniter\Session\Handlers\FileHandler' driver.
DEBUG - 2025-06-18 16:35:05 --> Session: Class initialized using 'CodeIgniter\Session\Handlers\FileHandler' driver.
CRITICAL - 2025-06-18 16:35:06 --> CodeIgniter\View\Exceptions\ViewException: Invalid file: "header.php"
[Method: GET, Route: carrito]
in SYSTEMPATH\Exceptions\FrameworkException.php on line 39.
 1 SYSTEMPATH\View\View.php(212): CodeIgniter\Exceptions\FrameworkException::forInvalidFile('header.php')
 2 SYSTEMPATH\Common.php(1173): CodeIgniter\View\View->render('header', [], true)
 3 APPPATH\Controllers\CarritoController.php(71): view('header', [...])
 4 SYSTEMPATH\CodeIgniter.php(933): App\Controllers\CarritoController->verCarrito()
 5 SYSTEMPATH\CodeIgniter.php(507): CodeIgniter\CodeIgniter->runController(Object(App\Controllers\CarritoController))
 6 SYSTEMPATH\CodeIgniter.php(354): CodeIgniter\CodeIgniter->handleRequest(null, Object(Config\Cache), false)
 7 SYSTEMPATH\Boot.php(334): CodeIgniter\CodeIgniter->run()
 8 SYSTEMPATH\Boot.php(67): CodeIgniter\Boot::runCodeIgniter(Object(CodeIgniter\CodeIgniter))
 9 FCPATH\index.php(56): CodeIgniter\Boot::bootWeb(Object(Config\Paths))
DEBUG - 2025-06-18 16:35:41 --> Session: Class initialized using 'CodeIgniter\Session\Handlers\FileHandler' driver.
DEBUG - 2025-06-18 16:35:48 --> Session: Class initialized using 'CodeIgniter\Session\Handlers\FileHandler' driver.
CRITICAL - 2025-06-18 16:35:48 --> CodeIgniter\View\Exceptions\ViewException: Invalid file: "carousel.php"
[Method: GET, Route: principal]
in SYSTEMPATH\Exceptions\FrameworkException.php on line 39.
 1 SYSTEMPATH\View\View.php(212): CodeIgniter\Exceptions\FrameworkException::forInvalidFile('carousel.php')
 2 SYSTEMPATH\Common.php(1173): CodeIgniter\View\View->render('carousel', [], true)
 3 APPPATH\Controllers\Home.php(19): view('carousel')
 4 SYSTEMPATH\CodeIgniter.php(933): App\Controllers\Home->index()
 5 SYSTEMPATH\CodeIgniter.php(507): CodeIgniter\CodeIgniter->runController(Object(App\Controllers\Home))
 6 SYSTEMPATH\CodeIgniter.php(354): CodeIgniter\CodeIgniter->handleRequest(null, Object(Config\Cache), false)
 7 SYSTEMPATH\Boot.php(334): CodeIgniter\CodeIgniter->run()
 8 SYSTEMPATH\Boot.php(67): CodeIgniter\Boot::runCodeIgniter(Object(CodeIgniter\CodeIgniter))
 9 FCPATH\index.php(56): CodeIgniter\Boot::bootWeb(Object(Config\Paths))
DEBUG - 2025-06-18 16:37:07 --> Session: Class initialized using 'CodeIgniter\Session\Handlers\FileHandler' driver.
CRITICAL - 2025-06-18 16:37:07 --> CodeIgniter\View\Exceptions\ViewException: Invalid file: "carousel.php"
[Method: GET, Route: principal]
in SYSTEMPATH\Exceptions\FrameworkException.php on line 39.
 1 SYSTEMPATH\View\View.php(212): CodeIgniter\Exceptions\FrameworkException::forInvalidFile('carousel.php')
 2 SYSTEMPATH\Common.php(1173): CodeIgniter\View\View->render('carousel', [], true)
 3 APPPATH\Controllers\Home.php(19): view('carousel')
 4 SYSTEMPATH\CodeIgniter.php(933): App\Controllers\Home->index()
 5 SYSTEMPATH\CodeIgniter.php(507): CodeIgniter\CodeIgniter->runController(Object(App\Controllers\Home))
 6 SYSTEMPATH\CodeIgniter.php(354): CodeIgniter\CodeIgniter->handleRequest(null, Object(Config\Cache), false)
 7 SYSTEMPATH\Boot.php(334): CodeIgniter\CodeIgniter->run()
 8 SYSTEMPATH\Boot.php(67): CodeIgniter\Boot::runCodeIgniter(Object(CodeIgniter\CodeIgniter))
 9 FCPATH\index.php(56): CodeIgniter\Boot::bootWeb(Object(Config\Paths))
DEBUG - 2025-06-18 16:37:58 --> Session: Class initialized using 'CodeIgniter\Session\Handlers\FileHandler' driver.
DEBUG - 2025-06-18 16:38:07 --> Session: Class initialized using 'CodeIgniter\Session\Handlers\FileHandler' driver.
DEBUG - 2025-06-18 16:39:14 --> Session: Class initialized using 'CodeIgniter\Session\Handlers\FileHandler' driver.
DEBUG - 2025-06-18 16:39:18 --> Session: Class initialized using 'CodeIgniter\Session\Handlers\FileHandler' driver.
DEBUG - 2025-06-18 16:39:30 --> Session: Class initialized using 'CodeIgniter\Session\Handlers\FileHandler' driver.
DEBUG - 2025-06-18 16:41:02 --> Session: Class initialized using 'CodeIgniter\Session\Handlers\FileHandler' driver.
DEBUG - 2025-06-18 16:41:08 --> Session: Class initialized using 'CodeIgniter\Session\Handlers\FileHandler' driver.
DEBUG - 2025-06-18 16:42:26 --> Session: Class initialized using 'CodeIgniter\Session\Handlers\FileHandler' driver.
DEBUG - 2025-06-18 16:42:52 --> Session: Class initialized using 'CodeIgniter\Session\Handlers\FileHandler' driver.
CRITICAL - 2025-06-18 16:46:53 --> CodeIgniter\View\Exceptions\ViewException: Invalid file: "login.php"
[Method: GET, Route: login]
in SYSTEMPATH\Exceptions\FrameworkException.php on line 39.
 1 SYSTEMPATH\View\View.php(212): CodeIgniter\Exceptions\FrameworkException::forInvalidFile('login.php')
 2 SYSTEMPATH\Common.php(1173): CodeIgniter\View\View->render('login', [], true)
 3 APPPATH\Controllers\UsuarioController.php(19): view('login')
 4 SYSTEMPATH\CodeIgniter.php(933): App\Controllers\UsuarioController->formularioLogin()
 5 SYSTEMPATH\CodeIgniter.php(507): CodeIgniter\CodeIgniter->runController(Object(App\Controllers\UsuarioController))
 6 SYSTEMPATH\CodeIgniter.php(354): CodeIgniter\CodeIgniter->handleRequest(null, Object(Config\Cache), false)
 7 SYSTEMPATH\Boot.php(334): CodeIgniter\CodeIgniter->run()
 8 SYSTEMPATH\Boot.php(67): CodeIgniter\Boot::runCodeIgniter(Object(CodeIgniter\CodeIgniter))
 9 FCPATH\index.php(56): CodeIgniter\Boot::bootWeb(Object(Config\Paths))
DEBUG - 2025-06-18 16:47:12 --> Session: Class initialized using 'CodeIgniter\Session\Handlers\FileHandler' driver.
DEBUG - 2025-06-18 16:55:43 --> Session: Class initialized using 'CodeIgniter\Session\Handlers\FileHandler' driver.
DEBUG - 2025-06-18 16:55:55 --> Session: Class initialized using 'CodeIgniter\Session\Handlers\FileHandler' driver.
DEBUG - 2025-06-18 16:55:58 --> Session: Class initialized using 'CodeIgniter\Session\Handlers\FileHandler' driver.
DEBUG - 2025-06-18 16:56:09 --> Session: Class initialized using 'CodeIgniter\Session\Handlers\FileHandler' driver.
DEBUG - 2025-06-18 16:56:19 --> Session: Class initialized using 'CodeIgniter\Session\Handlers\FileHandler' driver.
DEBUG - 2025-06-18 17:01:34 --> Session: Class initialized using 'CodeIgniter\Session\Handlers\FileHandler' driver.
DEBUG - 2025-06-18 17:02:03 --> Session: Class initialized using 'CodeIgniter\Session\Handlers\FileHandler' driver.
DEBUG - 2025-06-18 17:02:14 --> Session: Class initialized using 'CodeIgniter\Session\Handlers\FileHandler' driver.
DEBUG - 2025-06-18 17:02:22 --> Session: Class initialized using 'CodeIgniter\Session\Handlers\FileHandler' driver.
DEBUG - 2025-06-18 17:02:25 --> Session: Class initialized using 'CodeIgniter\Session\Handlers\FileHandler' driver.
DEBUG - 2025-06-18 17:02:34 --> Session: Class initialized using 'CodeIgniter\Session\Handlers\FileHandler' driver.
DEBUG - 2025-06-18 17:02:34 --> Session: Class initialized using 'CodeIgniter\Session\Handlers\FileHandler' driver.
DEBUG - 2025-06-18 17:02:44 --> Session: Class initialized using 'CodeIgniter\Session\Handlers\FileHandler' driver.
DEBUG - 2025-06-18 17:02:44 --> Session: Class initialized using 'CodeIgniter\Session\Handlers\FileHandler' driver.
DEBUG - 2025-06-18 17:02:47 --> Session: Class initialized using 'CodeIgniter\Session\Handlers\FileHandler' driver.
DEBUG - 2025-06-18 17:03:00 --> Session: Class initialized using 'CodeIgniter\Session\Handlers\FileHandler' driver.
DEBUG - 2025-06-18 17:03:03 --> Session: Class initialized using 'CodeIgniter\Session\Handlers\FileHandler' driver.
DEBUG - 2025-06-18 17:03:04 --> Session: Class initialized using 'CodeIgniter\Session\Handlers\FileHandler' driver.
WARNING - 2025-06-18 17:03:04 --> [DEPRECATED] Creation of dynamic property App\Controllers\PanelController::$productoModel is deprecated in APPPATH\Controllers\PanelController.php on line 21.
 1 SYSTEMPATH\CodeIgniter.php(903): App\Controllers\PanelController->__construct()
 2 SYSTEMPATH\CodeIgniter.php(498): CodeIgniter\CodeIgniter->createController()
 3 SYSTEMPATH\CodeIgniter.php(354): CodeIgniter\CodeIgniter->handleRequest(null, Object(Config\Cache), false)
 4 SYSTEMPATH\Boot.php(334): CodeIgniter\CodeIgniter->run()
 5 SYSTEMPATH\Boot.php(67): CodeIgniter\Boot::runCodeIgniter(Object(CodeIgniter\CodeIgniter))
 6 FCPATH\index.php(56): CodeIgniter\Boot::bootWeb(Object(Config\Paths))
WARNING - 2025-06-18 17:03:04 --> [DEPRECATED] Creation of dynamic property App\Controllers\PanelController::$usuarioModel is deprecated in APPPATH\Controllers\PanelController.php on line 22.
 1 SYSTEMPATH\CodeIgniter.php(903): App\Controllers\PanelController->__construct()
 2 SYSTEMPATH\CodeIgniter.php(498): CodeIgniter\CodeIgniter->createController()
 3 SYSTEMPATH\CodeIgniter.php(354): CodeIgniter\CodeIgniter->handleRequest(null, Object(Config\Cache), false)
 4 SYSTEMPATH\Boot.php(334): CodeIgniter\CodeIgniter->run()
 5 SYSTEMPATH\Boot.php(67): CodeIgniter\Boot::runCodeIgniter(Object(CodeIgniter\CodeIgniter))
 6 FCPATH\index.php(56): CodeIgniter\Boot::bootWeb(Object(Config\Paths))
DEBUG - 2025-06-18 17:03:06 --> Session: Class initialized using 'CodeIgniter\Session\Handlers\FileHandler' driver.
WARNING - 2025-06-18 17:03:06 --> [DEPRECATED] Creation of dynamic property App\Controllers\PanelController::$productoModel is deprecated in APPPATH\Controllers\PanelController.php on line 21.
 1 SYSTEMPATH\CodeIgniter.php(903): App\Controllers\PanelController->__construct()
 2 SYSTEMPATH\CodeIgniter.php(498): CodeIgniter\CodeIgniter->createController()
 3 SYSTEMPATH\CodeIgniter.php(354): CodeIgniter\CodeIgniter->handleRequest(null, Object(Config\Cache), false)
 4 SYSTEMPATH\Boot.php(334): CodeIgniter\CodeIgniter->run()
 5 SYSTEMPATH\Boot.php(67): CodeIgniter\Boot::runCodeIgniter(Object(CodeIgniter\CodeIgniter))
 6 FCPATH\index.php(56): CodeIgniter\Boot::bootWeb(Object(Config\Paths))
WARNING - 2025-06-18 17:03:06 --> [DEPRECATED] Creation of dynamic property App\Controllers\PanelController::$usuarioModel is deprecated in APPPATH\Controllers\PanelController.php on line 22.
 1 SYSTEMPATH\CodeIgniter.php(903): App\Controllers\PanelController->__construct()
 2 SYSTEMPATH\CodeIgniter.php(498): CodeIgniter\CodeIgniter->createController()
 3 SYSTEMPATH\CodeIgniter.php(354): CodeIgniter\CodeIgniter->handleRequest(null, Object(Config\Cache), false)
 4 SYSTEMPATH\Boot.php(334): CodeIgniter\CodeIgniter->run()
 5 SYSTEMPATH\Boot.php(67): CodeIgniter\Boot::runCodeIgniter(Object(CodeIgniter\CodeIgniter))
 6 FCPATH\index.php(56): CodeIgniter\Boot::bootWeb(Object(Config\Paths))
DEBUG - 2025-06-18 17:03:07 --> Session: Class initialized using 'CodeIgniter\Session\Handlers\FileHandler' driver.
DEBUG - 2025-06-18 17:03:35 --> Session: Class initialized using 'CodeIgniter\Session\Handlers\FileHandler' driver.
DEBUG - 2025-06-18 17:04:34 --> Session: Class initialized using 'CodeIgniter\Session\Handlers\FileHandler' driver.
DEBUG - 2025-06-18 17:05:05 --> Session: Class initialized using 'CodeIgniter\Session\Handlers\FileHandler' driver.
DEBUG - 2025-06-18 17:06:26 --> Session: Class initialized using 'CodeIgniter\Session\Handlers\FileHandler' driver.
DEBUG - 2025-06-18 17:06:35 --> Session: Class initialized using 'CodeIgniter\Session\Handlers\FileHandler' driver.
DEBUG - 2025-06-18 17:06:53 --> Session: Class initialized using 'CodeIgniter\Session\Handlers\FileHandler' driver.
DEBUG - 2025-06-18 17:06:56 --> Session: Class initialized using 'CodeIgniter\Session\Handlers\FileHandler' driver.
DEBUG - 2025-06-18 17:06:59 --> Session: Class initialized using 'CodeIgniter\Session\Handlers\FileHandler' driver.
DEBUG - 2025-06-18 17:06:59 --> Session: Class initialized using 'CodeIgniter\Session\Handlers\FileHandler' driver.
DEBUG - 2025-06-18 17:07:01 --> Session: Class initialized using 'CodeIgniter\Session\Handlers\FileHandler' driver.
DEBUG - 2025-06-18 17:07:04 --> Session: Class initialized using 'CodeIgniter\Session\Handlers\FileHandler' driver.
DEBUG - 2025-06-18 17:07:04 --> Session: Class initialized using 'CodeIgniter\Session\Handlers\FileHandler' driver.
DEBUG - 2025-06-18 17:07:06 --> Session: Class initialized using 'CodeIgniter\Session\Handlers\FileHandler' driver.
DEBUG - 2025-06-18 17:07:09 --> Session: Class initialized using 'CodeIgniter\Session\Handlers\FileHandler' driver.
CRITICAL - 2025-06-18 17:07:09 --> CodeIgniter\View\Exceptions\ViewException: Invalid file: "usuario/editar.php"
[Method: GET, Route: perfil/editar]
in SYSTEMPATH\Exceptions\FrameworkException.php on line 39.
 1 SYSTEMPATH\View\View.php(212): CodeIgniter\Exceptions\FrameworkException::forInvalidFile('usuario/editar.php')
 2 SYSTEMPATH\Common.php(1173): CodeIgniter\View\View->render('usuario/editar', [], true)
 3 APPPATH\Controllers\PerfilController.php(86): view('usuario/editar')
 4 SYSTEMPATH\CodeIgniter.php(933): App\Controllers\PerfilController->editarPerfil()
 5 SYSTEMPATH\CodeIgniter.php(507): CodeIgniter\CodeIgniter->runController(Object(App\Controllers\PerfilController))
 6 SYSTEMPATH\CodeIgniter.php(354): CodeIgniter\CodeIgniter->handleRequest(null, Object(Config\Cache), false)
 7 SYSTEMPATH\Boot.php(334): CodeIgniter\CodeIgniter->run()
 8 SYSTEMPATH\Boot.php(67): CodeIgniter\Boot::runCodeIgniter(Object(CodeIgniter\CodeIgniter))
 9 FCPATH\index.php(56): CodeIgniter\Boot::bootWeb(Object(Config\Paths))
DEBUG - 2025-06-18 17:07:17 --> Session: Class initialized using 'CodeIgniter\Session\Handlers\FileHandler' driver.
CRITICAL - 2025-06-18 17:07:17 --> CodeIgniter\View\Exceptions\ViewException: Invalid file: "usuario/cambiar_password.php"
[Method: GET, Route: perfil/cambiar-password]
in SYSTEMPATH\Exceptions\FrameworkException.php on line 39.
 1 SYSTEMPATH\View\View.php(212): CodeIgniter\Exceptions\FrameworkException::forInvalidFile('usuario/cambiar_password.php')
 2 SYSTEMPATH\Common.php(1173): CodeIgniter\View\View->render('usuario/cambiar_password', [], true)
 3 APPPATH\Controllers\PerfilController.php(172): view('usuario/cambiar_password')
 4 SYSTEMPATH\CodeIgniter.php(933): App\Controllers\PerfilController->cambiarPassword()
 5 SYSTEMPATH\CodeIgniter.php(507): CodeIgniter\CodeIgniter->runController(Object(App\Controllers\PerfilController))
 6 SYSTEMPATH\CodeIgniter.php(354): CodeIgniter\CodeIgniter->handleRequest(null, Object(Config\Cache), false)
 7 SYSTEMPATH\Boot.php(334): CodeIgniter\CodeIgniter->run()
 8 SYSTEMPATH\Boot.php(67): CodeIgniter\Boot::runCodeIgniter(Object(CodeIgniter\CodeIgniter))
 9 FCPATH\index.php(56): CodeIgniter\Boot::bootWeb(Object(Config\Paths))
DEBUG - 2025-06-18 17:07:21 --> Session: Class initialized using 'CodeIgniter\Session\Handlers\FileHandler' driver.
DEBUG - 2025-06-18 17:08:33 --> Session: Class initialized using 'CodeIgniter\Session\Handlers\FileHandler' driver.
DEBUG - 2025-06-18 17:08:39 --> Session: Class initialized using 'CodeIgniter\Session\Handlers\FileHandler' driver.
DEBUG - 2025-06-18 17:08:47 --> Session: Class initialized using 'CodeIgniter\Session\Handlers\FileHandler' driver.
DEBUG - 2025-06-18 17:09:33 --> Session: Class initialized using 'CodeIgniter\Session\Handlers\FileHandler' driver.
CRITICAL - 2025-06-18 17:09:33 --> CodeIgniter\View\Exceptions\ViewException: Invalid file: "usuario/perfil.php"
[Method: GET, Route: perfil]
in SYSTEMPATH\Exceptions\FrameworkException.php on line 39.
 1 SYSTEMPATH\View\View.php(212): CodeIgniter\Exceptions\FrameworkException::forInvalidFile('usuario/perfil.php')
 2 SYSTEMPATH\Common.php(1173): CodeIgniter\View\View->render('usuario/perfil', [], true)
 3 APPPATH\Controllers\PerfilController.php(68): view('usuario/perfil')
 4 SYSTEMPATH\CodeIgniter.php(933): App\Controllers\PerfilController->index()
 5 SYSTEMPATH\CodeIgniter.php(507): CodeIgniter\CodeIgniter->runController(Object(App\Controllers\PerfilController))
 6 SYSTEMPATH\CodeIgniter.php(354): CodeIgniter\CodeIgniter->handleRequest(null, Object(Config\Cache), false)
 7 SYSTEMPATH\Boot.php(334): CodeIgniter\CodeIgniter->run()
 8 SYSTEMPATH\Boot.php(67): CodeIgniter\Boot::runCodeIgniter(Object(CodeIgniter\CodeIgniter))
 9 FCPATH\index.php(56): CodeIgniter\Boot::bootWeb(Object(Config\Paths))
DEBUG - 2025-06-18 17:10:28 --> Session: Class initialized using 'CodeIgniter\Session\Handlers\FileHandler' driver.
DEBUG - 2025-06-18 17:10:31 --> Session: Class initialized using 'CodeIgniter\Session\Handlers\FileHandler' driver.
CRITICAL - 2025-06-18 17:10:31 --> CodeIgniter\View\Exceptions\ViewException: Invalid file: "usuario/pedidos.php"
[Method: GET, Route: perfil/pedidos]
in SYSTEMPATH\Exceptions\FrameworkException.php on line 39.
 1 SYSTEMPATH\View\View.php(212): CodeIgniter\Exceptions\FrameworkException::forInvalidFile('usuario/pedidos.php')
 2 SYSTEMPATH\Common.php(1173): CodeIgniter\View\View->render('usuario/pedidos', [], true)
 3 APPPATH\Controllers\PerfilController.php(245): view('usuario/pedidos')
 4 SYSTEMPATH\CodeIgniter.php(933): App\Controllers\PerfilController->misPedidos()
 5 SYSTEMPATH\CodeIgniter.php(507): CodeIgniter\CodeIgniter->runController(Object(App\Controllers\PerfilController))
 6 SYSTEMPATH\CodeIgniter.php(354): CodeIgniter\CodeIgniter->handleRequest(null, Object(Config\Cache), false)
 7 SYSTEMPATH\Boot.php(334): CodeIgniter\CodeIgniter->run()
 8 SYSTEMPATH\Boot.php(67): CodeIgniter\Boot::runCodeIgniter(Object(CodeIgniter\CodeIgniter))
 9 FCPATH\index.php(56): CodeIgniter\Boot::bootWeb(Object(Config\Paths))
DEBUG - 2025-06-18 17:10:38 --> Session: Class initialized using 'CodeIgniter\Session\Handlers\FileHandler' driver.
DEBUG - 2025-06-18 17:11:10 --> Session: Class initialized using 'CodeIgniter\Session\Handlers\FileHandler' driver.
DEBUG - 2025-06-18 17:11:20 --> Session: Class initialized using 'CodeIgniter\Session\Handlers\FileHandler' driver.
DEBUG - 2025-06-18 17:11:45 --> Session: Class initialized using 'CodeIgniter\Session\Handlers\FileHandler' driver.
DEBUG - 2025-06-18 17:11:48 --> Session: Class initialized using 'CodeIgniter\Session\Handlers\FileHandler' driver.
DEBUG - 2025-06-18 17:11:54 --> Session: Class initialized using 'CodeIgniter\Session\Handlers\FileHandler' driver.
CRITICAL - 2025-06-18 17:11:55 --> CodeIgniter\View\Exceptions\ViewException: Invalid file: "usuario/editar.php"
[Method: GET, Route: perfil/editar]
in SYSTEMPATH\Exceptions\FrameworkException.php on line 39.
 1 SYSTEMPATH\View\View.php(212): CodeIgniter\Exceptions\FrameworkException::forInvalidFile('usuario/editar.php')
 2 SYSTEMPATH\Common.php(1173): CodeIgniter\View\View->render('usuario/editar', [], true)
 3 APPPATH\Controllers\PerfilController.php(86): view('usuario/editar')
 4 SYSTEMPATH\CodeIgniter.php(933): App\Controllers\PerfilController->editarPerfil()
 5 SYSTEMPATH\CodeIgniter.php(507): CodeIgniter\CodeIgniter->runController(Object(App\Controllers\PerfilController))
 6 SYSTEMPATH\CodeIgniter.php(354): CodeIgniter\CodeIgniter->handleRequest(null, Object(Config\Cache), false)
 7 SYSTEMPATH\Boot.php(334): CodeIgniter\CodeIgniter->run()
 8 SYSTEMPATH\Boot.php(67): CodeIgniter\Boot::runCodeIgniter(Object(CodeIgniter\CodeIgniter))
 9 FCPATH\index.php(56): CodeIgniter\Boot::bootWeb(Object(Config\Paths))
DEBUG - 2025-06-18 17:12:06 --> Session: Class initialized using 'CodeIgniter\Session\Handlers\FileHandler' driver.
DEBUG - 2025-06-18 17:12:10 --> Session: Class initialized using 'CodeIgniter\Session\Handlers\FileHandler' driver.
DEBUG - 2025-06-18 17:12:13 --> Session: Class initialized using 'CodeIgniter\Session\Handlers\FileHandler' driver.
DEBUG - 2025-06-18 17:12:43 --> Session: Class initialized using 'CodeIgniter\Session\Handlers\FileHandler' driver.
DEBUG - 2025-06-18 17:12:43 --> Session: Class initialized using 'CodeIgniter\Session\Handlers\FileHandler' driver.
DEBUG - 2025-06-18 17:12:46 --> Session: Class initialized using 'CodeIgniter\Session\Handlers\FileHandler' driver.
DEBUG - 2025-06-18 17:12:47 --> Session: Class initialized using 'CodeIgniter\Session\Handlers\FileHandler' driver.
DEBUG - 2025-06-18 17:12:49 --> Session: Class initialized using 'CodeIgniter\Session\Handlers\FileHandler' driver.
DEBUG - 2025-06-18 17:13:54 --> Session: Class initialized using 'CodeIgniter\Session\Handlers\FileHandler' driver.
DEBUG - 2025-06-18 17:14:11 --> Session: Class initialized using 'CodeIgniter\Session\Handlers\FileHandler' driver.
DEBUG - 2025-06-18 17:14:14 --> Session: Class initialized using 'CodeIgniter\Session\Handlers\FileHandler' driver.
DEBUG - 2025-06-18 17:14:24 --> Session: Class initialized using 'CodeIgniter\Session\Handlers\FileHandler' driver.
DEBUG - 2025-06-18 17:14:36 --> Session: Class initialized using 'CodeIgniter\Session\Handlers\FileHandler' driver.
DEBUG - 2025-06-18 17:14:38 --> Session: Class initialized using 'CodeIgniter\Session\Handlers\FileHandler' driver.
DEBUG - 2025-06-18 17:14:42 --> Session: Class initialized using 'CodeIgniter\Session\Handlers\FileHandler' driver.
DEBUG - 2025-06-18 17:14:45 --> Session: Class initialized using 'CodeIgniter\Session\Handlers\FileHandler' driver.
DEBUG - 2025-06-18 17:15:01 --> Session: Class initialized using 'CodeIgniter\Session\Handlers\FileHandler' driver.
DEBUG - 2025-06-18 17:15:25 --> Session: Class initialized using 'CodeIgniter\Session\Handlers\FileHandler' driver.
DEBUG - 2025-06-18 17:15:32 --> Session: Class initialized using 'CodeIgniter\Session\Handlers\FileHandler' driver.
DEBUG - 2025-06-18 17:15:35 --> Session: Class initialized using 'CodeIgniter\Session\Handlers\FileHandler' driver.
CRITICAL - 2025-06-18 17:15:35 --> CodeIgniter\View\Exceptions\ViewException: Invalid file: "usuario/cambiar_password.php"
[Method: GET, Route: perfil/cambiar-password]
in SYSTEMPATH\Exceptions\FrameworkException.php on line 39.
 1 SYSTEMPATH\View\View.php(212): CodeIgniter\Exceptions\FrameworkException::forInvalidFile('usuario/cambiar_password.php')
 2 SYSTEMPATH\Common.php(1173): CodeIgniter\View\View->render('usuario/cambiar_password', [], true)
 3 APPPATH\Controllers\PerfilController.php(172): view('usuario/cambiar_password')
 4 SYSTEMPATH\CodeIgniter.php(933): App\Controllers\PerfilController->cambiarPassword()
 5 SYSTEMPATH\CodeIgniter.php(507): CodeIgniter\CodeIgniter->runController(Object(App\Controllers\PerfilController))
 6 SYSTEMPATH\CodeIgniter.php(354): CodeIgniter\CodeIgniter->handleRequest(null, Object(Config\Cache), false)
 7 SYSTEMPATH\Boot.php(334): CodeIgniter\CodeIgniter->run()
 8 SYSTEMPATH\Boot.php(67): CodeIgniter\Boot::runCodeIgniter(Object(CodeIgniter\CodeIgniter))
 9 FCPATH\index.php(56): CodeIgniter\Boot::bootWeb(Object(Config\Paths))
DEBUG - 2025-06-18 17:16:33 --> Session: Class initialized using 'CodeIgniter\Session\Handlers\FileHandler' driver.
DEBUG - 2025-06-18 17:16:39 --> Session: Class initialized using 'CodeIgniter\Session\Handlers\FileHandler' driver.
DEBUG - 2025-06-18 17:16:45 --> Session: Class initialized using 'CodeIgniter\Session\Handlers\FileHandler' driver.
CRITICAL - 2025-06-18 17:16:45 --> CodeIgniter\View\Exceptions\ViewException: Invalid file: "usuario/detalle_pedido.php"
[Method: GET, Route: perfil/pedidos/18]
in SYSTEMPATH\Exceptions\FrameworkException.php on line 39.
 1 SYSTEMPATH\View\View.php(212): CodeIgniter\Exceptions\FrameworkException::forInvalidFile('usuario/detalle_pedido.php')
 2 SYSTEMPATH\Common.php(1173): CodeIgniter\View\View->render('usuario/detalle_pedido', [], true)
 3 APPPATH\Controllers\PerfilController.php(285): view('usuario/detalle_pedido')
 4 SYSTEMPATH\CodeIgniter.php(933): App\Controllers\PerfilController->detallePedido('18')
 5 SYSTEMPATH\CodeIgniter.php(507): CodeIgniter\CodeIgniter->runController(Object(App\Controllers\PerfilController))
 6 SYSTEMPATH\CodeIgniter.php(354): CodeIgniter\CodeIgniter->handleRequest(null, Object(Config\Cache), false)
 7 SYSTEMPATH\Boot.php(334): CodeIgniter\CodeIgniter->run()
 8 SYSTEMPATH\Boot.php(67): CodeIgniter\Boot::runCodeIgniter(Object(CodeIgniter\CodeIgniter))
 9 FCPATH\index.php(56): CodeIgniter\Boot::bootWeb(Object(Config\Paths))
DEBUG - 2025-06-18 17:17:22 --> Session: Class initialized using 'CodeIgniter\Session\Handlers\FileHandler' driver.
DEBUG - 2025-06-18 17:17:26 --> Session: Class initialized using 'CodeIgniter\Session\Handlers\FileHandler' driver.
DEBUG - 2025-06-18 17:17:28 --> Session: Class initialized using 'CodeIgniter\Session\Handlers\FileHandler' driver.
CRITICAL - 2025-06-18 17:17:28 --> CodeIgniter\View\Exceptions\ViewException: Invalid file: "usuario/detalle_pedido.php"
[Method: GET, Route: perfil/pedidos/18]
in SYSTEMPATH\Exceptions\FrameworkException.php on line 39.
 1 SYSTEMPATH\View\View.php(212): CodeIgniter\Exceptions\FrameworkException::forInvalidFile('usuario/detalle_pedido.php')
 2 SYSTEMPATH\Common.php(1173): CodeIgniter\View\View->render('usuario/detalle_pedido', [], true)
 3 APPPATH\Controllers\PerfilController.php(285): view('usuario/detalle_pedido')
 4 SYSTEMPATH\CodeIgniter.php(933): App\Controllers\PerfilController->detallePedido('18')
 5 SYSTEMPATH\CodeIgniter.php(507): CodeIgniter\CodeIgniter->runController(Object(App\Controllers\PerfilController))
 6 SYSTEMPATH\CodeIgniter.php(354): CodeIgniter\CodeIgniter->handleRequest(null, Object(Config\Cache), false)
 7 SYSTEMPATH\Boot.php(334): CodeIgniter\CodeIgniter->run()
 8 SYSTEMPATH\Boot.php(67): CodeIgniter\Boot::runCodeIgniter(Object(CodeIgniter\CodeIgniter))
 9 FCPATH\index.php(56): CodeIgniter\Boot::bootWeb(Object(Config\Paths))
DEBUG - 2025-06-18 17:17:31 --> Session: Class initialized using 'CodeIgniter\Session\Handlers\FileHandler' driver.
DEBUG - 2025-06-18 17:17:33 --> Session: Class initialized using 'CodeIgniter\Session\Handlers\FileHandler' driver.
DEBUG - 2025-06-18 17:17:44 --> Session: Class initialized using 'CodeIgniter\Session\Handlers\FileHandler' driver.
CRITICAL - 2025-06-18 17:17:44 --> CodeIgniter\View\Exceptions\ViewException: Invalid file: "usuario/factura.php"
[Method: GET, Route: perfil/factura/10]
in SYSTEMPATH\Exceptions\FrameworkException.php on line 39.
 1 SYSTEMPATH\View\View.php(212): CodeIgniter\Exceptions\FrameworkException::forInvalidFile('usuario/factura.php')
 2 SYSTEMPATH\Common.php(1173): CodeIgniter\View\View->render('usuario/factura', [], true)
 3 APPPATH\Controllers\PerfilController.php(320): view('usuario/factura')
 4 SYSTEMPATH\CodeIgniter.php(933): App\Controllers\PerfilController->factura('10')
 5 SYSTEMPATH\CodeIgniter.php(507): CodeIgniter\CodeIgniter->runController(Object(App\Controllers\PerfilController))
 6 SYSTEMPATH\CodeIgniter.php(354): CodeIgniter\CodeIgniter->handleRequest(null, Object(Config\Cache), false)
 7 SYSTEMPATH\Boot.php(334): CodeIgniter\CodeIgniter->run()
 8 SYSTEMPATH\Boot.php(67): CodeIgniter\Boot::runCodeIgniter(Object(CodeIgniter\CodeIgniter))
 9 FCPATH\index.php(56): CodeIgniter\Boot::bootWeb(Object(Config\Paths))
DEBUG - 2025-06-18 17:20:00 --> Session: Class initialized using 'CodeIgniter\Session\Handlers\FileHandler' driver.
DEBUG - 2025-06-18 17:20:07 --> Session: Class initialized using 'CodeIgniter\Session\Handlers\FileHandler' driver.
DEBUG - 2025-06-18 17:20:11 --> Session: Class initialized using 'CodeIgniter\Session\Handlers\FileHandler' driver.
DEBUG - 2025-06-18 17:20:14 --> Session: Class initialized using 'CodeIgniter\Session\Handlers\FileHandler' driver.
DEBUG - 2025-06-18 17:20:16 --> Session: Class initialized using 'CodeIgniter\Session\Handlers\FileHandler' driver.
DEBUG - 2025-06-18 17:20:18 --> Session: Class initialized using 'CodeIgniter\Session\Handlers\FileHandler' driver.
DEBUG - 2025-06-18 17:20:20 --> Session: Class initialized using 'CodeIgniter\Session\Handlers\FileHandler' driver.
DEBUG - 2025-06-18 17:20:22 --> Session: Class initialized using 'CodeIgniter\Session\Handlers\FileHandler' driver.
DEBUG - 2025-06-18 17:20:29 --> Session: Class initialized using 'CodeIgniter\Session\Handlers\FileHandler' driver.
DEBUG - 2025-06-18 17:20:31 --> Session: Class initialized using 'CodeIgniter\Session\Handlers\FileHandler' driver.
DEBUG - 2025-06-18 17:20:35 --> Session: Class initialized using 'CodeIgniter\Session\Handlers\FileHandler' driver.
DEBUG - 2025-06-18 17:20:35 --> Session: Class initialized using 'CodeIgniter\Session\Handlers\FileHandler' driver.
DEBUG - 2025-06-18 17:20:37 --> Session: Class initialized using 'CodeIgniter\Session\Handlers\FileHandler' driver.
DEBUG - 2025-06-18 17:20:38 --> Session: Class initialized using 'CodeIgniter\Session\Handlers\FileHandler' driver.
DEBUG - 2025-06-18 17:20:45 --> Session: Class initialized using 'CodeIgniter\Session\Handlers\FileHandler' driver.
DEBUG - 2025-06-18 17:21:01 --> Session: Class initialized using 'CodeIgniter\Session\Handlers\FileHandler' driver.
DEBUG - 2025-06-18 17:21:10 --> Session: Class initialized using 'CodeIgniter\Session\Handlers\FileHandler' driver.
DEBUG - 2025-06-18 17:23:11 --> Session: Class initialized using 'CodeIgniter\Session\Handlers\FileHandler' driver.
DEBUG - 2025-06-18 17:23:28 --> Session: Class initialized using 'CodeIgniter\Session\Handlers\FileHandler' driver.
DEBUG - 2025-06-18 17:23:58 --> Session: Class initialized using 'CodeIgniter\Session\Handlers\FileHandler' driver.
DEBUG - 2025-06-18 17:24:03 --> Session: Class initialized using 'CodeIgniter\Session\Handlers\FileHandler' driver.
DEBUG - 2025-06-18 17:24:05 --> Session: Class initialized using 'CodeIgniter\Session\Handlers\FileHandler' driver.
DEBUG - 2025-06-18 17:24:09 --> Session: Class initialized using 'CodeIgniter\Session\Handlers\FileHandler' driver.
DEBUG - 2025-06-18 17:24:11 --> Session: Class initialized using 'CodeIgniter\Session\Handlers\FileHandler' driver.
DEBUG - 2025-06-18 17:24:54 --> Session: Class initialized using 'CodeIgniter\Session\Handlers\FileHandler' driver.
CRITICAL - 2025-06-18 17:24:54 --> CodeIgniter\View\Exceptions\ViewException: Invalid file: "usuario/resenas.php"
[Method: GET, Route: perfil/resenas]
in SYSTEMPATH\Exceptions\FrameworkException.php on line 39.
 1 SYSTEMPATH\View\View.php(212): CodeIgniter\Exceptions\FrameworkException::forInvalidFile('usuario/resenas.php')
 2 SYSTEMPATH\Common.php(1173): CodeIgniter\View\View->render('usuario/resenas', [], true)
 3 APPPATH\Controllers\PerfilController.php(617): view('usuario/resenas')
 4 SYSTEMPATH\CodeIgniter.php(933): App\Controllers\PerfilController->misResenas()
 5 SYSTEMPATH\CodeIgniter.php(507): CodeIgniter\CodeIgniter->runController(Object(App\Controllers\PerfilController))
 6 SYSTEMPATH\CodeIgniter.php(354): CodeIgniter\CodeIgniter->handleRequest(null, Object(Config\Cache), false)
 7 SYSTEMPATH\Boot.php(334): CodeIgniter\CodeIgniter->run()
 8 SYSTEMPATH\Boot.php(67): CodeIgniter\Boot::runCodeIgniter(Object(CodeIgniter\CodeIgniter))
 9 FCPATH\index.php(56): CodeIgniter\Boot::bootWeb(Object(Config\Paths))
DEBUG - 2025-06-18 17:25:30 --> Session: Class initialized using 'CodeIgniter\Session\Handlers\FileHandler' driver.
CRITICAL - 2025-06-18 17:25:31 --> ErrorException: Undefined array key "nombre_producto"
[Method: GET, Route: perfil/resenas]
in APPPATH\Views\usuario\resenas\listar.php on line 28.
 1 APPPATH\Views\usuario\resenas\listar.php(28): CodeIgniter\Debug\Exceptions->errorHandler(2, 'Undefined array key "nombre_producto"', 'C:\\xampp\\htdocs\\proyecto_benitez_lopez\\app\\Views\\usuario\\resenas\\listar.php', 28)
 2 SYSTEMPATH\View\View.php(224): include('C:\\xampp\\htdocs\\proyecto_benitez_lopez\\app\\Views\\usuario\\resenas\\listar.php')
 3 SYSTEMPATH\View\View.php(227): CodeIgniter\View\View->CodeIgniter\View\{closure}()
 4 SYSTEMPATH\Common.php(1173): CodeIgniter\View\View->render('usuario/resenas/listar', [], true)
 5 APPPATH\Controllers\PerfilController.php(617): view('usuario/resenas/listar')
 6 SYSTEMPATH\CodeIgniter.php(933): App\Controllers\PerfilController->misResenas()
 7 SYSTEMPATH\CodeIgniter.php(507): CodeIgniter\CodeIgniter->runController(Object(App\Controllers\PerfilController))
 8 SYSTEMPATH\CodeIgniter.php(354): CodeIgniter\CodeIgniter->handleRequest(null, Object(Config\Cache), false)
 9 SYSTEMPATH\Boot.php(334): CodeIgniter\CodeIgniter->run()
10 SYSTEMPATH\Boot.php(67): CodeIgniter\Boot::runCodeIgniter(Object(CodeIgniter\CodeIgniter))
11 FCPATH\index.php(56): CodeIgniter\Boot::bootWeb(Object(Config\Paths))
DEBUG - 2025-06-18 17:27:16 --> Session: Class initialized using 'CodeIgniter\Session\Handlers\FileHandler' driver.
CRITICAL - 2025-06-18 17:27:16 --> ErrorException: Undefined array key "puntuacion"
[Method: GET, Route: perfil/resenas]
in APPPATH\Views\usuario\resenas\listar.php on line 31.
 1 APPPATH\Views\usuario\resenas\listar.php(31): CodeIgniter\Debug\Exceptions->errorHandler(2, 'Undefined array key "puntuacion"', 'C:\\xampp\\htdocs\\proyecto_benitez_lopez\\app\\Views\\usuario\\resenas\\listar.php', 31)
 2 SYSTEMPATH\View\View.php(224): include('C:\\xampp\\htdocs\\proyecto_benitez_lopez\\app\\Views\\usuario\\resenas\\listar.php')
 3 SYSTEMPATH\View\View.php(227): CodeIgniter\View\View->CodeIgniter\View\{closure}()
 4 SYSTEMPATH\Common.php(1173): CodeIgniter\View\View->render('usuario/resenas/listar', [], true)
 5 APPPATH\Controllers\PerfilController.php(617): view('usuario/resenas/listar')
 6 SYSTEMPATH\CodeIgniter.php(933): App\Controllers\PerfilController->misResenas()
 7 SYSTEMPATH\CodeIgniter.php(507): CodeIgniter\CodeIgniter->runController(Object(App\Controllers\PerfilController))
 8 SYSTEMPATH\CodeIgniter.php(354): CodeIgniter\CodeIgniter->handleRequest(null, Object(Config\Cache), false)
 9 SYSTEMPATH\Boot.php(334): CodeIgniter\CodeIgniter->run()
10 SYSTEMPATH\Boot.php(67): CodeIgniter\Boot::runCodeIgniter(Object(CodeIgniter\CodeIgniter))
11 FCPATH\index.php(56): CodeIgniter\Boot::bootWeb(Object(Config\Paths))
DEBUG - 2025-06-18 17:27:16 --> Session: Class initialized using 'CodeIgniter\Session\Handlers\FileHandler' driver.
CRITICAL - 2025-06-18 17:27:16 --> ErrorException: Undefined array key "puntuacion"
[Method: GET, Route: perfil/resenas]
in APPPATH\Views\usuario\resenas\listar.php on line 31.
 1 APPPATH\Views\usuario\resenas\listar.php(31): CodeIgniter\Debug\Exceptions->errorHandler(2, 'Undefined array key "puntuacion"', 'C:\\xampp\\htdocs\\proyecto_benitez_lopez\\app\\Views\\usuario\\resenas\\listar.php', 31)
 2 SYSTEMPATH\View\View.php(224): include('C:\\xampp\\htdocs\\proyecto_benitez_lopez\\app\\Views\\usuario\\resenas\\listar.php')
 3 SYSTEMPATH\View\View.php(227): CodeIgniter\View\View->CodeIgniter\View\{closure}()
 4 SYSTEMPATH\Common.php(1173): CodeIgniter\View\View->render('usuario/resenas/listar', [], true)
 5 APPPATH\Controllers\PerfilController.php(617): view('usuario/resenas/listar')
 6 SYSTEMPATH\CodeIgniter.php(933): App\Controllers\PerfilController->misResenas()
 7 SYSTEMPATH\CodeIgniter.php(507): CodeIgniter\CodeIgniter->runController(Object(App\Controllers\PerfilController))
 8 SYSTEMPATH\CodeIgniter.php(354): CodeIgniter\CodeIgniter->handleRequest(null, Object(Config\Cache), false)
 9 SYSTEMPATH\Boot.php(334): CodeIgniter\CodeIgniter->run()
10 SYSTEMPATH\Boot.php(67): CodeIgniter\Boot::runCodeIgniter(Object(CodeIgniter\CodeIgniter))
11 FCPATH\index.php(56): CodeIgniter\Boot::bootWeb(Object(Config\Paths))
DEBUG - 2025-06-18 17:36:04 --> Session: Class initialized using 'CodeIgniter\Session\Handlers\FileHandler' driver.
DEBUG - 2025-06-18 17:36:07 --> Session: Class initialized using 'CodeIgniter\Session\Handlers\FileHandler' driver.
DEBUG - 2025-06-18 17:36:09 --> Session: Class initialized using 'CodeIgniter\Session\Handlers\FileHandler' driver.
DEBUG - 2025-06-18 17:36:12 --> Session: Class initialized using 'CodeIgniter\Session\Handlers\FileHandler' driver.
DEBUG - 2025-06-18 17:36:27 --> Session: Class initialized using 'CodeIgniter\Session\Handlers\FileHandler' driver.
DEBUG - 2025-06-18 17:36:32 --> Session: Class initialized using 'CodeIgniter\Session\Handlers\FileHandler' driver.
DEBUG - 2025-06-18 17:38:36 --> Session: Class initialized using 'CodeIgniter\Session\Handlers\FileHandler' driver.
DEBUG - 2025-06-18 17:47:53 --> Session: Class initialized using 'CodeIgniter\Session\Handlers\FileHandler' driver.
DEBUG - 2025-06-18 17:47:55 --> Session: Class initialized using 'CodeIgniter\Session\Handlers\FileHandler' driver.
DEBUG - 2025-06-18 17:47:59 --> Session: Class initialized using 'CodeIgniter\Session\Handlers\FileHandler' driver.
CRITICAL - 2025-06-18 17:47:59 --> ErrorException: Undefined variable $venta
[Method: GET, Route: checkout]
in APPPATH\Views\checkout\resumen_pedido.php on line 13.
 1 APPPATH\Views\checkout\resumen_pedido.php(13): CodeIgniter\Debug\Exceptions->errorHandler(2, 'Undefined variable $venta', 'C:\\xampp\\htdocs\\proyecto_benitez_lopez\\app\\Views\\checkout\\resumen_pedido.php', 13)
 2 SYSTEMPATH\View\View.php(224): include('C:\\xampp\\htdocs\\proyecto_benitez_lopez\\app\\Views\\checkout\\resumen_pedido.php')
 3 SYSTEMPATH\View\View.php(227): CodeIgniter\View\View->CodeIgniter\View\{closure}()
 4 SYSTEMPATH\Common.php(1173): CodeIgniter\View\View->render('checkout/resumen_pedido', [], true)
 5 APPPATH\Views\checkout\direccion_envio.php(101): view('checkout/resumen_pedido', [...])
 6 SYSTEMPATH\View\View.php(224): include('C:\\xampp\\htdocs\\proyecto_benitez_lopez\\app\\Views\\checkout\\direccion_envio.php')
 7 SYSTEMPATH\View\View.php(227): CodeIgniter\View\View->CodeIgniter\View\{closure}()
 8 SYSTEMPATH\Common.php(1173): CodeIgniter\View\View->render('checkout/direccion_envio', [], true)
 9 APPPATH\Controllers\CheckoutController.php(105): view('checkout/direccion_envio', [...])
10 SYSTEMPATH\CodeIgniter.php(933): App\Controllers\CheckoutController->direccionEnvio()
11 SYSTEMPATH\CodeIgniter.php(507): CodeIgniter\CodeIgniter->runController(Object(App\Controllers\CheckoutController))
12 SYSTEMPATH\CodeIgniter.php(354): CodeIgniter\CodeIgniter->handleRequest(null, Object(Config\Cache), false)
13 SYSTEMPATH\Boot.php(334): CodeIgniter\CodeIgniter->run()
14 SYSTEMPATH\Boot.php(67): CodeIgniter\Boot::runCodeIgniter(Object(CodeIgniter\CodeIgniter))
15 FCPATH\index.php(56): CodeIgniter\Boot::bootWeb(Object(Config\Paths))
DEBUG - 2025-06-18 17:48:04 --> Session: Class initialized using 'CodeIgniter\Session\Handlers\FileHandler' driver.
DEBUG - 2025-06-18 17:48:08 --> Session: Class initialized using 'CodeIgniter\Session\Handlers\FileHandler' driver.
DEBUG - 2025-06-18 17:48:11 --> Session: Class initialized using 'CodeIgniter\Session\Handlers\FileHandler' driver.
DEBUG - 2025-06-18 17:48:13 --> Session: Class initialized using 'CodeIgniter\Session\Handlers\FileHandler' driver.
DEBUG - 2025-06-18 17:50:24 --> Session: Class initialized using 'CodeIgniter\Session\Handlers\FileHandler' driver.
DEBUG - 2025-06-18 17:50:27 --> Session: Class initialized using 'CodeIgniter\Session\Handlers\FileHandler' driver.
DEBUG - 2025-06-18 17:50:27 --> Session: Class initialized using 'CodeIgniter\Session\Handlers\FileHandler' driver.
DEBUG - 2025-06-18 17:50:30 --> Session: Class initialized using 'CodeIgniter\Session\Handlers\FileHandler' driver.
DEBUG - 2025-06-18 17:50:31 --> Session: Class initialized using 'CodeIgniter\Session\Handlers\FileHandler' driver.
DEBUG - 2025-06-18 17:50:33 --> Session: Class initialized using 'CodeIgniter\Session\Handlers\FileHandler' driver.
DEBUG - 2025-06-18 17:50:36 --> Session: Class initialized using 'CodeIgniter\Session\Handlers\FileHandler' driver.
DEBUG - 2025-06-18 17:50:38 --> Session: Class initialized using 'CodeIgniter\Session\Handlers\FileHandler' driver.
DEBUG - 2025-06-18 17:50:38 --> Session: Class initialized using 'CodeIgniter\Session\Handlers\FileHandler' driver.
DEBUG - 2025-06-18 17:50:40 --> Session: Class initialized using 'CodeIgniter\Session\Handlers\FileHandler' driver.
DEBUG - 2025-06-18 17:50:42 --> Session: Class initialized using 'CodeIgniter\Session\Handlers\FileHandler' driver.
DEBUG - 2025-06-18 17:50:48 --> Session: Class initialized using 'CodeIgniter\Session\Handlers\FileHandler' driver.
DEBUG - 2025-06-18 17:50:49 --> Session: Class initialized using 'CodeIgniter\Session\Handlers\FileHandler' driver.
DEBUG - 2025-06-18 17:50:56 --> Session: Class initialized using 'CodeIgniter\Session\Handlers\FileHandler' driver.
DEBUG - 2025-06-18 17:51:00 --> Session: Class initialized using 'CodeIgniter\Session\Handlers\FileHandler' driver.
DEBUG - 2025-06-18 17:51:05 --> Session: Class initialized using 'CodeIgniter\Session\Handlers\FileHandler' driver.
DEBUG - 2025-06-18 17:51:05 --> Session: Class initialized using 'CodeIgniter\Session\Handlers\FileHandler' driver.
DEBUG - 2025-06-18 17:53:19 --> Session: Class initialized using 'CodeIgniter\Session\Handlers\FileHandler' driver.
DEBUG - 2025-06-18 17:53:22 --> Session: Class initialized using 'CodeIgniter\Session\Handlers\FileHandler' driver.
DEBUG - 2025-06-18 17:53:23 --> Session: Class initialized using 'CodeIgniter\Session\Handlers\FileHandler' driver.
DEBUG - 2025-06-18 17:53:27 --> Session: Class initialized using 'CodeIgniter\Session\Handlers\FileHandler' driver.
DEBUG - 2025-06-18 17:53:27 --> Session: Class initialized using 'CodeIgniter\Session\Handlers\FileHandler' driver.
DEBUG - 2025-06-18 17:53:29 --> Session: Class initialized using 'CodeIgniter\Session\Handlers\FileHandler' driver.
DEBUG - 2025-06-18 17:53:30 --> Session: Class initialized using 'CodeIgniter\Session\Handlers\FileHandler' driver.
DEBUG - 2025-06-18 17:53:31 --> Session: Class initialized using 'CodeIgniter\Session\Handlers\FileHandler' driver.
DEBUG - 2025-06-18 17:53:32 --> Session: Class initialized using 'CodeIgniter\Session\Handlers\FileHandler' driver.
DEBUG - 2025-06-18 17:53:33 --> Session: Class initialized using 'CodeIgniter\Session\Handlers\FileHandler' driver.
DEBUG - 2025-06-18 17:53:33 --> Session: Class initialized using 'CodeIgniter\Session\Handlers\FileHandler' driver.
DEBUG - 2025-06-18 17:53:35 --> Session: Class initialized using 'CodeIgniter\Session\Handlers\FileHandler' driver.
DEBUG - 2025-06-18 17:53:35 --> Session: Class initialized using 'CodeIgniter\Session\Handlers\FileHandler' driver.
DEBUG - 2025-06-18 17:53:38 --> Session: Class initialized using 'CodeIgniter\Session\Handlers\FileHandler' driver.
DEBUG - 2025-06-18 17:53:42 --> Session: Class initialized using 'CodeIgniter\Session\Handlers\FileHandler' driver.
DEBUG - 2025-06-18 17:53:42 --> Session: Class initialized using 'CodeIgniter\Session\Handlers\FileHandler' driver.
DEBUG - 2025-06-18 17:53:44 --> Session: Class initialized using 'CodeIgniter\Session\Handlers\FileHandler' driver.
CRITICAL - 2025-06-18 17:53:44 --> ErrorException: Undefined variable $venta
[Method: GET, Route: checkout]
in APPPATH\Views\checkout\resumen_pedido.php on line 13.
 1 APPPATH\Views\checkout\resumen_pedido.php(13): CodeIgniter\Debug\Exceptions->errorHandler(2, 'Undefined variable $venta', 'C:\\xampp\\htdocs\\proyecto_benitez_lopez\\app\\Views\\checkout\\resumen_pedido.php', 13)
 2 SYSTEMPATH\View\View.php(224): include('C:\\xampp\\htdocs\\proyecto_benitez_lopez\\app\\Views\\checkout\\resumen_pedido.php')
 3 SYSTEMPATH\View\View.php(227): CodeIgniter\View\View->CodeIgniter\View\{closure}()
 4 SYSTEMPATH\Common.php(1173): CodeIgniter\View\View->render('checkout/resumen_pedido', [], true)
 5 APPPATH\Views\checkout\direccion_envio.php(101): view('checkout/resumen_pedido', [...])
 6 SYSTEMPATH\View\View.php(224): include('C:\\xampp\\htdocs\\proyecto_benitez_lopez\\app\\Views\\checkout\\direccion_envio.php')
 7 SYSTEMPATH\View\View.php(227): CodeIgniter\View\View->CodeIgniter\View\{closure}()
 8 SYSTEMPATH\Common.php(1173): CodeIgniter\View\View->render('checkout/direccion_envio', [], true)
 9 APPPATH\Controllers\CheckoutController.php(105): view('checkout/direccion_envio', [...])
10 SYSTEMPATH\CodeIgniter.php(933): App\Controllers\CheckoutController->direccionEnvio()
11 SYSTEMPATH\CodeIgniter.php(507): CodeIgniter\CodeIgniter->runController(Object(App\Controllers\CheckoutController))
12 SYSTEMPATH\CodeIgniter.php(354): CodeIgniter\CodeIgniter->handleRequest(null, Object(Config\Cache), false)
13 SYSTEMPATH\Boot.php(334): CodeIgniter\CodeIgniter->run()
14 SYSTEMPATH\Boot.php(67): CodeIgniter\Boot::runCodeIgniter(Object(CodeIgniter\CodeIgniter))
15 FCPATH\index.php(56): CodeIgniter\Boot::bootWeb(Object(Config\Paths))
DEBUG - 2025-06-18 17:53:59 --> Session: Class initialized using 'CodeIgniter\Session\Handlers\FileHandler' driver.
DEBUG - 2025-06-18 17:54:02 --> Session: Class initialized using 'CodeIgniter\Session\Handlers\FileHandler' driver.
DEBUG - 2025-06-18 17:54:11 --> Session: Class initialized using 'CodeIgniter\Session\Handlers\FileHandler' driver.
DEBUG - 2025-06-18 17:54:15 --> Session: Class initialized using 'CodeIgniter\Session\Handlers\FileHandler' driver.
DEBUG - 2025-06-18 17:54:17 --> Session: Class initialized using 'CodeIgniter\Session\Handlers\FileHandler' driver.
DEBUG - 2025-06-18 17:54:18 --> Session: Class initialized using 'CodeIgniter\Session\Handlers\FileHandler' driver.
DEBUG - 2025-06-18 17:54:21 --> Session: Class initialized using 'CodeIgniter\Session\Handlers\FileHandler' driver.
DEBUG - 2025-06-18 17:54:21 --> Session: Class initialized using 'CodeIgniter\Session\Handlers\FileHandler' driver.
DEBUG - 2025-06-18 17:54:24 --> Session: Class initialized using 'CodeIgniter\Session\Handlers\FileHandler' driver.
DEBUG - 2025-06-18 17:54:38 --> Session: Class initialized using 'CodeIgniter\Session\Handlers\FileHandler' driver.
DEBUG - 2025-06-18 17:55:04 --> Session: Class initialized using 'CodeIgniter\Session\Handlers\FileHandler' driver.
DEBUG - 2025-06-18 17:55:30 --> Session: Class initialized using 'CodeIgniter\Session\Handlers\FileHandler' driver.
DEBUG - 2025-06-18 17:55:34 --> Session: Class initialized using 'CodeIgniter\Session\Handlers\FileHandler' driver.
DEBUG - 2025-06-18 17:55:37 --> Session: Class initialized using 'CodeIgniter\Session\Handlers\FileHandler' driver.
DEBUG - 2025-06-18 17:55:38 --> Session: Class initialized using 'CodeIgniter\Session\Handlers\FileHandler' driver.
DEBUG - 2025-06-18 17:55:39 --> Session: Class initialized using 'CodeIgniter\Session\Handlers\FileHandler' driver.
DEBUG - 2025-06-18 17:56:52 --> Session: Class initialized using 'CodeIgniter\Session\Handlers\FileHandler' driver.
DEBUG - 2025-06-18 17:57:10 --> Session: Class initialized using 'CodeIgniter\Session\Handlers\FileHandler' driver.
DEBUG - 2025-06-18 17:57:16 --> Session: Class initialized using 'CodeIgniter\Session\Handlers\FileHandler' driver.
DEBUG - 2025-06-18 17:57:48 --> Session: Class initialized using 'CodeIgniter\Session\Handlers\FileHandler' driver.
DEBUG - 2025-06-18 17:58:28 --> Session: Class initialized using 'CodeIgniter\Session\Handlers\FileHandler' driver.
DEBUG - 2025-06-18 17:58:38 --> Session: Class initialized using 'CodeIgniter\Session\Handlers\FileHandler' driver.
DEBUG - 2025-06-18 18:00:36 --> Session: Class initialized using 'CodeIgniter\Session\Handlers\FileHandler' driver.
CRITICAL - 2025-06-18 18:06:28 --> Error: Class "App\Models\ResenaModel" not found
[Method: GET, Route: productos/11]
in APPPATH\Controllers\ProductoController.php on line 22.
 1 SYSTEMPATH\CodeIgniter.php(903): App\Controllers\ProductoController->__construct()
 2 SYSTEMPATH\CodeIgniter.php(498): CodeIgniter\CodeIgniter->createController()
 3 SYSTEMPATH\CodeIgniter.php(354): CodeIgniter\CodeIgniter->handleRequest(null, Object(Config\Cache), false)
 4 SYSTEMPATH\Boot.php(334): CodeIgniter\CodeIgniter->run()
 5 SYSTEMPATH\Boot.php(67): CodeIgniter\Boot::runCodeIgniter(Object(CodeIgniter\CodeIgniter))
 6 FCPATH\index.php(56): CodeIgniter\Boot::bootWeb(Object(Config\Paths))
DEBUG - 2025-06-18 18:09:21 --> Session: Class initialized using 'CodeIgniter\Session\Handlers\FileHandler' driver.
DEBUG - 2025-06-18 18:09:32 --> Session: Class initialized using 'CodeIgniter\Session\Handlers\FileHandler' driver.
DEBUG - 2025-06-18 18:09:34 --> Session: Class initialized using 'CodeIgniter\Session\Handlers\FileHandler' driver.
DEBUG - 2025-06-18 18:09:40 --> Session: Class initialized using 'CodeIgniter\Session\Handlers\FileHandler' driver.
DEBUG - 2025-06-18 18:09:57 --> Session: Class initialized using 'CodeIgniter\Session\Handlers\FileHandler' driver.
DEBUG - 2025-06-18 18:09:58 --> Session: Class initialized using 'CodeIgniter\Session\Handlers\FileHandler' driver.
DEBUG - 2025-06-18 18:10:02 --> Session: Class initialized using 'CodeIgniter\Session\Handlers\FileHandler' driver.
DEBUG - 2025-06-18 18:13:15 --> Session: Class initialized using 'CodeIgniter\Session\Handlers\FileHandler' driver.
DEBUG - 2025-06-18 18:13:32 --> Session: Class initialized using 'CodeIgniter\Session\Handlers\FileHandler' driver.
DEBUG - 2025-06-18 18:13:55 --> Session: Class initialized using 'CodeIgniter\Session\Handlers\FileHandler' driver.
DEBUG - 2025-06-18 18:13:58 --> Session: Class initialized using 'CodeIgniter\Session\Handlers\FileHandler' driver.
DEBUG - 2025-06-18 18:15:01 --> Session: Class initialized using 'CodeIgniter\Session\Handlers\FileHandler' driver.
DEBUG - 2025-06-18 18:15:02 --> Session: Class initialized using 'CodeIgniter\Session\Handlers\FileHandler' driver.
DEBUG - 2025-06-18 18:15:08 --> Session: Class initialized using 'CodeIgniter\Session\Handlers\FileHandler' driver.
DEBUG - 2025-06-18 18:15:21 --> Session: Class initialized using 'CodeIgniter\Session\Handlers\FileHandler' driver.
DEBUG - 2025-06-18 18:15:22 --> Session: Class initialized using 'CodeIgniter\Session\Handlers\FileHandler' driver.
DEBUG - 2025-06-18 18:15:25 --> Session: Class initialized using 'CodeIgniter\Session\Handlers\FileHandler' driver.
DEBUG - 2025-06-18 18:15:37 --> Session: Class initialized using 'CodeIgniter\Session\Handlers\FileHandler' driver.
DEBUG - 2025-06-18 18:15:37 --> Session: Class initialized using 'CodeIgniter\Session\Handlers\FileHandler' driver.
DEBUG - 2025-06-18 18:16:12 --> Session: Class initialized using 'CodeIgniter\Session\Handlers\FileHandler' driver.
DEBUG - 2025-06-18 18:16:20 --> Session: Class initialized using 'CodeIgniter\Session\Handlers\FileHandler' driver.
DEBUG - 2025-06-18 18:17:05 --> Session: Class initialized using 'CodeIgniter\Session\Handlers\FileHandler' driver.
DEBUG - 2025-06-18 18:17:13 --> Session: Class initialized using 'CodeIgniter\Session\Handlers\FileHandler' driver.
DEBUG - 2025-06-18 18:17:16 --> Session: Class initialized using 'CodeIgniter\Session\Handlers\FileHandler' driver.
DEBUG - 2025-06-18 18:17:23 --> Session: Class initialized using 'CodeIgniter\Session\Handlers\FileHandler' driver.
DEBUG - 2025-06-18 18:17:25 --> Session: Class initialized using 'CodeIgniter\Session\Handlers\FileHandler' driver.
DEBUG - 2025-06-18 18:17:30 --> Session: Class initialized using 'CodeIgniter\Session\Handlers\FileHandler' driver.
DEBUG - 2025-06-18 18:17:40 --> Session: Class initialized using 'CodeIgniter\Session\Handlers\FileHandler' driver.
DEBUG - 2025-06-18 18:17:43 --> Session: Class initialized using 'CodeIgniter\Session\Handlers\FileHandler' driver.
DEBUG - 2025-06-18 18:17:44 --> Session: Class initialized using 'CodeIgniter\Session\Handlers\FileHandler' driver.
DEBUG - 2025-06-18 18:18:07 --> Session: Class initialized using 'CodeIgniter\Session\Handlers\FileHandler' driver.
DEBUG - 2025-06-18 18:19:02 --> Session: Class initialized using 'CodeIgniter\Session\Handlers\FileHandler' driver.
DEBUG - 2025-06-18 18:19:06 --> Session: Class initialized using 'CodeIgniter\Session\Handlers\FileHandler' driver.
DEBUG - 2025-06-18 18:19:36 --> Session: Class initialized using 'CodeIgniter\Session\Handlers\FileHandler' driver.
DEBUG - 2025-06-18 18:19:45 --> Session: Class initialized using 'CodeIgniter\Session\Handlers\FileHandler' driver.
DEBUG - 2025-06-18 18:20:45 --> Session: Class initialized using 'CodeIgniter\Session\Handlers\FileHandler' driver.
DEBUG - 2025-06-18 18:20:47 --> Session: Class initialized using 'CodeIgniter\Session\Handlers\FileHandler' driver.
DEBUG - 2025-06-18 18:20:51 --> Session: Class initialized using 'CodeIgniter\Session\Handlers\FileHandler' driver.
DEBUG - 2025-06-18 18:35:39 --> Session: Class initialized using 'CodeIgniter\Session\Handlers\FileHandler' driver.
DEBUG - 2025-06-18 18:35:46 --> Session: Class initialized using 'CodeIgniter\Session\Handlers\FileHandler' driver.
DEBUG - 2025-06-18 18:36:45 --> Session: Class initialized using 'CodeIgniter\Session\Handlers\FileHandler' driver.
DEBUG - 2025-06-18 18:36:49 --> Session: Class initialized using 'CodeIgniter\Session\Handlers\FileHandler' driver.
DEBUG - 2025-06-18 18:37:50 --> Session: Class initialized using 'CodeIgniter\Session\Handlers\FileHandler' driver.
DEBUG - 2025-06-18 18:38:06 --> Session: Class initialized using 'CodeIgniter\Session\Handlers\FileHandler' driver.
DEBUG - 2025-06-18 18:38:31 --> Session: Class initialized using 'CodeIgniter\Session\Handlers\FileHandler' driver.
DEBUG - 2025-06-18 18:38:33 --> Session: Class initialized using 'CodeIgniter\Session\Handlers\FileHandler' driver.
DEBUG - 2025-06-18 18:38:50 --> Session: Class initialized using 'CodeIgniter\Session\Handlers\FileHandler' driver.
DEBUG - 2025-06-18 18:38:53 --> Session: Class initialized using 'CodeIgniter\Session\Handlers\FileHandler' driver.
DEBUG - 2025-06-18 18:39:10 --> Session: Class initialized using 'CodeIgniter\Session\Handlers\FileHandler' driver.
DEBUG - 2025-06-18 18:39:23 --> Session: Class initialized using 'CodeIgniter\Session\Handlers\FileHandler' driver.
DEBUG - 2025-06-18 18:39:32 --> Session: Class initialized using 'CodeIgniter\Session\Handlers\FileHandler' driver.
DEBUG - 2025-06-18 18:39:40 --> Session: Class initialized using 'CodeIgniter\Session\Handlers\FileHandler' driver.
DEBUG - 2025-06-18 18:39:40 --> Session: Class initialized using 'CodeIgniter\Session\Handlers\FileHandler' driver.
DEBUG - 2025-06-18 18:39:44 --> Session: Class initialized using 'CodeIgniter\Session\Handlers\FileHandler' driver.
DEBUG - 2025-06-18 18:39:44 --> Session: Class initialized using 'CodeIgniter\Session\Handlers\FileHandler' driver.
WARNING - 2025-06-18 18:39:44 --> [DEPRECATED] Creation of dynamic property App\Controllers\PanelController::$productoModel is deprecated in APPPATH\Controllers\PanelController.php on line 21.
 1 SYSTEMPATH\CodeIgniter.php(903): App\Controllers\PanelController->__construct()
 2 SYSTEMPATH\CodeIgniter.php(498): CodeIgniter\CodeIgniter->createController()
 3 SYSTEMPATH\CodeIgniter.php(354): CodeIgniter\CodeIgniter->handleRequest(null, Object(Config\Cache), false)
 4 SYSTEMPATH\Boot.php(334): CodeIgniter\CodeIgniter->run()
 5 SYSTEMPATH\Boot.php(67): CodeIgniter\Boot::runCodeIgniter(Object(CodeIgniter\CodeIgniter))
 6 FCPATH\index.php(56): CodeIgniter\Boot::bootWeb(Object(Config\Paths))
WARNING - 2025-06-18 18:39:44 --> [DEPRECATED] Creation of dynamic property App\Controllers\PanelController::$usuarioModel is deprecated in APPPATH\Controllers\PanelController.php on line 22.
 1 SYSTEMPATH\CodeIgniter.php(903): App\Controllers\PanelController->__construct()
 2 SYSTEMPATH\CodeIgniter.php(498): CodeIgniter\CodeIgniter->createController()
 3 SYSTEMPATH\CodeIgniter.php(354): CodeIgniter\CodeIgniter->handleRequest(null, Object(Config\Cache), false)
 4 SYSTEMPATH\Boot.php(334): CodeIgniter\CodeIgniter->run()
 5 SYSTEMPATH\Boot.php(67): CodeIgniter\Boot::runCodeIgniter(Object(CodeIgniter\CodeIgniter))
 6 FCPATH\index.php(56): CodeIgniter\Boot::bootWeb(Object(Config\Paths))
DEBUG - 2025-06-18 18:39:46 --> Session: Class initialized using 'CodeIgniter\Session\Handlers\FileHandler' driver.
DEBUG - 2025-06-18 18:39:49 --> Session: Class initialized using 'CodeIgniter\Session\Handlers\FileHandler' driver.
DEBUG - 2025-06-18 18:40:23 --> Session: Class initialized using 'CodeIgniter\Session\Handlers\FileHandler' driver.
DEBUG - 2025-06-18 18:41:13 --> Session: Class initialized using 'CodeIgniter\Session\Handlers\FileHandler' driver.
DEBUG - 2025-06-18 18:41:15 --> Session: Class initialized using 'CodeIgniter\Session\Handlers\FileHandler' driver.
DEBUG - 2025-06-18 18:41:30 --> Session: Class initialized using 'CodeIgniter\Session\Handlers\FileHandler' driver.
DEBUG - 2025-06-18 18:41:37 --> Session: Class initialized using 'CodeIgniter\Session\Handlers\FileHandler' driver.
DEBUG - 2025-06-18 18:41:37 --> Session: Class initialized using 'CodeIgniter\Session\Handlers\FileHandler' driver.
DEBUG - 2025-06-18 18:41:46 --> Session: Class initialized using 'CodeIgniter\Session\Handlers\FileHandler' driver.
DEBUG - 2025-06-18 18:41:46 --> Session: Class initialized using 'CodeIgniter\Session\Handlers\FileHandler' driver.
DEBUG - 2025-06-18 18:41:50 --> Session: Class initialized using 'CodeIgniter\Session\Handlers\FileHandler' driver.
DEBUG - 2025-06-18 18:41:50 --> Session: Class initialized using 'CodeIgniter\Session\Handlers\FileHandler' driver.
DEBUG - 2025-06-18 18:41:53 --> Session: Class initialized using 'CodeIgniter\Session\Handlers\FileHandler' driver.
DEBUG - 2025-06-18 18:41:58 --> Session: Class initialized using 'CodeIgniter\Session\Handlers\FileHandler' driver.
DEBUG - 2025-06-18 18:42:05 --> Session: Class initialized using 'CodeIgniter\Session\Handlers\FileHandler' driver.
DEBUG - 2025-06-18 18:42:37 --> Session: Class initialized using 'CodeIgniter\Session\Handlers\FileHandler' driver.
DEBUG - 2025-06-18 18:42:53 --> Session: Class initialized using 'CodeIgniter\Session\Handlers\FileHandler' driver.
DEBUG - 2025-06-18 18:42:53 --> Session: Class initialized using 'CodeIgniter\Session\Handlers\FileHandler' driver.
DEBUG - 2025-06-18 18:43:06 --> Session: Class initialized using 'CodeIgniter\Session\Handlers\FileHandler' driver.
DEBUG - 2025-06-18 18:43:06 --> Session: Class initialized using 'CodeIgniter\Session\Handlers\FileHandler' driver.
DEBUG - 2025-06-18 18:43:22 --> Session: Class initialized using 'CodeIgniter\Session\Handlers\FileHandler' driver.
DEBUG - 2025-06-18 18:43:29 --> Session: Class initialized using 'CodeIgniter\Session\Handlers\FileHandler' driver.
DEBUG - 2025-06-18 18:43:30 --> Session: Class initialized using 'CodeIgniter\Session\Handlers\FileHandler' driver.
DEBUG - 2025-06-18 18:43:34 --> Session: Class initialized using 'CodeIgniter\Session\Handlers\FileHandler' driver.
DEBUG - 2025-06-18 18:43:34 --> Session: Class initialized using 'CodeIgniter\Session\Handlers\FileHandler' driver.
DEBUG - 2025-06-18 18:43:37 --> Session: Class initialized using 'CodeIgniter\Session\Handlers\FileHandler' driver.
DEBUG - 2025-06-18 18:43:39 --> Session: Class initialized using 'CodeIgniter\Session\Handlers\FileHandler' driver.
DEBUG - 2025-06-18 18:43:47 --> Session: Class initialized using 'CodeIgniter\Session\Handlers\FileHandler' driver.
DEBUG - 2025-06-18 18:43:47 --> Session: Class initialized using 'CodeIgniter\Session\Handlers\FileHandler' driver.
DEBUG - 2025-06-18 18:43:50 --> Session: Class initialized using 'CodeIgniter\Session\Handlers\FileHandler' driver.
DEBUG - 2025-06-18 18:43:51 --> Session: Class initialized using 'CodeIgniter\Session\Handlers\FileHandler' driver.
DEBUG - 2025-06-18 18:43:59 --> Session: Class initialized using 'CodeIgniter\Session\Handlers\FileHandler' driver.
DEBUG - 2025-06-18 18:43:59 --> Session: Class initialized using 'CodeIgniter\Session\Handlers\FileHandler' driver.
DEBUG - 2025-06-18 18:44:02 --> Session: Class initialized using 'CodeIgniter\Session\Handlers\FileHandler' driver.
DEBUG - 2025-06-18 18:44:04 --> Session: Class initialized using 'CodeIgniter\Session\Handlers\FileHandler' driver.
DEBUG - 2025-06-18 18:44:06 --> Session: Class initialized using 'CodeIgniter\Session\Handlers\FileHandler' driver.
DEBUG - 2025-06-18 18:44:15 --> Session: Class initialized using 'CodeIgniter\Session\Handlers\FileHandler' driver.
DEBUG - 2025-06-18 18:44:15 --> Session: Class initialized using 'CodeIgniter\Session\Handlers\FileHandler' driver.
DEBUG - 2025-06-18 18:44:18 --> Session: Class initialized using 'CodeIgniter\Session\Handlers\FileHandler' driver.
DEBUG - 2025-06-18 18:44:37 --> Session: Class initialized using 'CodeIgniter\Session\Handlers\FileHandler' driver.
DEBUG - 2025-06-18 18:44:37 --> Session: Class initialized using 'CodeIgniter\Session\Handlers\FileHandler' driver.
DEBUG - 2025-06-18 18:45:21 --> Session: Class initialized using 'CodeIgniter\Session\Handlers\FileHandler' driver.
DEBUG - 2025-06-18 18:45:21 --> Session: Class initialized using 'CodeIgniter\Session\Handlers\FileHandler' driver.
WARNING - 2025-06-18 18:45:21 --> [DEPRECATED] Creation of dynamic property App\Controllers\PanelController::$productoModel is deprecated in APPPATH\Controllers\PanelController.php on line 21.
 1 SYSTEMPATH\CodeIgniter.php(903): App\Controllers\PanelController->__construct()
 2 SYSTEMPATH\CodeIgniter.php(498): CodeIgniter\CodeIgniter->createController()
 3 SYSTEMPATH\CodeIgniter.php(354): CodeIgniter\CodeIgniter->handleRequest(null, Object(Config\Cache), false)
 4 SYSTEMPATH\Boot.php(334): CodeIgniter\CodeIgniter->run()
 5 SYSTEMPATH\Boot.php(67): CodeIgniter\Boot::runCodeIgniter(Object(CodeIgniter\CodeIgniter))
 6 FCPATH\index.php(56): CodeIgniter\Boot::bootWeb(Object(Config\Paths))
WARNING - 2025-06-18 18:45:21 --> [DEPRECATED] Creation of dynamic property App\Controllers\PanelController::$usuarioModel is deprecated in APPPATH\Controllers\PanelController.php on line 22.
 1 SYSTEMPATH\CodeIgniter.php(903): App\Controllers\PanelController->__construct()
 2 SYSTEMPATH\CodeIgniter.php(498): CodeIgniter\CodeIgniter->createController()
 3 SYSTEMPATH\CodeIgniter.php(354): CodeIgniter\CodeIgniter->handleRequest(null, Object(Config\Cache), false)
 4 SYSTEMPATH\Boot.php(334): CodeIgniter\CodeIgniter->run()
 5 SYSTEMPATH\Boot.php(67): CodeIgniter\Boot::runCodeIgniter(Object(CodeIgniter\CodeIgniter))
 6 FCPATH\index.php(56): CodeIgniter\Boot::bootWeb(Object(Config\Paths))
DEBUG - 2025-06-18 18:45:24 --> Session: Class initialized using 'CodeIgniter\Session\Handlers\FileHandler' driver.
DEBUG - 2025-06-18 18:45:35 --> Session: Class initialized using 'CodeIgniter\Session\Handlers\FileHandler' driver.
DEBUG - 2025-06-18 18:45:40 --> Session: Class initialized using 'CodeIgniter\Session\Handlers\FileHandler' driver.
DEBUG - 2025-06-18 18:45:40 --> Session: Class initialized using 'CodeIgniter\Session\Handlers\FileHandler' driver.
DEBUG - 2025-06-18 18:45:45 --> Session: Class initialized using 'CodeIgniter\Session\Handlers\FileHandler' driver.
DEBUG - 2025-06-18 18:45:45 --> Session: Class initialized using 'CodeIgniter\Session\Handlers\FileHandler' driver.
DEBUG - 2025-06-18 18:45:48 --> Session: Class initialized using 'CodeIgniter\Session\Handlers\FileHandler' driver.
DEBUG - 2025-06-18 18:45:54 --> Session: Class initialized using 'CodeIgniter\Session\Handlers\FileHandler' driver.
DEBUG - 2025-06-18 18:46:07 --> Session: Class initialized using 'CodeIgniter\Session\Handlers\FileHandler' driver.
DEBUG - 2025-06-18 18:46:07 --> Session: Class initialized using 'CodeIgniter\Session\Handlers\FileHandler' driver.
DEBUG - 2025-06-18 18:46:13 --> Session: Class initialized using 'CodeIgniter\Session\Handlers\FileHandler' driver.
DEBUG - 2025-06-18 18:46:13 --> Session: Class initialized using 'CodeIgniter\Session\Handlers\FileHandler' driver.
DEBUG - 2025-06-18 18:46:29 --> Session: Class initialized using 'CodeIgniter\Session\Handlers\FileHandler' driver.
DEBUG - 2025-06-18 18:46:43 --> Session: Class initialized using 'CodeIgniter\Session\Handlers\FileHandler' driver.
DEBUG - 2025-06-18 18:46:43 --> Session: Class initialized using 'CodeIgniter\Session\Handlers\FileHandler' driver.
DEBUG - 2025-06-18 18:46:48 --> Session: Class initialized using 'CodeIgniter\Session\Handlers\FileHandler' driver.
DEBUG - 2025-06-18 18:47:04 --> Session: Class initialized using 'CodeIgniter\Session\Handlers\FileHandler' driver.
DEBUG - 2025-06-18 18:47:08 --> Session: Class initialized using 'CodeIgniter\Session\Handlers\FileHandler' driver.
DEBUG - 2025-06-18 18:47:08 --> Session: Class initialized using 'CodeIgniter\Session\Handlers\FileHandler' driver.
DEBUG - 2025-06-18 18:47:52 --> Session: Class initialized using 'CodeIgniter\Session\Handlers\FileHandler' driver.
DEBUG - 2025-06-18 18:48:05 --> Session: Class initialized using 'CodeIgniter\Session\Handlers\FileHandler' driver.
DEBUG - 2025-06-18 18:48:13 --> Session: Class initialized using 'CodeIgniter\Session\Handlers\FileHandler' driver.
DEBUG - 2025-06-18 18:48:14 --> Session: Class initialized using 'CodeIgniter\Session\Handlers\FileHandler' driver.
DEBUG - 2025-06-18 18:48:15 --> Session: Class initialized using 'CodeIgniter\Session\Handlers\FileHandler' driver.
DEBUG - 2025-06-18 18:48:17 --> Session: Class initialized using 'CodeIgniter\Session\Handlers\FileHandler' driver.
DEBUG - 2025-06-18 18:48:19 --> Session: Class initialized using 'CodeIgniter\Session\Handlers\FileHandler' driver.
DEBUG - 2025-06-18 18:48:20 --> Session: Class initialized using 'CodeIgniter\Session\Handlers\FileHandler' driver.
DEBUG - 2025-06-18 18:48:26 --> Session: Class initialized using 'CodeIgniter\Session\Handlers\FileHandler' driver.
DEBUG - 2025-06-18 18:48:26 --> Session: Class initialized using 'CodeIgniter\Session\Handlers\FileHandler' driver.
WARNING - 2025-06-18 18:48:26 --> [DEPRECATED] Creation of dynamic property App\Controllers\PanelController::$productoModel is deprecated in APPPATH\Controllers\PanelController.php on line 21.
 1 SYSTEMPATH\CodeIgniter.php(903): App\Controllers\PanelController->__construct()
 2 SYSTEMPATH\CodeIgniter.php(498): CodeIgniter\CodeIgniter->createController()
 3 SYSTEMPATH\CodeIgniter.php(354): CodeIgniter\CodeIgniter->handleRequest(null, Object(Config\Cache), false)
 4 SYSTEMPATH\Boot.php(334): CodeIgniter\CodeIgniter->run()
 5 SYSTEMPATH\Boot.php(67): CodeIgniter\Boot::runCodeIgniter(Object(CodeIgniter\CodeIgniter))
 6 FCPATH\index.php(56): CodeIgniter\Boot::bootWeb(Object(Config\Paths))
WARNING - 2025-06-18 18:48:26 --> [DEPRECATED] Creation of dynamic property App\Controllers\PanelController::$usuarioModel is deprecated in APPPATH\Controllers\PanelController.php on line 22.
 1 SYSTEMPATH\CodeIgniter.php(903): App\Controllers\PanelController->__construct()
 2 SYSTEMPATH\CodeIgniter.php(498): CodeIgniter\CodeIgniter->createController()
 3 SYSTEMPATH\CodeIgniter.php(354): CodeIgniter\CodeIgniter->handleRequest(null, Object(Config\Cache), false)
 4 SYSTEMPATH\Boot.php(334): CodeIgniter\CodeIgniter->run()
 5 SYSTEMPATH\Boot.php(67): CodeIgniter\Boot::runCodeIgniter(Object(CodeIgniter\CodeIgniter))
 6 FCPATH\index.php(56): CodeIgniter\Boot::bootWeb(Object(Config\Paths))
DEBUG - 2025-06-18 18:48:29 --> Session: Class initialized using 'CodeIgniter\Session\Handlers\FileHandler' driver.
DEBUG - 2025-06-18 18:48:34 --> Session: Class initialized using 'CodeIgniter\Session\Handlers\FileHandler' driver.
DEBUG - 2025-06-18 18:48:35 --> Session: Class initialized using 'CodeIgniter\Session\Handlers\FileHandler' driver.
DEBUG - 2025-06-18 18:48:42 --> Session: Class initialized using 'CodeIgniter\Session\Handlers\FileHandler' driver.
DEBUG - 2025-06-18 18:49:14 --> Session: Class initialized using 'CodeIgniter\Session\Handlers\FileHandler' driver.
DEBUG - 2025-06-18 18:49:14 --> Session: Class initialized using 'CodeIgniter\Session\Handlers\FileHandler' driver.
DEBUG - 2025-06-18 18:49:17 --> Session: Class initialized using 'CodeIgniter\Session\Handlers\FileHandler' driver.
DEBUG - 2025-06-18 18:49:21 --> Session: Class initialized using 'CodeIgniter\Session\Handlers\FileHandler' driver.
DEBUG - 2025-06-18 18:49:33 --> Session: Class initialized using 'CodeIgniter\Session\Handlers\FileHandler' driver.
DEBUG - 2025-06-18 18:49:38 --> Session: Class initialized using 'CodeIgniter\Session\Handlers\FileHandler' driver.
DEBUG - 2025-06-18 18:49:45 --> Session: Class initialized using 'CodeIgniter\Session\Handlers\FileHandler' driver.
DEBUG - 2025-06-18 18:49:48 --> Session: Class initialized using 'CodeIgniter\Session\Handlers\FileHandler' driver.
DEBUG - 2025-06-18 18:50:00 --> Session: Class initialized using 'CodeIgniter\Session\Handlers\FileHandler' driver.
DEBUG - 2025-06-18 18:50:00 --> Session: Class initialized using 'CodeIgniter\Session\Handlers\FileHandler' driver.
DEBUG - 2025-06-18 18:50:07 --> Session: Class initialized using 'CodeIgniter\Session\Handlers\FileHandler' driver.
DEBUG - 2025-06-18 18:50:07 --> Session: Class initialized using 'CodeIgniter\Session\Handlers\FileHandler' driver.
DEBUG - 2025-06-18 19:10:47 --> Session: Class initialized using 'CodeIgniter\Session\Handlers\FileHandler' driver.
DEBUG - 2025-06-18 19:11:03 --> Session: Class initialized using 'CodeIgniter\Session\Handlers\FileHandler' driver.
DEBUG - 2025-06-18 19:11:05 --> Session: Class initialized using 'CodeIgniter\Session\Handlers\FileHandler' driver.
DEBUG - 2025-06-18 19:11:05 --> Session: Class initialized using 'CodeIgniter\Session\Handlers\FileHandler' driver.
DEBUG - 2025-06-18 19:11:07 --> Session: Class initialized using 'CodeIgniter\Session\Handlers\FileHandler' driver.
CRITICAL - 2025-06-18 19:11:07 --> ErrorException: Undefined variable $venta
[Method: GET, Route: checkout]
in APPPATH\Views\checkout\resumen_pedido.php on line 13.
 1 APPPATH\Views\checkout\resumen_pedido.php(13): CodeIgniter\Debug\Exceptions->errorHandler(2, 'Undefined variable $venta', 'C:\\xampp\\htdocs\\proyecto_benitez_lopez\\app\\Views\\checkout\\resumen_pedido.php', 13)
 2 SYSTEMPATH\View\View.php(224): include('C:\\xampp\\htdocs\\proyecto_benitez_lopez\\app\\Views\\checkout\\resumen_pedido.php')
 3 SYSTEMPATH\View\View.php(227): CodeIgniter\View\View->CodeIgniter\View\{closure}()
 4 SYSTEMPATH\Common.php(1173): CodeIgniter\View\View->render('checkout/resumen_pedido', [], true)
 5 APPPATH\Views\checkout\direccion_envio.php(101): view('checkout/resumen_pedido', [...])
 6 SYSTEMPATH\View\View.php(224): include('C:\\xampp\\htdocs\\proyecto_benitez_lopez\\app\\Views\\checkout\\direccion_envio.php')
 7 SYSTEMPATH\View\View.php(227): CodeIgniter\View\View->CodeIgniter\View\{closure}()
 8 SYSTEMPATH\Common.php(1173): CodeIgniter\View\View->render('checkout/direccion_envio', [], true)
 9 APPPATH\Controllers\CheckoutController.php(105): view('checkout/direccion_envio', [...])
10 SYSTEMPATH\CodeIgniter.php(933): App\Controllers\CheckoutController->direccionEnvio()
11 SYSTEMPATH\CodeIgniter.php(507): CodeIgniter\CodeIgniter->runController(Object(App\Controllers\CheckoutController))
12 SYSTEMPATH\CodeIgniter.php(354): CodeIgniter\CodeIgniter->handleRequest(null, Object(Config\Cache), false)
13 SYSTEMPATH\Boot.php(334): CodeIgniter\CodeIgniter->run()
14 SYSTEMPATH\Boot.php(67): CodeIgniter\Boot::runCodeIgniter(Object(CodeIgniter\CodeIgniter))
15 FCPATH\index.php(56): CodeIgniter\Boot::bootWeb(Object(Config\Paths))
DEBUG - 2025-06-18 19:12:51 --> Session: Class initialized using 'CodeIgniter\Session\Handlers\FileHandler' driver.
DEBUG - 2025-06-18 19:12:53 --> Session: Class initialized using 'CodeIgniter\Session\Handlers\FileHandler' driver.
CRITICAL - 2025-06-18 19:12:53 --> ErrorException: Undefined variable $venta
[Method: GET, Route: checkout]
in APPPATH\Views\checkout\resumen_pedido.php on line 13.
 1 APPPATH\Views\checkout\resumen_pedido.php(13): CodeIgniter\Debug\Exceptions->errorHandler(2, 'Undefined variable $venta', 'C:\\xampp\\htdocs\\proyecto_benitez_lopez\\app\\Views\\checkout\\resumen_pedido.php', 13)
 2 SYSTEMPATH\View\View.php(224): include('C:\\xampp\\htdocs\\proyecto_benitez_lopez\\app\\Views\\checkout\\resumen_pedido.php')
 3 SYSTEMPATH\View\View.php(227): CodeIgniter\View\View->CodeIgniter\View\{closure}()
 4 SYSTEMPATH\Common.php(1173): CodeIgniter\View\View->render('checkout/resumen_pedido', [], true)
 5 APPPATH\Views\checkout\direccion_envio.php(101): view('checkout/resumen_pedido', [...])
 6 SYSTEMPATH\View\View.php(224): include('C:\\xampp\\htdocs\\proyecto_benitez_lopez\\app\\Views\\checkout\\direccion_envio.php')
 7 SYSTEMPATH\View\View.php(227): CodeIgniter\View\View->CodeIgniter\View\{closure}()
 8 SYSTEMPATH\Common.php(1173): CodeIgniter\View\View->render('checkout/direccion_envio', [], true)
 9 APPPATH\Controllers\CheckoutController.php(105): view('checkout/direccion_envio', [...])
10 SYSTEMPATH\CodeIgniter.php(933): App\Controllers\CheckoutController->direccionEnvio()
11 SYSTEMPATH\CodeIgniter.php(507): CodeIgniter\CodeIgniter->runController(Object(App\Controllers\CheckoutController))
12 SYSTEMPATH\CodeIgniter.php(354): CodeIgniter\CodeIgniter->handleRequest(null, Object(Config\Cache), false)
13 SYSTEMPATH\Boot.php(334): CodeIgniter\CodeIgniter->run()
14 SYSTEMPATH\Boot.php(67): CodeIgniter\Boot::runCodeIgniter(Object(CodeIgniter\CodeIgniter))
15 FCPATH\index.php(56): CodeIgniter\Boot::bootWeb(Object(Config\Paths))
DEBUG - 2025-06-18 19:46:17 --> Session: Class initialized using 'CodeIgniter\Session\Handlers\FileHandler' driver.
DEBUG - 2025-06-18 19:46:19 --> Session: Class initialized using 'CodeIgniter\Session\Handlers\FileHandler' driver.
DEBUG - 2025-06-18 19:46:19 --> Session: Class initialized using 'CodeIgniter\Session\Handlers\FileHandler' driver.
DEBUG - 2025-06-18 19:46:28 --> Session: Class initialized using 'CodeIgniter\Session\Handlers\FileHandler' driver.
DEBUG - 2025-06-18 19:49:53 --> Session: Class initialized using 'CodeIgniter\Session\Handlers\FileHandler' driver.
DEBUG - 2025-06-18 19:57:28 --> Session: Class initialized using 'CodeIgniter\Session\Handlers\FileHandler' driver.
DEBUG - 2025-06-18 20:57:36 --> Session: Class initialized using 'CodeIgniter\Session\Handlers\FileHandler' driver.
DEBUG - 2025-06-18 20:59:07 --> Session: Class initialized using 'CodeIgniter\Session\Handlers\FileHandler' driver.
DEBUG - 2025-06-18 20:59:12 --> Session: Class initialized using 'CodeIgniter\Session\Handlers\FileHandler' driver.
DEBUG - 2025-06-18 21:02:01 --> Session: Class initialized using 'CodeIgniter\Session\Handlers\FileHandler' driver.
DEBUG - 2025-06-18 22:06:25 --> Session: Class initialized using 'CodeIgniter\Session\Handlers\FileHandler' driver.
DEBUG - 2025-06-18 22:06:30 --> Session: Class initialized using 'CodeIgniter\Session\Handlers\FileHandler' driver.
DEBUG - 2025-06-18 22:06:34 --> Session: Class initialized using 'CodeIgniter\Session\Handlers\FileHandler' driver.
DEBUG - 2025-06-18 22:06:34 --> Session: Class initialized using 'CodeIgniter\Session\Handlers\FileHandler' driver.
DEBUG - 2025-06-18 22:06:37 --> Session: Class initialized using 'CodeIgniter\Session\Handlers\FileHandler' driver.
DEBUG - 2025-06-18 22:06:37 --> Session: Class initialized using 'CodeIgniter\Session\Handlers\FileHandler' driver.
DEBUG - 2025-06-18 22:06:41 --> Session: Class initialized using 'CodeIgniter\Session\Handlers\FileHandler' driver.
DEBUG - 2025-06-18 22:06:43 --> Session: Class initialized using 'CodeIgniter\Session\Handlers\FileHandler' driver.
DEBUG - 2025-06-18 22:06:43 --> Session: Class initialized using 'CodeIgniter\Session\Handlers\FileHandler' driver.
DEBUG - 2025-06-18 22:06:50 --> Session: Class initialized using 'CodeIgniter\Session\Handlers\FileHandler' driver.
DEBUG - 2025-06-18 22:06:52 --> Session: Class initialized using 'CodeIgniter\Session\Handlers\FileHandler' driver.
DEBUG - 2025-06-18 22:06:54 --> Session: Class initialized using 'CodeIgniter\Session\Handlers\FileHandler' driver.
DEBUG - 2025-06-18 22:06:57 --> Session: Class initialized using 'CodeIgniter\Session\Handlers\FileHandler' driver.
DEBUG - 2025-06-18 22:06:59 --> Session: Class initialized using 'CodeIgniter\Session\Handlers\FileHandler' driver.
DEBUG - 2025-06-18 22:07:03 --> Session: Class initialized using 'CodeIgniter\Session\Handlers\FileHandler' driver.
DEBUG - 2025-06-18 22:07:05 --> Session: Class initialized using 'CodeIgniter\Session\Handlers\FileHandler' driver.
DEBUG - 2025-06-18 22:07:05 --> Session: Class initialized using 'CodeIgniter\Session\Handlers\FileHandler' driver.
DEBUG - 2025-06-18 22:07:34 --> Session: Class initialized using 'CodeIgniter\Session\Handlers\FileHandler' driver.
DEBUG - 2025-06-18 22:07:38 --> Session: Class initialized using 'CodeIgniter\Session\Handlers\FileHandler' driver.
DEBUG - 2025-06-18 22:07:43 --> Session: Class initialized using 'CodeIgniter\Session\Handlers\FileHandler' driver.
DEBUG - 2025-06-18 22:07:45 --> Session: Class initialized using 'CodeIgniter\Session\Handlers\FileHandler' driver.
DEBUG - 2025-06-18 22:07:47 --> Session: Class initialized using 'CodeIgniter\Session\Handlers\FileHandler' driver.
DEBUG - 2025-06-18 22:07:57 --> Session: Class initialized using 'CodeIgniter\Session\Handlers\FileHandler' driver.
DEBUG - 2025-06-18 22:09:14 --> Session: Class initialized using 'CodeIgniter\Session\Handlers\FileHandler' driver.
DEBUG - 2025-06-18 22:09:25 --> Session: Class initialized using 'CodeIgniter\Session\Handlers\FileHandler' driver.
DEBUG - 2025-06-18 22:10:55 --> Session: Class initialized using 'CodeIgniter\Session\Handlers\FileHandler' driver.
DEBUG - 2025-06-18 22:10:58 --> Session: Class initialized using 'CodeIgniter\Session\Handlers\FileHandler' driver.
DEBUG - 2025-06-18 22:11:02 --> Session: Class initialized using 'CodeIgniter\Session\Handlers\FileHandler' driver.
DEBUG - 2025-06-18 22:11:02 --> Session: Class initialized using 'CodeIgniter\Session\Handlers\FileHandler' driver.
WARNING - 2025-06-18 22:11:02 --> [DEPRECATED] Creation of dynamic property App\Controllers\PanelController::$productoModel is deprecated in APPPATH\Controllers\PanelController.php on line 22.
 1 SYSTEMPATH\CodeIgniter.php(903): App\Controllers\PanelController->__construct()
 2 SYSTEMPATH\CodeIgniter.php(498): CodeIgniter\CodeIgniter->createController()
 3 SYSTEMPATH\CodeIgniter.php(354): CodeIgniter\CodeIgniter->handleRequest(null, Object(Config\Cache), false)
 4 SYSTEMPATH\Boot.php(334): CodeIgniter\CodeIgniter->run()
 5 SYSTEMPATH\Boot.php(67): CodeIgniter\Boot::runCodeIgniter(Object(CodeIgniter\CodeIgniter))
 6 FCPATH\index.php(56): CodeIgniter\Boot::bootWeb(Object(Config\Paths))
WARNING - 2025-06-18 22:11:02 --> [DEPRECATED] Creation of dynamic property App\Controllers\PanelController::$usuarioModel is deprecated in APPPATH\Controllers\PanelController.php on line 23.
 1 SYSTEMPATH\CodeIgniter.php(903): App\Controllers\PanelController->__construct()
 2 SYSTEMPATH\CodeIgniter.php(498): CodeIgniter\CodeIgniter->createController()
 3 SYSTEMPATH\CodeIgniter.php(354): CodeIgniter\CodeIgniter->handleRequest(null, Object(Config\Cache), false)
 4 SYSTEMPATH\Boot.php(334): CodeIgniter\CodeIgniter->run()
 5 SYSTEMPATH\Boot.php(67): CodeIgniter\Boot::runCodeIgniter(Object(CodeIgniter\CodeIgniter))
 6 FCPATH\index.php(56): CodeIgniter\Boot::bootWeb(Object(Config\Paths))
DEBUG - 2025-06-18 22:11:06 --> Session: Class initialized using 'CodeIgniter\Session\Handlers\FileHandler' driver.
WARNING - 2025-06-18 22:11:06 --> [DEPRECATED] Creation of dynamic property App\Controllers\PanelController::$productoModel is deprecated in APPPATH\Controllers\PanelController.php on line 22.
 1 SYSTEMPATH\CodeIgniter.php(903): App\Controllers\PanelController->__construct()
 2 SYSTEMPATH\CodeIgniter.php(498): CodeIgniter\CodeIgniter->createController()
 3 SYSTEMPATH\CodeIgniter.php(354): CodeIgniter\CodeIgniter->handleRequest(null, Object(Config\Cache), false)
 4 SYSTEMPATH\Boot.php(334): CodeIgniter\CodeIgniter->run()
 5 SYSTEMPATH\Boot.php(67): CodeIgniter\Boot::runCodeIgniter(Object(CodeIgniter\CodeIgniter))
 6 FCPATH\index.php(56): CodeIgniter\Boot::bootWeb(Object(Config\Paths))
WARNING - 2025-06-18 22:11:06 --> [DEPRECATED] Creation of dynamic property App\Controllers\PanelController::$usuarioModel is deprecated in APPPATH\Controllers\PanelController.php on line 23.
 1 SYSTEMPATH\CodeIgniter.php(903): App\Controllers\PanelController->__construct()
 2 SYSTEMPATH\CodeIgniter.php(498): CodeIgniter\CodeIgniter->createController()
 3 SYSTEMPATH\CodeIgniter.php(354): CodeIgniter\CodeIgniter->handleRequest(null, Object(Config\Cache), false)
 4 SYSTEMPATH\Boot.php(334): CodeIgniter\CodeIgniter->run()
 5 SYSTEMPATH\Boot.php(67): CodeIgniter\Boot::runCodeIgniter(Object(CodeIgniter\CodeIgniter))
 6 FCPATH\index.php(56): CodeIgniter\Boot::bootWeb(Object(Config\Paths))
DEBUG - 2025-06-18 22:11:07 --> Session: Class initialized using 'CodeIgniter\Session\Handlers\FileHandler' driver.
DEBUG - 2025-06-18 22:11:08 --> Session: Class initialized using 'CodeIgniter\Session\Handlers\FileHandler' driver.
DEBUG - 2025-06-18 22:11:09 --> Session: Class initialized using 'CodeIgniter\Session\Handlers\FileHandler' driver.
DEBUG - 2025-06-18 22:11:11 --> Session: Class initialized using 'CodeIgniter\Session\Handlers\FileHandler' driver.
DEBUG - 2025-06-18 22:11:11 --> Session: Class initialized using 'CodeIgniter\Session\Handlers\FileHandler' driver.
DEBUG - 2025-06-18 22:11:13 --> Session: Class initialized using 'CodeIgniter\Session\Handlers\FileHandler' driver.
DEBUG - 2025-06-18 22:11:16 --> Session: Class initialized using 'CodeIgniter\Session\Handlers\FileHandler' driver.
DEBUG - 2025-06-18 22:12:02 --> Session: Class initialized using 'CodeIgniter\Session\Handlers\FileHandler' driver.
DEBUG - 2025-06-18 22:16:18 --> Session: Class initialized using 'CodeIgniter\Session\Handlers\FileHandler' driver.
DEBUG - 2025-06-18 22:16:33 --> Session: Class initialized using 'CodeIgniter\Session\Handlers\FileHandler' driver.
DEBUG - 2025-06-18 22:16:47 --> Session: Class initialized using 'CodeIgniter\Session\Handlers\FileHandler' driver.
WARNING - 2025-06-18 22:16:47 --> [DEPRECATED] Creation of dynamic property App\Controllers\PanelController::$productoModel is deprecated in APPPATH\Controllers\PanelController.php on line 22.
 1 SYSTEMPATH\CodeIgniter.php(903): App\Controllers\PanelController->__construct()
 2 SYSTEMPATH\CodeIgniter.php(498): CodeIgniter\CodeIgniter->createController()
 3 SYSTEMPATH\CodeIgniter.php(354): CodeIgniter\CodeIgniter->handleRequest(null, Object(Config\Cache), false)
 4 SYSTEMPATH\Boot.php(334): CodeIgniter\CodeIgniter->run()
 5 SYSTEMPATH\Boot.php(67): CodeIgniter\Boot::runCodeIgniter(Object(CodeIgniter\CodeIgniter))
 6 FCPATH\index.php(56): CodeIgniter\Boot::bootWeb(Object(Config\Paths))
WARNING - 2025-06-18 22:16:47 --> [DEPRECATED] Creation of dynamic property App\Controllers\PanelController::$usuarioModel is deprecated in APPPATH\Controllers\PanelController.php on line 23.
 1 SYSTEMPATH\CodeIgniter.php(903): App\Controllers\PanelController->__construct()
 2 SYSTEMPATH\CodeIgniter.php(498): CodeIgniter\CodeIgniter->createController()
 3 SYSTEMPATH\CodeIgniter.php(354): CodeIgniter\CodeIgniter->handleRequest(null, Object(Config\Cache), false)
 4 SYSTEMPATH\Boot.php(334): CodeIgniter\CodeIgniter->run()
 5 SYSTEMPATH\Boot.php(67): CodeIgniter\Boot::runCodeIgniter(Object(CodeIgniter\CodeIgniter))
 6 FCPATH\index.php(56): CodeIgniter\Boot::bootWeb(Object(Config\Paths))
DEBUG - 2025-06-18 22:16:49 --> Session: Class initialized using 'CodeIgniter\Session\Handlers\FileHandler' driver.
DEBUG - 2025-06-18 22:16:50 --> Session: Class initialized using 'CodeIgniter\Session\Handlers\FileHandler' driver.
DEBUG - 2025-06-18 22:16:51 --> Session: Class initialized using 'CodeIgniter\Session\Handlers\FileHandler' driver.
DEBUG - 2025-06-18 22:16:51 --> Session: Class initialized using 'CodeIgniter\Session\Handlers\FileHandler' driver.
DEBUG - 2025-06-18 22:16:52 --> Session: Class initialized using 'CodeIgniter\Session\Handlers\FileHandler' driver.
DEBUG - 2025-06-18 22:16:54 --> Session: Class initialized using 'CodeIgniter\Session\Handlers\FileHandler' driver.
DEBUG - 2025-06-18 22:16:55 --> Session: Class initialized using 'CodeIgniter\Session\Handlers\FileHandler' driver.
DEBUG - 2025-06-18 22:16:58 --> Session: Class initialized using 'CodeIgniter\Session\Handlers\FileHandler' driver.
DEBUG - 2025-06-18 22:16:59 --> Session: Class initialized using 'CodeIgniter\Session\Handlers\FileHandler' driver.
DEBUG - 2025-06-18 22:27:23 --> Session: Class initialized using 'CodeIgniter\Session\Handlers\FileHandler' driver.
DEBUG - 2025-06-18 22:27:24 --> Session: Class initialized using 'CodeIgniter\Session\Handlers\FileHandler' driver.
DEBUG - 2025-06-18 22:27:25 --> Session: Class initialized using 'CodeIgniter\Session\Handlers\FileHandler' driver.
DEBUG - 2025-06-18 22:27:31 --> Session: Class initialized using 'CodeIgniter\Session\Handlers\FileHandler' driver.
DEBUG - 2025-06-18 22:27:31 --> Session: Class initialized using 'CodeIgniter\Session\Handlers\FileHandler' driver.
DEBUG - 2025-06-18 22:27:34 --> Session: Class initialized using 'CodeIgniter\Session\Handlers\FileHandler' driver.
DEBUG - 2025-06-18 22:27:36 --> Session: Class initialized using 'CodeIgniter\Session\Handlers\FileHandler' driver.
DEBUG - 2025-06-18 22:27:36 --> Session: Class initialized using 'CodeIgniter\Session\Handlers\FileHandler' driver.
DEBUG - 2025-06-18 22:28:22 --> Session: Class initialized using 'CodeIgniter\Session\Handlers\FileHandler' driver.
DEBUG - 2025-06-18 22:29:54 --> Session: Class initialized using 'CodeIgniter\Session\Handlers\FileHandler' driver.
DEBUG - 2025-06-18 22:29:54 --> Session: Class initialized using 'CodeIgniter\Session\Handlers\FileHandler' driver.
DEBUG - 2025-06-18 22:30:01 --> Session: Class initialized using 'CodeIgniter\Session\Handlers\FileHandler' driver.
DEBUG - 2025-06-18 22:30:01 --> Session: Class initialized using 'CodeIgniter\Session\Handlers\FileHandler' driver.
DEBUG - 2025-06-18 22:30:03 --> Session: Class initialized using 'CodeIgniter\Session\Handlers\FileHandler' driver.
DEBUG - 2025-06-18 22:30:03 --> Session: Class initialized using 'CodeIgniter\Session\Handlers\FileHandler' driver.
DEBUG - 2025-06-18 22:30:09 --> Session: Class initialized using 'CodeIgniter\Session\Handlers\FileHandler' driver.
DEBUG - 2025-06-18 22:30:09 --> Session: Class initialized using 'CodeIgniter\Session\Handlers\FileHandler' driver.
DEBUG - 2025-06-18 22:30:13 --> Session: Class initialized using 'CodeIgniter\Session\Handlers\FileHandler' driver.
DEBUG - 2025-06-18 22:40:33 --> Session: Class initialized using 'CodeIgniter\Session\Handlers\FileHandler' driver.
DEBUG - 2025-06-18 22:43:18 --> Session: Class initialized using 'CodeIgniter\Session\Handlers\FileHandler' driver.
DEBUG - 2025-06-18 22:43:27 --> Session: Class initialized using 'CodeIgniter\Session\Handlers\FileHandler' driver.
DEBUG - 2025-06-18 22:43:30 --> Session: Class initialized using 'CodeIgniter\Session\Handlers\FileHandler' driver.
DEBUG - 2025-06-18 22:43:35 --> Session: Class initialized using 'CodeIgniter\Session\Handlers\FileHandler' driver.
DEBUG - 2025-06-18 22:43:36 --> Session: Class initialized using 'CodeIgniter\Session\Handlers\FileHandler' driver.
DEBUG - 2025-06-18 22:43:38 --> Session: Class initialized using 'CodeIgniter\Session\Handlers\FileHandler' driver.
DEBUG - 2025-06-18 22:43:42 --> Session: Class initialized using 'CodeIgniter\Session\Handlers\FileHandler' driver.
DEBUG - 2025-06-18 22:44:08 --> Session: Class initialized using 'CodeIgniter\Session\Handlers\FileHandler' driver.
DEBUG - 2025-06-18 22:44:49 --> Session: Class initialized using 'CodeIgniter\Session\Handlers\FileHandler' driver.
DEBUG - 2025-06-18 22:47:03 --> Session: Class initialized using 'CodeIgniter\Session\Handlers\FileHandler' driver.
DEBUG - 2025-06-18 22:48:17 --> Session: Class initialized using 'CodeIgniter\Session\Handlers\FileHandler' driver.
CRITICAL - 2025-06-18 22:48:17 --> ErrorException: Undefined variable $categorias
[Method: GET, Route: principal]
in APPPATH\Views\principal\categorias.php on line 6.
 1 APPPATH\Views\principal\categorias.php(6): CodeIgniter\Debug\Exceptions->errorHandler(2, 'Undefined variable $categorias', 'C:\\xampp\\htdocs\\proyecto_benitez_lopez\\app\\Views\\principal\\categorias.php', 6)
 2 SYSTEMPATH\View\View.php(224): include('C:\\xampp\\htdocs\\proyecto_benitez_lopez\\app\\Views\\principal\\categorias.php')
 3 SYSTEMPATH\View\View.php(227): CodeIgniter\View\View->CodeIgniter\View\{closure}()
 4 SYSTEMPATH\Common.php(1173): CodeIgniter\View\View->render('principal/categorias', [], true)
 5 APPPATH\Controllers\Home.php(14): view('principal/categorias', [...])
 6 SYSTEMPATH\CodeIgniter.php(933): App\Controllers\Home->index()
 7 SYSTEMPATH\CodeIgniter.php(507): CodeIgniter\CodeIgniter->runController(Object(App\Controllers\Home))
 8 SYSTEMPATH\CodeIgniter.php(354): CodeIgniter\CodeIgniter->handleRequest(null, Object(Config\Cache), false)
 9 SYSTEMPATH\Boot.php(334): CodeIgniter\CodeIgniter->run()
10 SYSTEMPATH\Boot.php(67): CodeIgniter\Boot::runCodeIgniter(Object(CodeIgniter\CodeIgniter))
11 FCPATH\index.php(56): CodeIgniter\Boot::bootWeb(Object(Config\Paths))
DEBUG - 2025-06-18 22:50:01 --> Session: Class initialized using 'CodeIgniter\Session\Handlers\FileHandler' driver.
DEBUG - 2025-06-18 22:50:08 --> Session: Class initialized using 'CodeIgniter\Session\Handlers\FileHandler' driver.
DEBUG - 2025-06-18 22:50:18 --> Session: Class initialized using 'CodeIgniter\Session\Handlers\FileHandler' driver.
DEBUG - 2025-06-18 22:50:19 --> Session: Class initialized using 'CodeIgniter\Session\Handlers\FileHandler' driver.
DEBUG - 2025-06-18 22:50:20 --> Session: Class initialized using 'CodeIgniter\Session\Handlers\FileHandler' driver.
DEBUG - 2025-06-18 22:50:58 --> Session: Class initialized using 'CodeIgniter\Session\Handlers\FileHandler' driver.
DEBUG - 2025-06-18 22:51:03 --> Session: Class initialized using 'CodeIgniter\Session\Handlers\FileHandler' driver.
DEBUG - 2025-06-18 22:51:06 --> Session: Class initialized using 'CodeIgniter\Session\Handlers\FileHandler' driver.
DEBUG - 2025-06-18 22:51:09 --> Session: Class initialized using 'CodeIgniter\Session\Handlers\FileHandler' driver.
DEBUG - 2025-06-18 22:51:15 --> Session: Class initialized using 'CodeIgniter\Session\Handlers\FileHandler' driver.
DEBUG - 2025-06-18 22:51:18 --> Session: Class initialized using 'CodeIgniter\Session\Handlers\FileHandler' driver.
DEBUG - 2025-06-18 22:51:57 --> Session: Class initialized using 'CodeIgniter\Session\Handlers\FileHandler' driver.
DEBUG - 2025-06-18 22:51:59 --> Session: Class initialized using 'CodeIgniter\Session\Handlers\FileHandler' driver.
DEBUG - 2025-06-18 22:52:03 --> Session: Class initialized using 'CodeIgniter\Session\Handlers\FileHandler' driver.
DEBUG - 2025-06-18 22:52:05 --> Session: Class initialized using 'CodeIgniter\Session\Handlers\FileHandler' driver.
DEBUG - 2025-06-18 22:52:07 --> Session: Class initialized using 'CodeIgniter\Session\Handlers\FileHandler' driver.
DEBUG - 2025-06-18 22:57:18 --> Session: Class initialized using 'CodeIgniter\Session\Handlers\FileHandler' driver.
DEBUG - 2025-06-18 22:57:22 --> Session: Class initialized using 'CodeIgniter\Session\Handlers\FileHandler' driver.
DEBUG - 2025-06-18 22:57:25 --> Session: Class initialized using 'CodeIgniter\Session\Handlers\FileHandler' driver.
DEBUG - 2025-06-18 22:57:47 --> Session: Class initialized using 'CodeIgniter\Session\Handlers\FileHandler' driver.
DEBUG - 2025-06-18 22:57:49 --> Session: Class initialized using 'CodeIgniter\Session\Handlers\FileHandler' driver.
DEBUG - 2025-06-18 22:57:52 --> Session: Class initialized using 'CodeIgniter\Session\Handlers\FileHandler' driver.
DEBUG - 2025-06-18 22:57:54 --> Session: Class initialized using 'CodeIgniter\Session\Handlers\FileHandler' driver.
DEBUG - 2025-06-18 22:57:57 --> Session: Class initialized using 'CodeIgniter\Session\Handlers\FileHandler' driver.
DEBUG - 2025-06-18 22:57:59 --> Session: Class initialized using 'CodeIgniter\Session\Handlers\FileHandler' driver.
DEBUG - 2025-06-18 22:58:49 --> Session: Class initialized using 'CodeIgniter\Session\Handlers\FileHandler' driver.
DEBUG - 2025-06-18 22:59:43 --> Session: Class initialized using 'CodeIgniter\Session\Handlers\FileHandler' driver.
DEBUG - 2025-06-18 22:59:46 --> Session: Class initialized using 'CodeIgniter\Session\Handlers\FileHandler' driver.
DEBUG - 2025-06-18 22:59:49 --> Session: Class initialized using 'CodeIgniter\Session\Handlers\FileHandler' driver.
DEBUG - 2025-06-18 23:00:23 --> Session: Class initialized using 'CodeIgniter\Session\Handlers\FileHandler' driver.
DEBUG - 2025-06-18 23:00:25 --> Session: Class initialized using 'CodeIgniter\Session\Handlers\FileHandler' driver.
DEBUG - 2025-06-18 23:00:37 --> Session: Class initialized using 'CodeIgniter\Session\Handlers\FileHandler' driver.
DEBUG - 2025-06-18 23:00:43 --> Session: Class initialized using 'CodeIgniter\Session\Handlers\FileHandler' driver.
DEBUG - 2025-06-18 23:00:44 --> Session: Class initialized using 'CodeIgniter\Session\Handlers\FileHandler' driver.
DEBUG - 2025-06-18 23:00:50 --> Session: Class initialized using 'CodeIgniter\Session\Handlers\FileHandler' driver.
DEBUG - 2025-06-18 23:00:52 --> Session: Class initialized using 'CodeIgniter\Session\Handlers\FileHandler' driver.
DEBUG - 2025-06-18 23:00:52 --> Session: Class initialized using 'CodeIgniter\Session\Handlers\FileHandler' driver.
DEBUG - 2025-06-18 23:00:55 --> Session: Class initialized using 'CodeIgniter\Session\Handlers\FileHandler' driver.
DEBUG - 2025-06-18 23:00:55 --> Session: Class initialized using 'CodeIgniter\Session\Handlers\FileHandler' driver.
DEBUG - 2025-06-18 23:01:02 --> Session: Class initialized using 'CodeIgniter\Session\Handlers\FileHandler' driver.
DEBUG - 2025-06-18 23:01:02 --> Session: Class initialized using 'CodeIgniter\Session\Handlers\FileHandler' driver.
DEBUG - 2025-06-18 23:01:05 --> Session: Class initialized using 'CodeIgniter\Session\Handlers\FileHandler' driver.
DEBUG - 2025-06-18 23:01:05 --> Session: Class initialized using 'CodeIgniter\Session\Handlers\FileHandler' driver.
DEBUG - 2025-06-18 23:01:08 --> Session: Class initialized using 'CodeIgniter\Session\Handlers\FileHandler' driver.
DEBUG - 2025-06-18 23:01:11 --> Session: Class initialized using 'CodeIgniter\Session\Handlers\FileHandler' driver.
DEBUG - 2025-06-18 23:01:11 --> Session: Class initialized using 'CodeIgniter\Session\Handlers\FileHandler' driver.
DEBUG - 2025-06-18 23:05:03 --> Session: Class initialized using 'CodeIgniter\Session\Handlers\FileHandler' driver.
DEBUG - 2025-06-18 23:09:51 --> Session: Class initialized using 'CodeIgniter\Session\Handlers\FileHandler' driver.
DEBUG - 2025-06-18 23:09:54 --> Session: Class initialized using 'CodeIgniter\Session\Handlers\FileHandler' driver.
DEBUG - 2025-06-18 23:09:55 --> Session: Class initialized using 'CodeIgniter\Session\Handlers\FileHandler' driver.
DEBUG - 2025-06-18 23:13:25 --> Session: Class initialized using 'CodeIgniter\Session\Handlers\FileHandler' driver.
DEBUG - 2025-06-18 23:13:27 --> Session: Class initialized using 'CodeIgniter\Session\Handlers\FileHandler' driver.
DEBUG - 2025-06-18 23:13:29 --> Session: Class initialized using 'CodeIgniter\Session\Handlers\FileHandler' driver.
DEBUG - 2025-06-18 23:13:29 --> Session: Class initialized using 'CodeIgniter\Session\Handlers\FileHandler' driver.
DEBUG - 2025-06-18 23:13:33 --> Session: Class initialized using 'CodeIgniter\Session\Handlers\FileHandler' driver.
DEBUG - 2025-06-18 23:13:33 --> Session: Class initialized using 'CodeIgniter\Session\Handlers\FileHandler' driver.
DEBUG - 2025-06-18 23:13:37 --> Session: Class initialized using 'CodeIgniter\Session\Handlers\FileHandler' driver.
DEBUG - 2025-06-18 23:13:39 --> Session: Class initialized using 'CodeIgniter\Session\Handlers\FileHandler' driver.
DEBUG - 2025-06-18 23:13:43 --> Session: Class initialized using 'CodeIgniter\Session\Handlers\FileHandler' driver.
DEBUG - 2025-06-18 23:13:45 --> Session: Class initialized using 'CodeIgniter\Session\Handlers\FileHandler' driver.
DEBUG - 2025-06-18 23:13:48 --> Session: Class initialized using 'CodeIgniter\Session\Handlers\FileHandler' driver.
DEBUG - 2025-06-18 23:13:48 --> Session: Class initialized using 'CodeIgniter\Session\Handlers\FileHandler' driver.
DEBUG - 2025-06-18 23:14:28 --> Session: Class initialized using 'CodeIgniter\Session\Handlers\FileHandler' driver.
DEBUG - 2025-06-18 23:14:28 --> Session: Class initialized using 'CodeIgniter\Session\Handlers\FileHandler' driver.
DEBUG - 2025-06-18 23:14:49 --> Session: Class initialized using 'CodeIgniter\Session\Handlers\FileHandler' driver.
DEBUG - 2025-06-18 23:14:52 --> Session: Class initialized using 'CodeIgniter\Session\Handlers\FileHandler' driver.
DEBUG - 2025-06-18 23:14:53 --> Session: Class initialized using 'CodeIgniter\Session\Handlers\FileHandler' driver.
DEBUG - 2025-06-18 23:14:54 --> Session: Class initialized using 'CodeIgniter\Session\Handlers\FileHandler' driver.
DEBUG - 2025-06-18 23:15:32 --> Session: Class initialized using 'CodeIgniter\Session\Handlers\FileHandler' driver.
DEBUG - 2025-06-18 23:16:26 --> Session: Class initialized using 'CodeIgniter\Session\Handlers\FileHandler' driver.
DEBUG - 2025-06-18 23:16:44 --> Session: Class initialized using 'CodeIgniter\Session\Handlers\FileHandler' driver.
DEBUG - 2025-06-18 23:17:08 --> Session: Class initialized using 'CodeIgniter\Session\Handlers\FileHandler' driver.
DEBUG - 2025-06-18 23:17:10 --> Session: Class initialized using 'CodeIgniter\Session\Handlers\FileHandler' driver.
DEBUG - 2025-06-18 23:17:13 --> Session: Class initialized using 'CodeIgniter\Session\Handlers\FileHandler' driver.
DEBUG - 2025-06-18 23:17:15 --> Session: Class initialized using 'CodeIgniter\Session\Handlers\FileHandler' driver.
DEBUG - 2025-06-18 23:17:23 --> Session: Class initialized using 'CodeIgniter\Session\Handlers\FileHandler' driver.
DEBUG - 2025-06-18 23:17:23 --> Session: Class initialized using 'CodeIgniter\Session\Handlers\FileHandler' driver.
DEBUG - 2025-06-18 23:17:36 --> Session: Class initialized using 'CodeIgniter\Session\Handlers\FileHandler' driver.
DEBUG - 2025-06-18 23:17:36 --> Session: Class initialized using 'CodeIgniter\Session\Handlers\FileHandler' driver.
DEBUG - 2025-06-18 23:17:38 --> Session: Class initialized using 'CodeIgniter\Session\Handlers\FileHandler' driver.
DEBUG - 2025-06-18 23:17:39 --> Session: Class initialized using 'CodeIgniter\Session\Handlers\FileHandler' driver.
DEBUG - 2025-06-18 23:17:49 --> Session: Class initialized using 'CodeIgniter\Session\Handlers\FileHandler' driver.
DEBUG - 2025-06-18 23:17:50 --> Session: Class initialized using 'CodeIgniter\Session\Handlers\FileHandler' driver.
DEBUG - 2025-06-18 23:17:53 --> Session: Class initialized using 'CodeIgniter\Session\Handlers\FileHandler' driver.
DEBUG - 2025-06-18 23:18:03 --> Session: Class initialized using 'CodeIgniter\Session\Handlers\FileHandler' driver.
DEBUG - 2025-06-18 23:18:12 --> Session: Class initialized using 'CodeIgniter\Session\Handlers\FileHandler' driver.
DEBUG - 2025-06-18 23:22:49 --> Session: Class initialized using 'CodeIgniter\Session\Handlers\FileHandler' driver.
DEBUG - 2025-06-18 23:22:52 --> Session: Class initialized using 'CodeIgniter\Session\Handlers\FileHandler' driver.
DEBUG - 2025-06-18 23:22:54 --> Session: Class initialized using 'CodeIgniter\Session\Handlers\FileHandler' driver.
DEBUG - 2025-06-18 23:22:54 --> Session: Class initialized using 'CodeIgniter\Session\Handlers\FileHandler' driver.
DEBUG - 2025-06-18 23:22:56 --> Session: Class initialized using 'CodeIgniter\Session\Handlers\FileHandler' driver.
DEBUG - 2025-06-18 23:22:56 --> Session: Class initialized using 'CodeIgniter\Session\Handlers\FileHandler' driver.
DEBUG - 2025-06-18 23:23:00 --> Session: Class initialized using 'CodeIgniter\Session\Handlers\FileHandler' driver.
DEBUG - 2025-06-18 23:23:00 --> Session: Class initialized using 'CodeIgniter\Session\Handlers\FileHandler' driver.
DEBUG - 2025-06-18 23:23:03 --> Session: Class initialized using 'CodeIgniter\Session\Handlers\FileHandler' driver.
DEBUG - 2025-06-18 23:23:03 --> Session: Class initialized using 'CodeIgniter\Session\Handlers\FileHandler' driver.
DEBUG - 2025-06-18 23:23:08 --> Session: Class initialized using 'CodeIgniter\Session\Handlers\FileHandler' driver.
DEBUG - 2025-06-18 23:23:08 --> Session: Class initialized using 'CodeIgniter\Session\Handlers\FileHandler' driver.
DEBUG - 2025-06-18 23:23:56 --> Session: Class initialized using 'CodeIgniter\Session\Handlers\FileHandler' driver.
DEBUG - 2025-06-18 23:23:56 --> Session: Class initialized using 'CodeIgniter\Session\Handlers\FileHandler' driver.
DEBUG - 2025-06-18 23:24:33 --> Session: Class initialized using 'CodeIgniter\Session\Handlers\FileHandler' driver.
DEBUG - 2025-06-18 23:24:35 --> Session: Class initialized using 'CodeIgniter\Session\Handlers\FileHandler' driver.
DEBUG - 2025-06-18 23:24:42 --> Session: Class initialized using 'CodeIgniter\Session\Handlers\FileHandler' driver.
DEBUG - 2025-06-18 23:24:42 --> Session: Class initialized using 'CodeIgniter\Session\Handlers\FileHandler' driver.
DEBUG - 2025-06-18 23:24:47 --> Session: Class initialized using 'CodeIgniter\Session\Handlers\FileHandler' driver.
DEBUG - 2025-06-18 23:24:48 --> Session: Class initialized using 'CodeIgniter\Session\Handlers\FileHandler' driver.
DEBUG - 2025-06-18 23:24:53 --> Session: Class initialized using 'CodeIgniter\Session\Handlers\FileHandler' driver.
DEBUG - 2025-06-18 23:24:53 --> Session: Class initialized using 'CodeIgniter\Session\Handlers\FileHandler' driver.
DEBUG - 2025-06-18 23:24:59 --> Session: Class initialized using 'CodeIgniter\Session\Handlers\FileHandler' driver.
DEBUG - 2025-06-18 23:25:05 --> Session: Class initialized using 'CodeIgniter\Session\Handlers\FileHandler' driver.
DEBUG - 2025-06-18 23:25:05 --> Session: Class initialized using 'CodeIgniter\Session\Handlers\FileHandler' driver.
DEBUG - 2025-06-18 23:25:11 --> Session: Class initialized using 'CodeIgniter\Session\Handlers\FileHandler' driver.
DEBUG - 2025-06-18 23:25:15 --> Session: Class initialized using 'CodeIgniter\Session\Handlers\FileHandler' driver.
DEBUG - 2025-06-18 23:25:15 --> Session: Class initialized using 'CodeIgniter\Session\Handlers\FileHandler' driver.
DEBUG - 2025-06-18 23:25:20 --> Session: Class initialized using 'CodeIgniter\Session\Handlers\FileHandler' driver.
DEBUG - 2025-06-18 23:25:43 --> Session: Class initialized using 'CodeIgniter\Session\Handlers\FileHandler' driver.
DEBUG - 2025-06-18 23:25:48 --> Session: Class initialized using 'CodeIgniter\Session\Handlers\FileHandler' driver.
DEBUG - 2025-06-18 23:25:50 --> Session: Class initialized using 'CodeIgniter\Session\Handlers\FileHandler' driver.
DEBUG - 2025-06-18 23:25:50 --> Session: Class initialized using 'CodeIgniter\Session\Handlers\FileHandler' driver.
DEBUG - 2025-06-18 23:25:51 --> Session: Class initialized using 'CodeIgniter\Session\Handlers\FileHandler' driver.
DEBUG - 2025-06-18 23:25:54 --> Session: Class initialized using 'CodeIgniter\Session\Handlers\FileHandler' driver.
DEBUG - 2025-06-18 23:25:54 --> Session: Class initialized using 'CodeIgniter\Session\Handlers\FileHandler' driver.
DEBUG - 2025-06-18 23:26:19 --> Session: Class initialized using 'CodeIgniter\Session\Handlers\FileHandler' driver.
DEBUG - 2025-06-18 23:26:20 --> Session: Class initialized using 'CodeIgniter\Session\Handlers\FileHandler' driver.
DEBUG - 2025-06-18 23:26:21 --> Session: Class initialized using 'CodeIgniter\Session\Handlers\FileHandler' driver.
DEBUG - 2025-06-18 23:26:22 --> Session: Class initialized using 'CodeIgniter\Session\Handlers\FileHandler' driver.
DEBUG - 2025-06-18 23:26:27 --> Session: Class initialized using 'CodeIgniter\Session\Handlers\FileHandler' driver.
DEBUG - 2025-06-18 23:26:27 --> Session: Class initialized using 'CodeIgniter\Session\Handlers\FileHandler' driver.
DEBUG - 2025-06-18 23:29:21 --> Session: Class initialized using 'CodeIgniter\Session\Handlers\FileHandler' driver.
DEBUG - 2025-06-18 23:29:38 --> Session: Class initialized using 'CodeIgniter\Session\Handlers\FileHandler' driver.
DEBUG - 2025-06-18 23:29:47 --> Session: Class initialized using 'CodeIgniter\Session\Handlers\FileHandler' driver.
DEBUG - 2025-06-18 23:30:23 --> Session: Class initialized using 'CodeIgniter\Session\Handlers\FileHandler' driver.
DEBUG - 2025-06-18 23:30:24 --> Session: Class initialized using 'CodeIgniter\Session\Handlers\FileHandler' driver.
DEBUG - 2025-06-18 23:30:28 --> Session: Class initialized using 'CodeIgniter\Session\Handlers\FileHandler' driver.
DEBUG - 2025-06-18 23:30:31 --> Session: Class initialized using 'CodeIgniter\Session\Handlers\FileHandler' driver.
DEBUG - 2025-06-18 23:30:35 --> Session: Class initialized using 'CodeIgniter\Session\Handlers\FileHandler' driver.
DEBUG - 2025-06-18 23:30:35 --> Session: Class initialized using 'CodeIgniter\Session\Handlers\FileHandler' driver.
DEBUG - 2025-06-18 23:30:38 --> Session: Class initialized using 'CodeIgniter\Session\Handlers\FileHandler' driver.
DEBUG - 2025-06-18 23:30:39 --> Session: Class initialized using 'CodeIgniter\Session\Handlers\FileHandler' driver.
DEBUG - 2025-06-18 23:30:43 --> Session: Class initialized using 'CodeIgniter\Session\Handlers\FileHandler' driver.
DEBUG - 2025-06-18 23:30:43 --> Session: Class initialized using 'CodeIgniter\Session\Handlers\FileHandler' driver.
DEBUG - 2025-06-18 23:30:45 --> Session: Class initialized using 'CodeIgniter\Session\Handlers\FileHandler' driver.
DEBUG - 2025-06-18 23:30:45 --> Session: Class initialized using 'CodeIgniter\Session\Handlers\FileHandler' driver.
DEBUG - 2025-06-18 23:30:53 --> Session: Class initialized using 'CodeIgniter\Session\Handlers\FileHandler' driver.
DEBUG - 2025-06-18 23:30:53 --> Session: Class initialized using 'CodeIgniter\Session\Handlers\FileHandler' driver.
