CRITICAL - 2025-06-10 00:08:33 --> ErrorException: Undefined property: CodeIgniter\View\View::$categoriaModel
[Method: GET, Route: admin/productos/listar]
in APPPATH\Views\admin\productos\listar.php on line 54.
 1 APPPATH\Views\admin\productos\listar.php(54): CodeIgniter\Debug\Exceptions->errorHandler(2, 'Undefined property: CodeIgniter\\View\\View::$categoriaModel', 'C:\\xampp\\htdocs\\proyecto_benitez_lopez\\app\\Views\\admin\\productos\\listar.php', 54)
 2 SYSTEMPATH\View\View.php(224): include('C:\\xampp\\htdocs\\proyecto_benitez_lopez\\app\\Views\\admin\\productos\\listar.php')
 3 SYSTEMPATH\View\View.php(227): CodeIgniter\View\View->CodeIgniter\View\{closure}()
 4 SYSTEMPATH\Common.php(1173): CodeIgniter\View\View->render('admin/productos/listar', [], true)
 5 APPPATH\Controllers\ProductoController.php(38): view('admin/productos/listar')
 6 SYSTEMPATH\CodeIgniter.php(933): App\Controllers\ProductoController->listar()
 7 SYSTEMPATH\CodeIgniter.php(507): CodeIgniter\CodeIgniter->runController(Object(App\Controllers\ProductoController))
 8 SYSTEMPATH\CodeIgniter.php(354): CodeIgniter\CodeIgniter->handleRequest(null, Object(Config\Cache), false)
 9 SYSTEMPATH\Boot.php(334): CodeIgniter\CodeIgniter->run()
10 SYSTEMPATH\Boot.php(67): CodeIgniter\Boot::runCodeIgniter(Object(CodeIgniter\CodeIgniter))
11 FCPATH\index.php(56): CodeIgniter\Boot::bootWeb(Object(Config\Paths))
CRITICAL - 2025-06-10 00:18:09 --> ErrorException: Undefined property: CodeIgniter\View\View::$categoriaModel
[Method: GET, Route: admin/productos/listar]
in APPPATH\Views\admin\productos\listar.php on line 54.
 1 APPPATH\Views\admin\productos\listar.php(54): CodeIgniter\Debug\Exceptions->errorHandler(2, 'Undefined property: CodeIgniter\\View\\View::$categoriaModel', 'C:\\xampp\\htdocs\\proyecto_benitez_lopez\\app\\Views\\admin\\productos\\listar.php', 54)
 2 SYSTEMPATH\View\View.php(224): include('C:\\xampp\\htdocs\\proyecto_benitez_lopez\\app\\Views\\admin\\productos\\listar.php')
 3 SYSTEMPATH\View\View.php(227): CodeIgniter\View\View->CodeIgniter\View\{closure}()
 4 SYSTEMPATH\Common.php(1173): CodeIgniter\View\View->render('admin/productos/listar', [], true)
 5 APPPATH\Controllers\ProductoController.php(38): view('admin/productos/listar')
 6 SYSTEMPATH\CodeIgniter.php(933): App\Controllers\ProductoController->listar()
 7 SYSTEMPATH\CodeIgniter.php(507): CodeIgniter\CodeIgniter->runController(Object(App\Controllers\ProductoController))
 8 SYSTEMPATH\CodeIgniter.php(354): CodeIgniter\CodeIgniter->handleRequest(null, Object(Config\Cache), false)
 9 SYSTEMPATH\Boot.php(334): CodeIgniter\CodeIgniter->run()
10 SYSTEMPATH\Boot.php(67): CodeIgniter\Boot::runCodeIgniter(Object(CodeIgniter\CodeIgniter))
11 FCPATH\index.php(56): CodeIgniter\Boot::bootWeb(Object(Config\Paths))
CRITICAL - 2025-06-10 00:25:10 --> ErrorException: Undefined property: CodeIgniter\View\View::$request
[Method: GET, Route: admin/productos/listar]
in APPPATH\Views\admin\productos\listar.php on line 16.
 1 APPPATH\Views\admin\productos\listar.php(16): CodeIgniter\Debug\Exceptions->errorHandler(2, 'Undefined property: CodeIgniter\\View\\View::$request', 'C:\\xampp\\htdocs\\proyecto_benitez_lopez\\app\\Views\\admin\\productos\\listar.php', 16)
 2 SYSTEMPATH\View\View.php(224): include('C:\\xampp\\htdocs\\proyecto_benitez_lopez\\app\\Views\\admin\\productos\\listar.php')
 3 SYSTEMPATH\View\View.php(227): CodeIgniter\View\View->CodeIgniter\View\{closure}()
 4 SYSTEMPATH\Common.php(1173): CodeIgniter\View\View->render('admin/productos/listar', [], true)
 5 APPPATH\Controllers\ProductoController.php(38): view('admin/productos/listar')
 6 SYSTEMPATH\CodeIgniter.php(933): App\Controllers\ProductoController->listar()
 7 SYSTEMPATH\CodeIgniter.php(507): CodeIgniter\CodeIgniter->runController(Object(App\Controllers\ProductoController))
 8 SYSTEMPATH\CodeIgniter.php(354): CodeIgniter\CodeIgniter->handleRequest(null, Object(Config\Cache), false)
 9 SYSTEMPATH\Boot.php(334): CodeIgniter\CodeIgniter->run()
10 SYSTEMPATH\Boot.php(67): CodeIgniter\Boot::runCodeIgniter(Object(CodeIgniter\CodeIgniter))
11 FCPATH\index.php(56): CodeIgniter\Boot::bootWeb(Object(Config\Paths))
CRITICAL - 2025-06-10 00:25:13 --> ErrorException: Undefined property: CodeIgniter\View\View::$request
[Method: GET, Route: admin/productos/listar]
in APPPATH\Views\admin\productos\listar.php on line 16.
 1 APPPATH\Views\admin\productos\listar.php(16): CodeIgniter\Debug\Exceptions->errorHandler(2, 'Undefined property: CodeIgniter\\View\\View::$request', 'C:\\xampp\\htdocs\\proyecto_benitez_lopez\\app\\Views\\admin\\productos\\listar.php', 16)
 2 SYSTEMPATH\View\View.php(224): include('C:\\xampp\\htdocs\\proyecto_benitez_lopez\\app\\Views\\admin\\productos\\listar.php')
 3 SYSTEMPATH\View\View.php(227): CodeIgniter\View\View->CodeIgniter\View\{closure}()
 4 SYSTEMPATH\Common.php(1173): CodeIgniter\View\View->render('admin/productos/listar', [], true)
 5 APPPATH\Controllers\ProductoController.php(38): view('admin/productos/listar')
 6 SYSTEMPATH\CodeIgniter.php(933): App\Controllers\ProductoController->listar()
 7 SYSTEMPATH\CodeIgniter.php(507): CodeIgniter\CodeIgniter->runController(Object(App\Controllers\ProductoController))
 8 SYSTEMPATH\CodeIgniter.php(354): CodeIgniter\CodeIgniter->handleRequest(null, Object(Config\Cache), false)
 9 SYSTEMPATH\Boot.php(334): CodeIgniter\CodeIgniter->run()
10 SYSTEMPATH\Boot.php(67): CodeIgniter\Boot::runCodeIgniter(Object(CodeIgniter\CodeIgniter))
11 FCPATH\index.php(56): CodeIgniter\Boot::bootWeb(Object(Config\Paths))
CRITICAL - 2025-06-10 00:25:17 --> ErrorException: Undefined property: CodeIgniter\View\View::$request
[Method: GET, Route: admin/productos/listar]
in APPPATH\Views\admin\productos\listar.php on line 16.
 1 APPPATH\Views\admin\productos\listar.php(16): CodeIgniter\Debug\Exceptions->errorHandler(2, 'Undefined property: CodeIgniter\\View\\View::$request', 'C:\\xampp\\htdocs\\proyecto_benitez_lopez\\app\\Views\\admin\\productos\\listar.php', 16)
 2 SYSTEMPATH\View\View.php(224): include('C:\\xampp\\htdocs\\proyecto_benitez_lopez\\app\\Views\\admin\\productos\\listar.php')
 3 SYSTEMPATH\View\View.php(227): CodeIgniter\View\View->CodeIgniter\View\{closure}()
 4 SYSTEMPATH\Common.php(1173): CodeIgniter\View\View->render('admin/productos/listar', [], true)
 5 APPPATH\Controllers\ProductoController.php(38): view('admin/productos/listar')
 6 SYSTEMPATH\CodeIgniter.php(933): App\Controllers\ProductoController->listar()
 7 SYSTEMPATH\CodeIgniter.php(507): CodeIgniter\CodeIgniter->runController(Object(App\Controllers\ProductoController))
 8 SYSTEMPATH\CodeIgniter.php(354): CodeIgniter\CodeIgniter->handleRequest(null, Object(Config\Cache), false)
 9 SYSTEMPATH\Boot.php(334): CodeIgniter\CodeIgniter->run()
10 SYSTEMPATH\Boot.php(67): CodeIgniter\Boot::runCodeIgniter(Object(CodeIgniter\CodeIgniter))
11 FCPATH\index.php(56): CodeIgniter\Boot::bootWeb(Object(Config\Paths))
CRITICAL - 2025-06-10 00:25:21 --> ErrorException: Undefined property: CodeIgniter\View\View::$request
[Method: GET, Route: admin/productos/listar]
in APPPATH\Views\admin\productos\listar.php on line 16.
 1 APPPATH\Views\admin\productos\listar.php(16): CodeIgniter\Debug\Exceptions->errorHandler(2, 'Undefined property: CodeIgniter\\View\\View::$request', 'C:\\xampp\\htdocs\\proyecto_benitez_lopez\\app\\Views\\admin\\productos\\listar.php', 16)
 2 SYSTEMPATH\View\View.php(224): include('C:\\xampp\\htdocs\\proyecto_benitez_lopez\\app\\Views\\admin\\productos\\listar.php')
 3 SYSTEMPATH\View\View.php(227): CodeIgniter\View\View->CodeIgniter\View\{closure}()
 4 SYSTEMPATH\Common.php(1173): CodeIgniter\View\View->render('admin/productos/listar', [], true)
 5 APPPATH\Controllers\ProductoController.php(38): view('admin/productos/listar')
 6 SYSTEMPATH\CodeIgniter.php(933): App\Controllers\ProductoController->listar()
 7 SYSTEMPATH\CodeIgniter.php(507): CodeIgniter\CodeIgniter->runController(Object(App\Controllers\ProductoController))
 8 SYSTEMPATH\CodeIgniter.php(354): CodeIgniter\CodeIgniter->handleRequest(null, Object(Config\Cache), false)
 9 SYSTEMPATH\Boot.php(334): CodeIgniter\CodeIgniter->run()
10 SYSTEMPATH\Boot.php(67): CodeIgniter\Boot::runCodeIgniter(Object(CodeIgniter\CodeIgniter))
11 FCPATH\index.php(56): CodeIgniter\Boot::bootWeb(Object(Config\Paths))
CRITICAL - 2025-06-10 00:25:52 --> ErrorException: Undefined property: CodeIgniter\View\View::$request
[Method: GET, Route: admin/productos/listar]
in APPPATH\Views\admin\productos\listar.php on line 16.
 1 APPPATH\Views\admin\productos\listar.php(16): CodeIgniter\Debug\Exceptions->errorHandler(2, 'Undefined property: CodeIgniter\\View\\View::$request', 'C:\\xampp\\htdocs\\proyecto_benitez_lopez\\app\\Views\\admin\\productos\\listar.php', 16)
 2 SYSTEMPATH\View\View.php(224): include('C:\\xampp\\htdocs\\proyecto_benitez_lopez\\app\\Views\\admin\\productos\\listar.php')
 3 SYSTEMPATH\View\View.php(227): CodeIgniter\View\View->CodeIgniter\View\{closure}()
 4 SYSTEMPATH\Common.php(1173): CodeIgniter\View\View->render('admin/productos/listar', [], true)
 5 APPPATH\Controllers\ProductoController.php(38): view('admin/productos/listar')
 6 SYSTEMPATH\CodeIgniter.php(933): App\Controllers\ProductoController->listar()
 7 SYSTEMPATH\CodeIgniter.php(507): CodeIgniter\CodeIgniter->runController(Object(App\Controllers\ProductoController))
 8 SYSTEMPATH\CodeIgniter.php(354): CodeIgniter\CodeIgniter->handleRequest(null, Object(Config\Cache), false)
 9 SYSTEMPATH\Boot.php(334): CodeIgniter\CodeIgniter->run()
10 SYSTEMPATH\Boot.php(67): CodeIgniter\Boot::runCodeIgniter(Object(CodeIgniter\CodeIgniter))
11 FCPATH\index.php(56): CodeIgniter\Boot::bootWeb(Object(Config\Paths))
CRITICAL - 2025-06-10 00:26:19 --> ErrorException: Undefined property: CodeIgniter\View\View::$request
[Method: GET, Route: admin/productos/listar]
in APPPATH\Views\admin\productos\listar.php on line 16.
 1 APPPATH\Views\admin\productos\listar.php(16): CodeIgniter\Debug\Exceptions->errorHandler(2, 'Undefined property: CodeIgniter\\View\\View::$request', 'C:\\xampp\\htdocs\\proyecto_benitez_lopez\\app\\Views\\admin\\productos\\listar.php', 16)
 2 SYSTEMPATH\View\View.php(224): include('C:\\xampp\\htdocs\\proyecto_benitez_lopez\\app\\Views\\admin\\productos\\listar.php')
 3 SYSTEMPATH\View\View.php(227): CodeIgniter\View\View->CodeIgniter\View\{closure}()
 4 SYSTEMPATH\Common.php(1173): CodeIgniter\View\View->render('admin/productos/listar', [], true)
 5 APPPATH\Controllers\ProductoController.php(38): view('admin/productos/listar')
 6 SYSTEMPATH\CodeIgniter.php(933): App\Controllers\ProductoController->listar()
 7 SYSTEMPATH\CodeIgniter.php(507): CodeIgniter\CodeIgniter->runController(Object(App\Controllers\ProductoController))
 8 SYSTEMPATH\CodeIgniter.php(354): CodeIgniter\CodeIgniter->handleRequest(null, Object(Config\Cache), false)
 9 SYSTEMPATH\Boot.php(334): CodeIgniter\CodeIgniter->run()
10 SYSTEMPATH\Boot.php(67): CodeIgniter\Boot::runCodeIgniter(Object(CodeIgniter\CodeIgniter))
11 FCPATH\index.php(56): CodeIgniter\Boot::bootWeb(Object(Config\Paths))
CRITICAL - 2025-06-10 00:27:58 --> ErrorException: Undefined property: CodeIgniter\View\View::$request
[Method: GET, Route: admin/productos/listar]
in APPPATH\Views\admin\productos\listar.php on line 16.
 1 APPPATH\Views\admin\productos\listar.php(16): CodeIgniter\Debug\Exceptions->errorHandler(2, 'Undefined property: CodeIgniter\\View\\View::$request', 'C:\\xampp\\htdocs\\proyecto_benitez_lopez\\app\\Views\\admin\\productos\\listar.php', 16)
 2 SYSTEMPATH\View\View.php(224): include('C:\\xampp\\htdocs\\proyecto_benitez_lopez\\app\\Views\\admin\\productos\\listar.php')
 3 SYSTEMPATH\View\View.php(227): CodeIgniter\View\View->CodeIgniter\View\{closure}()
 4 SYSTEMPATH\Common.php(1173): CodeIgniter\View\View->render('admin/productos/listar', [], true)
 5 APPPATH\Controllers\ProductoController.php(38): view('admin/productos/listar')
 6 SYSTEMPATH\CodeIgniter.php(933): App\Controllers\ProductoController->listar()
 7 SYSTEMPATH\CodeIgniter.php(507): CodeIgniter\CodeIgniter->runController(Object(App\Controllers\ProductoController))
 8 SYSTEMPATH\CodeIgniter.php(354): CodeIgniter\CodeIgniter->handleRequest(null, Object(Config\Cache), false)
 9 SYSTEMPATH\Boot.php(334): CodeIgniter\CodeIgniter->run()
10 SYSTEMPATH\Boot.php(67): CodeIgniter\Boot::runCodeIgniter(Object(CodeIgniter\CodeIgniter))
11 FCPATH\index.php(56): CodeIgniter\Boot::bootWeb(Object(Config\Paths))
CRITICAL - 2025-06-10 00:43:00 --> ParseError: syntax error, unexpected token "{"
[Method: GET, Route: admin/productos/listar]
in APPPATH\Controllers\ProductoController.php on line 168.
 1 SYSTEMPATH\Autoloader\Autoloader.php(295): CodeIgniter\Autoloader\Autoloader->includeFile('C:\\xampp\\htdocs\\proyecto_benitez_lopez\\app\\Controllers\\ProductoController.php')
 2 SYSTEMPATH\Autoloader\Autoloader.php(271): CodeIgniter\Autoloader\Autoloader->loadInNamespace('App\\Controllers\\ProductoController')
 3 [internal function]: CodeIgniter\Autoloader\Autoloader->loadClass('App\\Controllers\\ProductoController')
 4 SYSTEMPATH\CodeIgniter.php(885): class_exists('\\App\\Controllers\\ProductoController', true)
 5 SYSTEMPATH\CodeIgniter.php(494): CodeIgniter\CodeIgniter->startController()
 6 SYSTEMPATH\CodeIgniter.php(354): CodeIgniter\CodeIgniter->handleRequest(null, Object(Config\Cache), false)
 7 SYSTEMPATH\Boot.php(334): CodeIgniter\CodeIgniter->run()
 8 SYSTEMPATH\Boot.php(67): CodeIgniter\Boot::runCodeIgniter(Object(CodeIgniter\CodeIgniter))
 9 FCPATH\index.php(56): CodeIgniter\Boot::bootWeb(Object(Config\Paths))
CRITICAL - 2025-06-10 00:47:03 --> ParseError: syntax error, unexpected token "{"
[Method: GET, Route: admin/productos/listar]
in APPPATH\Controllers\ProductoController.php on line 168.
 1 SYSTEMPATH\Autoloader\Autoloader.php(295): CodeIgniter\Autoloader\Autoloader->includeFile('C:\\xampp\\htdocs\\proyecto_benitez_lopez\\app\\Controllers\\ProductoController.php')
 2 SYSTEMPATH\Autoloader\Autoloader.php(271): CodeIgniter\Autoloader\Autoloader->loadInNamespace('App\\Controllers\\ProductoController')
 3 [internal function]: CodeIgniter\Autoloader\Autoloader->loadClass('App\\Controllers\\ProductoController')
 4 SYSTEMPATH\CodeIgniter.php(885): class_exists('\\App\\Controllers\\ProductoController', true)
 5 SYSTEMPATH\CodeIgniter.php(494): CodeIgniter\CodeIgniter->startController()
 6 SYSTEMPATH\CodeIgniter.php(354): CodeIgniter\CodeIgniter->handleRequest(null, Object(Config\Cache), false)
 7 SYSTEMPATH\Boot.php(334): CodeIgniter\CodeIgniter->run()
 8 SYSTEMPATH\Boot.php(67): CodeIgniter\Boot::runCodeIgniter(Object(CodeIgniter\CodeIgniter))
 9 FCPATH\index.php(56): CodeIgniter\Boot::bootWeb(Object(Config\Paths))
CRITICAL - 2025-06-10 00:47:09 --> ParseError: syntax error, unexpected token "{"
[Method: GET, Route: admin/productos/listar]
in APPPATH\Controllers\ProductoController.php on line 168.
 1 SYSTEMPATH\Autoloader\Autoloader.php(295): CodeIgniter\Autoloader\Autoloader->includeFile('C:\\xampp\\htdocs\\proyecto_benitez_lopez\\app\\Controllers\\ProductoController.php')
 2 SYSTEMPATH\Autoloader\Autoloader.php(271): CodeIgniter\Autoloader\Autoloader->loadInNamespace('App\\Controllers\\ProductoController')
 3 [internal function]: CodeIgniter\Autoloader\Autoloader->loadClass('App\\Controllers\\ProductoController')
 4 SYSTEMPATH\CodeIgniter.php(885): class_exists('\\App\\Controllers\\ProductoController', true)
 5 SYSTEMPATH\CodeIgniter.php(494): CodeIgniter\CodeIgniter->startController()
 6 SYSTEMPATH\CodeIgniter.php(354): CodeIgniter\CodeIgniter->handleRequest(null, Object(Config\Cache), false)
 7 SYSTEMPATH\Boot.php(334): CodeIgniter\CodeIgniter->run()
 8 SYSTEMPATH\Boot.php(67): CodeIgniter\Boot::runCodeIgniter(Object(CodeIgniter\CodeIgniter))
 9 FCPATH\index.php(56): CodeIgniter\Boot::bootWeb(Object(Config\Paths))
CRITICAL - 2025-06-10 00:48:14 --> ParseError: syntax error, unexpected token "{"
[Method: GET, Route: admin/productos/listar]
in APPPATH\Controllers\ProductoController.php on line 168.
 1 SYSTEMPATH\Autoloader\Autoloader.php(295): CodeIgniter\Autoloader\Autoloader->includeFile('C:\\xampp\\htdocs\\proyecto_benitez_lopez\\app\\Controllers\\ProductoController.php')
 2 SYSTEMPATH\Autoloader\Autoloader.php(271): CodeIgniter\Autoloader\Autoloader->loadInNamespace('App\\Controllers\\ProductoController')
 3 [internal function]: CodeIgniter\Autoloader\Autoloader->loadClass('App\\Controllers\\ProductoController')
 4 SYSTEMPATH\CodeIgniter.php(885): class_exists('\\App\\Controllers\\ProductoController', true)
 5 SYSTEMPATH\CodeIgniter.php(494): CodeIgniter\CodeIgniter->startController()
 6 SYSTEMPATH\CodeIgniter.php(354): CodeIgniter\CodeIgniter->handleRequest(null, Object(Config\Cache), false)
 7 SYSTEMPATH\Boot.php(334): CodeIgniter\CodeIgniter->run()
 8 SYSTEMPATH\Boot.php(67): CodeIgniter\Boot::runCodeIgniter(Object(CodeIgniter\CodeIgniter))
 9 FCPATH\index.php(56): CodeIgniter\Boot::bootWeb(Object(Config\Paths))
CRITICAL - 2025-06-10 00:48:20 --> ParseError: syntax error, unexpected token "{"
[Method: GET, Route: admin/productos/crear]
in APPPATH\Controllers\ProductoController.php on line 168.
 1 SYSTEMPATH\Autoloader\Autoloader.php(295): CodeIgniter\Autoloader\Autoloader->includeFile('C:\\xampp\\htdocs\\proyecto_benitez_lopez\\app\\Controllers\\ProductoController.php')
 2 SYSTEMPATH\Autoloader\Autoloader.php(271): CodeIgniter\Autoloader\Autoloader->loadInNamespace('App\\Controllers\\ProductoController')
 3 [internal function]: CodeIgniter\Autoloader\Autoloader->loadClass('App\\Controllers\\ProductoController')
 4 SYSTEMPATH\CodeIgniter.php(885): class_exists('\\App\\Controllers\\ProductoController', true)
 5 SYSTEMPATH\CodeIgniter.php(494): CodeIgniter\CodeIgniter->startController()
 6 SYSTEMPATH\CodeIgniter.php(354): CodeIgniter\CodeIgniter->handleRequest(null, Object(Config\Cache), false)
 7 SYSTEMPATH\Boot.php(334): CodeIgniter\CodeIgniter->run()
 8 SYSTEMPATH\Boot.php(67): CodeIgniter\Boot::runCodeIgniter(Object(CodeIgniter\CodeIgniter))
 9 FCPATH\index.php(56): CodeIgniter\Boot::bootWeb(Object(Config\Paths))
CRITICAL - 2025-06-10 00:48:22 --> ParseError: syntax error, unexpected token "{"
[Method: GET, Route: admin/productos/crear]
in APPPATH\Controllers\ProductoController.php on line 168.
 1 SYSTEMPATH\Autoloader\Autoloader.php(295): CodeIgniter\Autoloader\Autoloader->includeFile('C:\\xampp\\htdocs\\proyecto_benitez_lopez\\app\\Controllers\\ProductoController.php')
 2 SYSTEMPATH\Autoloader\Autoloader.php(271): CodeIgniter\Autoloader\Autoloader->loadInNamespace('App\\Controllers\\ProductoController')
 3 [internal function]: CodeIgniter\Autoloader\Autoloader->loadClass('App\\Controllers\\ProductoController')
 4 SYSTEMPATH\CodeIgniter.php(885): class_exists('\\App\\Controllers\\ProductoController', true)
 5 SYSTEMPATH\CodeIgniter.php(494): CodeIgniter\CodeIgniter->startController()
 6 SYSTEMPATH\CodeIgniter.php(354): CodeIgniter\CodeIgniter->handleRequest(null, Object(Config\Cache), false)
 7 SYSTEMPATH\Boot.php(334): CodeIgniter\CodeIgniter->run()
 8 SYSTEMPATH\Boot.php(67): CodeIgniter\Boot::runCodeIgniter(Object(CodeIgniter\CodeIgniter))
 9 FCPATH\index.php(56): CodeIgniter\Boot::bootWeb(Object(Config\Paths))
CRITICAL - 2025-06-10 00:48:34 --> ParseError: syntax error, unexpected token "{"
[Method: GET, Route: admin/productos/crear]
in APPPATH\Controllers\ProductoController.php on line 168.
 1 SYSTEMPATH\Autoloader\Autoloader.php(295): CodeIgniter\Autoloader\Autoloader->includeFile('C:\\xampp\\htdocs\\proyecto_benitez_lopez\\app\\Controllers\\ProductoController.php')
 2 SYSTEMPATH\Autoloader\Autoloader.php(271): CodeIgniter\Autoloader\Autoloader->loadInNamespace('App\\Controllers\\ProductoController')
 3 [internal function]: CodeIgniter\Autoloader\Autoloader->loadClass('App\\Controllers\\ProductoController')
 4 SYSTEMPATH\CodeIgniter.php(885): class_exists('\\App\\Controllers\\ProductoController', true)
 5 SYSTEMPATH\CodeIgniter.php(494): CodeIgniter\CodeIgniter->startController()
 6 SYSTEMPATH\CodeIgniter.php(354): CodeIgniter\CodeIgniter->handleRequest(null, Object(Config\Cache), false)
 7 SYSTEMPATH\Boot.php(334): CodeIgniter\CodeIgniter->run()
 8 SYSTEMPATH\Boot.php(67): CodeIgniter\Boot::runCodeIgniter(Object(CodeIgniter\CodeIgniter))
 9 FCPATH\index.php(56): CodeIgniter\Boot::bootWeb(Object(Config\Paths))
CRITICAL - 2025-06-10 00:48:37 --> ParseError: syntax error, unexpected token "{"
[Method: GET, Route: admin/productos/crear]
in APPPATH\Controllers\ProductoController.php on line 168.
 1 SYSTEMPATH\Autoloader\Autoloader.php(295): CodeIgniter\Autoloader\Autoloader->includeFile('C:\\xampp\\htdocs\\proyecto_benitez_lopez\\app\\Controllers\\ProductoController.php')
 2 SYSTEMPATH\Autoloader\Autoloader.php(271): CodeIgniter\Autoloader\Autoloader->loadInNamespace('App\\Controllers\\ProductoController')
 3 [internal function]: CodeIgniter\Autoloader\Autoloader->loadClass('App\\Controllers\\ProductoController')
 4 SYSTEMPATH\CodeIgniter.php(885): class_exists('\\App\\Controllers\\ProductoController', true)
 5 SYSTEMPATH\CodeIgniter.php(494): CodeIgniter\CodeIgniter->startController()
 6 SYSTEMPATH\CodeIgniter.php(354): CodeIgniter\CodeIgniter->handleRequest(null, Object(Config\Cache), false)
 7 SYSTEMPATH\Boot.php(334): CodeIgniter\CodeIgniter->run()
 8 SYSTEMPATH\Boot.php(67): CodeIgniter\Boot::runCodeIgniter(Object(CodeIgniter\CodeIgniter))
 9 FCPATH\index.php(56): CodeIgniter\Boot::bootWeb(Object(Config\Paths))
CRITICAL - 2025-06-10 00:49:07 --> ParseError: syntax error, unexpected token "{"
[Method: GET, Route: admin/productos/crear]
in APPPATH\Controllers\ProductoController.php on line 168.
 1 SYSTEMPATH\Autoloader\Autoloader.php(295): CodeIgniter\Autoloader\Autoloader->includeFile('C:\\xampp\\htdocs\\proyecto_benitez_lopez\\app\\Controllers\\ProductoController.php')
 2 SYSTEMPATH\Autoloader\Autoloader.php(271): CodeIgniter\Autoloader\Autoloader->loadInNamespace('App\\Controllers\\ProductoController')
 3 [internal function]: CodeIgniter\Autoloader\Autoloader->loadClass('App\\Controllers\\ProductoController')
 4 SYSTEMPATH\CodeIgniter.php(885): class_exists('\\App\\Controllers\\ProductoController', true)
 5 SYSTEMPATH\CodeIgniter.php(494): CodeIgniter\CodeIgniter->startController()
 6 SYSTEMPATH\CodeIgniter.php(354): CodeIgniter\CodeIgniter->handleRequest(null, Object(Config\Cache), false)
 7 SYSTEMPATH\Boot.php(334): CodeIgniter\CodeIgniter->run()
 8 SYSTEMPATH\Boot.php(67): CodeIgniter\Boot::runCodeIgniter(Object(CodeIgniter\CodeIgniter))
 9 FCPATH\index.php(56): CodeIgniter\Boot::bootWeb(Object(Config\Paths))
CRITICAL - 2025-06-10 00:50:13 --> ParseError: syntax error, unexpected token "{"
[Method: GET, Route: admin/productos/listar]
in APPPATH\Controllers\ProductoController.php on line 168.
 1 SYSTEMPATH\Autoloader\Autoloader.php(295): CodeIgniter\Autoloader\Autoloader->includeFile('C:\\xampp\\htdocs\\proyecto_benitez_lopez\\app\\Controllers\\ProductoController.php')
 2 SYSTEMPATH\Autoloader\Autoloader.php(271): CodeIgniter\Autoloader\Autoloader->loadInNamespace('App\\Controllers\\ProductoController')
 3 [internal function]: CodeIgniter\Autoloader\Autoloader->loadClass('App\\Controllers\\ProductoController')
 4 SYSTEMPATH\CodeIgniter.php(885): class_exists('\\App\\Controllers\\ProductoController', true)
 5 SYSTEMPATH\CodeIgniter.php(494): CodeIgniter\CodeIgniter->startController()
 6 SYSTEMPATH\CodeIgniter.php(354): CodeIgniter\CodeIgniter->handleRequest(null, Object(Config\Cache), false)
 7 SYSTEMPATH\Boot.php(334): CodeIgniter\CodeIgniter->run()
 8 SYSTEMPATH\Boot.php(67): CodeIgniter\Boot::runCodeIgniter(Object(CodeIgniter\CodeIgniter))
 9 FCPATH\index.php(56): CodeIgniter\Boot::bootWeb(Object(Config\Paths))
CRITICAL - 2025-06-10 00:50:19 --> ParseError: syntax error, unexpected token "{"
[Method: GET, Route: admin/productos/crear]
in APPPATH\Controllers\ProductoController.php on line 168.
 1 SYSTEMPATH\Autoloader\Autoloader.php(295): CodeIgniter\Autoloader\Autoloader->includeFile('C:\\xampp\\htdocs\\proyecto_benitez_lopez\\app\\Controllers\\ProductoController.php')
 2 SYSTEMPATH\Autoloader\Autoloader.php(271): CodeIgniter\Autoloader\Autoloader->loadInNamespace('App\\Controllers\\ProductoController')
 3 [internal function]: CodeIgniter\Autoloader\Autoloader->loadClass('App\\Controllers\\ProductoController')
 4 SYSTEMPATH\CodeIgniter.php(885): class_exists('\\App\\Controllers\\ProductoController', true)
 5 SYSTEMPATH\CodeIgniter.php(494): CodeIgniter\CodeIgniter->startController()
 6 SYSTEMPATH\CodeIgniter.php(354): CodeIgniter\CodeIgniter->handleRequest(null, Object(Config\Cache), false)
 7 SYSTEMPATH\Boot.php(334): CodeIgniter\CodeIgniter->run()
 8 SYSTEMPATH\Boot.php(67): CodeIgniter\Boot::runCodeIgniter(Object(CodeIgniter\CodeIgniter))
 9 FCPATH\index.php(56): CodeIgniter\Boot::bootWeb(Object(Config\Paths))
CRITICAL - 2025-06-10 00:50:37 --> ParseError: syntax error, unexpected token "{"
[Method: GET, Route: admin/productos/crear]
in APPPATH\Controllers\ProductoController.php on line 168.
 1 SYSTEMPATH\Autoloader\Autoloader.php(295): CodeIgniter\Autoloader\Autoloader->includeFile('C:\\xampp\\htdocs\\proyecto_benitez_lopez\\app\\Controllers\\ProductoController.php')
 2 SYSTEMPATH\Autoloader\Autoloader.php(271): CodeIgniter\Autoloader\Autoloader->loadInNamespace('App\\Controllers\\ProductoController')
 3 [internal function]: CodeIgniter\Autoloader\Autoloader->loadClass('App\\Controllers\\ProductoController')
 4 SYSTEMPATH\CodeIgniter.php(885): class_exists('\\App\\Controllers\\ProductoController', true)
 5 SYSTEMPATH\CodeIgniter.php(494): CodeIgniter\CodeIgniter->startController()
 6 SYSTEMPATH\CodeIgniter.php(354): CodeIgniter\CodeIgniter->handleRequest(null, Object(Config\Cache), false)
 7 SYSTEMPATH\Boot.php(334): CodeIgniter\CodeIgniter->run()
 8 SYSTEMPATH\Boot.php(67): CodeIgniter\Boot::runCodeIgniter(Object(CodeIgniter\CodeIgniter))
 9 FCPATH\index.php(56): CodeIgniter\Boot::bootWeb(Object(Config\Paths))
CRITICAL - 2025-06-10 00:50:39 --> ParseError: syntax error, unexpected token "{"
[Method: GET, Route: admin/productos/crear]
in APPPATH\Controllers\ProductoController.php on line 168.
 1 SYSTEMPATH\Autoloader\Autoloader.php(295): CodeIgniter\Autoloader\Autoloader->includeFile('C:\\xampp\\htdocs\\proyecto_benitez_lopez\\app\\Controllers\\ProductoController.php')
 2 SYSTEMPATH\Autoloader\Autoloader.php(271): CodeIgniter\Autoloader\Autoloader->loadInNamespace('App\\Controllers\\ProductoController')
 3 [internal function]: CodeIgniter\Autoloader\Autoloader->loadClass('App\\Controllers\\ProductoController')
 4 SYSTEMPATH\CodeIgniter.php(885): class_exists('\\App\\Controllers\\ProductoController', true)
 5 SYSTEMPATH\CodeIgniter.php(494): CodeIgniter\CodeIgniter->startController()
 6 SYSTEMPATH\CodeIgniter.php(354): CodeIgniter\CodeIgniter->handleRequest(null, Object(Config\Cache), false)
 7 SYSTEMPATH\Boot.php(334): CodeIgniter\CodeIgniter->run()
 8 SYSTEMPATH\Boot.php(67): CodeIgniter\Boot::runCodeIgniter(Object(CodeIgniter\CodeIgniter))
 9 FCPATH\index.php(56): CodeIgniter\Boot::bootWeb(Object(Config\Paths))
CRITICAL - 2025-06-10 00:50:40 --> ParseError: syntax error, unexpected token "{"
[Method: GET, Route: admin/productos/listar]
in APPPATH\Controllers\ProductoController.php on line 168.
 1 SYSTEMPATH\Autoloader\Autoloader.php(295): CodeIgniter\Autoloader\Autoloader->includeFile('C:\\xampp\\htdocs\\proyecto_benitez_lopez\\app\\Controllers\\ProductoController.php')
 2 SYSTEMPATH\Autoloader\Autoloader.php(271): CodeIgniter\Autoloader\Autoloader->loadInNamespace('App\\Controllers\\ProductoController')
 3 [internal function]: CodeIgniter\Autoloader\Autoloader->loadClass('App\\Controllers\\ProductoController')
 4 SYSTEMPATH\CodeIgniter.php(885): class_exists('\\App\\Controllers\\ProductoController', true)
 5 SYSTEMPATH\CodeIgniter.php(494): CodeIgniter\CodeIgniter->startController()
 6 SYSTEMPATH\CodeIgniter.php(354): CodeIgniter\CodeIgniter->handleRequest(null, Object(Config\Cache), false)
 7 SYSTEMPATH\Boot.php(334): CodeIgniter\CodeIgniter->run()
 8 SYSTEMPATH\Boot.php(67): CodeIgniter\Boot::runCodeIgniter(Object(CodeIgniter\CodeIgniter))
 9 FCPATH\index.php(56): CodeIgniter\Boot::bootWeb(Object(Config\Paths))
CRITICAL - 2025-06-10 00:52:28 --> ParseError: syntax error, unexpected token "{"
[Method: GET, Route: admin/productos/listar]
in APPPATH\Controllers\ProductoController.php on line 168.
 1 SYSTEMPATH\Autoloader\Autoloader.php(295): CodeIgniter\Autoloader\Autoloader->includeFile('C:\\xampp\\htdocs\\proyecto_benitez_lopez\\app\\Controllers\\ProductoController.php')
 2 SYSTEMPATH\Autoloader\Autoloader.php(271): CodeIgniter\Autoloader\Autoloader->loadInNamespace('App\\Controllers\\ProductoController')
 3 [internal function]: CodeIgniter\Autoloader\Autoloader->loadClass('App\\Controllers\\ProductoController')
 4 SYSTEMPATH\CodeIgniter.php(885): class_exists('\\App\\Controllers\\ProductoController', true)
 5 SYSTEMPATH\CodeIgniter.php(494): CodeIgniter\CodeIgniter->startController()
 6 SYSTEMPATH\CodeIgniter.php(354): CodeIgniter\CodeIgniter->handleRequest(null, Object(Config\Cache), false)
 7 SYSTEMPATH\Boot.php(334): CodeIgniter\CodeIgniter->run()
 8 SYSTEMPATH\Boot.php(67): CodeIgniter\Boot::runCodeIgniter(Object(CodeIgniter\CodeIgniter))
 9 FCPATH\index.php(56): CodeIgniter\Boot::bootWeb(Object(Config\Paths))
CRITICAL - 2025-06-10 00:52:29 --> ParseError: syntax error, unexpected token "{"
[Method: GET, Route: admin/productos/listar]
in APPPATH\Controllers\ProductoController.php on line 168.
 1 SYSTEMPATH\Autoloader\Autoloader.php(295): CodeIgniter\Autoloader\Autoloader->includeFile('C:\\xampp\\htdocs\\proyecto_benitez_lopez\\app\\Controllers\\ProductoController.php')
 2 SYSTEMPATH\Autoloader\Autoloader.php(271): CodeIgniter\Autoloader\Autoloader->loadInNamespace('App\\Controllers\\ProductoController')
 3 [internal function]: CodeIgniter\Autoloader\Autoloader->loadClass('App\\Controllers\\ProductoController')
 4 SYSTEMPATH\CodeIgniter.php(885): class_exists('\\App\\Controllers\\ProductoController', true)
 5 SYSTEMPATH\CodeIgniter.php(494): CodeIgniter\CodeIgniter->startController()
 6 SYSTEMPATH\CodeIgniter.php(354): CodeIgniter\CodeIgniter->handleRequest(null, Object(Config\Cache), false)
 7 SYSTEMPATH\Boot.php(334): CodeIgniter\CodeIgniter->run()
 8 SYSTEMPATH\Boot.php(67): CodeIgniter\Boot::runCodeIgniter(Object(CodeIgniter\CodeIgniter))
 9 FCPATH\index.php(56): CodeIgniter\Boot::bootWeb(Object(Config\Paths))
CRITICAL - 2025-06-10 00:52:39 --> ParseError: syntax error, unexpected token "{"
[Method: GET, Route: admin/productos/listar]
in APPPATH\Controllers\ProductoController.php on line 168.
 1 SYSTEMPATH\Autoloader\Autoloader.php(295): CodeIgniter\Autoloader\Autoloader->includeFile('C:\\xampp\\htdocs\\proyecto_benitez_lopez\\app\\Controllers\\ProductoController.php')
 2 SYSTEMPATH\Autoloader\Autoloader.php(271): CodeIgniter\Autoloader\Autoloader->loadInNamespace('App\\Controllers\\ProductoController')
 3 [internal function]: CodeIgniter\Autoloader\Autoloader->loadClass('App\\Controllers\\ProductoController')
 4 SYSTEMPATH\CodeIgniter.php(885): class_exists('\\App\\Controllers\\ProductoController', true)
 5 SYSTEMPATH\CodeIgniter.php(494): CodeIgniter\CodeIgniter->startController()
 6 SYSTEMPATH\CodeIgniter.php(354): CodeIgniter\CodeIgniter->handleRequest(null, Object(Config\Cache), false)
 7 SYSTEMPATH\Boot.php(334): CodeIgniter\CodeIgniter->run()
 8 SYSTEMPATH\Boot.php(67): CodeIgniter\Boot::runCodeIgniter(Object(CodeIgniter\CodeIgniter))
 9 FCPATH\index.php(56): CodeIgniter\Boot::bootWeb(Object(Config\Paths))
CRITICAL - 2025-06-10 00:53:49 --> ParseError: syntax error, unexpected token "{"
[Method: GET, Route: admin/productos/listar]
in APPPATH\Controllers\ProductoController.php on line 168.
 1 SYSTEMPATH\Autoloader\Autoloader.php(295): CodeIgniter\Autoloader\Autoloader->includeFile('C:\\xampp\\htdocs\\proyecto_benitez_lopez\\app\\Controllers\\ProductoController.php')
 2 SYSTEMPATH\Autoloader\Autoloader.php(271): CodeIgniter\Autoloader\Autoloader->loadInNamespace('App\\Controllers\\ProductoController')
 3 [internal function]: CodeIgniter\Autoloader\Autoloader->loadClass('App\\Controllers\\ProductoController')
 4 SYSTEMPATH\CodeIgniter.php(885): class_exists('\\App\\Controllers\\ProductoController', true)
 5 SYSTEMPATH\CodeIgniter.php(494): CodeIgniter\CodeIgniter->startController()
 6 SYSTEMPATH\CodeIgniter.php(354): CodeIgniter\CodeIgniter->handleRequest(null, Object(Config\Cache), false)
 7 SYSTEMPATH\Boot.php(334): CodeIgniter\CodeIgniter->run()
 8 SYSTEMPATH\Boot.php(67): CodeIgniter\Boot::runCodeIgniter(Object(CodeIgniter\CodeIgniter))
 9 FCPATH\index.php(56): CodeIgniter\Boot::bootWeb(Object(Config\Paths))
CRITICAL - 2025-06-10 00:54:59 --> ParseError: syntax error, unexpected token "{"
[Method: GET, Route: admin/productos/editar/1]
in APPPATH\Controllers\ProductoController.php on line 168.
 1 SYSTEMPATH\Autoloader\Autoloader.php(295): CodeIgniter\Autoloader\Autoloader->includeFile('C:\\xampp\\htdocs\\proyecto_benitez_lopez\\app\\Controllers\\ProductoController.php')
 2 SYSTEMPATH\Autoloader\Autoloader.php(271): CodeIgniter\Autoloader\Autoloader->loadInNamespace('App\\Controllers\\ProductoController')
 3 [internal function]: CodeIgniter\Autoloader\Autoloader->loadClass('App\\Controllers\\ProductoController')
 4 SYSTEMPATH\CodeIgniter.php(885): class_exists('\\App\\Controllers\\ProductoController', true)
 5 SYSTEMPATH\CodeIgniter.php(494): CodeIgniter\CodeIgniter->startController()
 6 SYSTEMPATH\CodeIgniter.php(354): CodeIgniter\CodeIgniter->handleRequest(null, Object(Config\Cache), false)
 7 SYSTEMPATH\Boot.php(334): CodeIgniter\CodeIgniter->run()
 8 SYSTEMPATH\Boot.php(67): CodeIgniter\Boot::runCodeIgniter(Object(CodeIgniter\CodeIgniter))
 9 FCPATH\index.php(56): CodeIgniter\Boot::bootWeb(Object(Config\Paths))
CRITICAL - 2025-06-10 00:55:24 --> ParseError: syntax error, unexpected token "{"
[Method: GET, Route: admin/productos/editar/1]
in APPPATH\Controllers\ProductoController.php on line 168.
 1 SYSTEMPATH\Autoloader\Autoloader.php(295): CodeIgniter\Autoloader\Autoloader->includeFile('C:\\xampp\\htdocs\\proyecto_benitez_lopez\\app\\Controllers\\ProductoController.php')
 2 SYSTEMPATH\Autoloader\Autoloader.php(271): CodeIgniter\Autoloader\Autoloader->loadInNamespace('App\\Controllers\\ProductoController')
 3 [internal function]: CodeIgniter\Autoloader\Autoloader->loadClass('App\\Controllers\\ProductoController')
 4 SYSTEMPATH\CodeIgniter.php(885): class_exists('\\App\\Controllers\\ProductoController', true)
 5 SYSTEMPATH\CodeIgniter.php(494): CodeIgniter\CodeIgniter->startController()
 6 SYSTEMPATH\CodeIgniter.php(354): CodeIgniter\CodeIgniter->handleRequest(null, Object(Config\Cache), false)
 7 SYSTEMPATH\Boot.php(334): CodeIgniter\CodeIgniter->run()
 8 SYSTEMPATH\Boot.php(67): CodeIgniter\Boot::runCodeIgniter(Object(CodeIgniter\CodeIgniter))
 9 FCPATH\index.php(56): CodeIgniter\Boot::bootWeb(Object(Config\Paths))
CRITICAL - 2025-06-10 00:55:25 --> ParseError: syntax error, unexpected token "{"
[Method: GET, Route: admin/productos/editar/1]
in APPPATH\Controllers\ProductoController.php on line 168.
 1 SYSTEMPATH\Autoloader\Autoloader.php(295): CodeIgniter\Autoloader\Autoloader->includeFile('C:\\xampp\\htdocs\\proyecto_benitez_lopez\\app\\Controllers\\ProductoController.php')
 2 SYSTEMPATH\Autoloader\Autoloader.php(271): CodeIgniter\Autoloader\Autoloader->loadInNamespace('App\\Controllers\\ProductoController')
 3 [internal function]: CodeIgniter\Autoloader\Autoloader->loadClass('App\\Controllers\\ProductoController')
 4 SYSTEMPATH\CodeIgniter.php(885): class_exists('\\App\\Controllers\\ProductoController', true)
 5 SYSTEMPATH\CodeIgniter.php(494): CodeIgniter\CodeIgniter->startController()
 6 SYSTEMPATH\CodeIgniter.php(354): CodeIgniter\CodeIgniter->handleRequest(null, Object(Config\Cache), false)
 7 SYSTEMPATH\Boot.php(334): CodeIgniter\CodeIgniter->run()
 8 SYSTEMPATH\Boot.php(67): CodeIgniter\Boot::runCodeIgniter(Object(CodeIgniter\CodeIgniter))
 9 FCPATH\index.php(56): CodeIgniter\Boot::bootWeb(Object(Config\Paths))
CRITICAL - 2025-06-10 00:55:30 --> ParseError: syntax error, unexpected token "{"
[Method: GET, Route: admin/productos/listar]
in APPPATH\Controllers\ProductoController.php on line 168.
 1 SYSTEMPATH\Autoloader\Autoloader.php(295): CodeIgniter\Autoloader\Autoloader->includeFile('C:\\xampp\\htdocs\\proyecto_benitez_lopez\\app\\Controllers\\ProductoController.php')
 2 SYSTEMPATH\Autoloader\Autoloader.php(271): CodeIgniter\Autoloader\Autoloader->loadInNamespace('App\\Controllers\\ProductoController')
 3 [internal function]: CodeIgniter\Autoloader\Autoloader->loadClass('App\\Controllers\\ProductoController')
 4 SYSTEMPATH\CodeIgniter.php(885): class_exists('\\App\\Controllers\\ProductoController', true)
 5 SYSTEMPATH\CodeIgniter.php(494): CodeIgniter\CodeIgniter->startController()
 6 SYSTEMPATH\CodeIgniter.php(354): CodeIgniter\CodeIgniter->handleRequest(null, Object(Config\Cache), false)
 7 SYSTEMPATH\Boot.php(334): CodeIgniter\CodeIgniter->run()
 8 SYSTEMPATH\Boot.php(67): CodeIgniter\Boot::runCodeIgniter(Object(CodeIgniter\CodeIgniter))
 9 FCPATH\index.php(56): CodeIgniter\Boot::bootWeb(Object(Config\Paths))
CRITICAL - 2025-06-10 01:07:05 --> ErrorException: foreach() argument must be of type array|object, null given
[Method: GET, Route: admin/productos/editar/5]
in APPPATH\Views\admin\productos\editar.php on line 75.
 1 APPPATH\Views\admin\productos\editar.php(75): CodeIgniter\Debug\Exceptions->errorHandler(2, 'foreach() argument must be of type array|object, null given', 'C:\\xampp\\htdocs\\proyecto_benitez_lopez\\app\\Views\\admin\\productos\\editar.php', 75)
 2 SYSTEMPATH\View\View.php(224): include('C:\\xampp\\htdocs\\proyecto_benitez_lopez\\app\\Views\\admin\\productos\\editar.php')
 3 SYSTEMPATH\View\View.php(227): CodeIgniter\View\View->CodeIgniter\View\{closure}()
 4 SYSTEMPATH\Common.php(1173): CodeIgniter\View\View->render('admin/productos/editar', [], true)
 5 APPPATH\Controllers\ProductoController.php(221): view('admin/productos/editar')
 6 SYSTEMPATH\CodeIgniter.php(933): App\Controllers\ProductoController->editarProducto('5')
 7 SYSTEMPATH\CodeIgniter.php(507): CodeIgniter\CodeIgniter->runController(Object(App\Controllers\ProductoController))
 8 SYSTEMPATH\CodeIgniter.php(354): CodeIgniter\CodeIgniter->handleRequest(null, Object(Config\Cache), false)
 9 SYSTEMPATH\Boot.php(334): CodeIgniter\CodeIgniter->run()
10 SYSTEMPATH\Boot.php(67): CodeIgniter\Boot::runCodeIgniter(Object(CodeIgniter\CodeIgniter))
11 FCPATH\index.php(56): CodeIgniter\Boot::bootWeb(Object(Config\Paths))
CRITICAL - 2025-06-10 01:17:23 --> ErrorException: Undefined variable $categorias
[Method: GET, Route: admin/productos/listar]
in APPPATH\Views\admin\productos\listar.php on line 35.
 1 APPPATH\Views\admin\productos\listar.php(35): CodeIgniter\Debug\Exceptions->errorHandler(2, 'Undefined variable $categorias', 'C:\\xampp\\htdocs\\proyecto_benitez_lopez\\app\\Views\\admin\\productos\\listar.php', 35)
 2 SYSTEMPATH\View\View.php(224): include('C:\\xampp\\htdocs\\proyecto_benitez_lopez\\app\\Views\\admin\\productos\\listar.php')
 3 SYSTEMPATH\View\View.php(227): CodeIgniter\View\View->CodeIgniter\View\{closure}()
 4 SYSTEMPATH\Common.php(1173): CodeIgniter\View\View->render('admin/productos/listar', [], true)
 5 APPPATH\Controllers\ProductoController.php(33): view('admin/productos/listar')
 6 SYSTEMPATH\CodeIgniter.php(933): App\Controllers\ProductoController->listar()
 7 SYSTEMPATH\CodeIgniter.php(507): CodeIgniter\CodeIgniter->runController(Object(App\Controllers\ProductoController))
 8 SYSTEMPATH\CodeIgniter.php(354): CodeIgniter\CodeIgniter->handleRequest(null, Object(Config\Cache), false)
 9 SYSTEMPATH\Boot.php(334): CodeIgniter\CodeIgniter->run()
10 SYSTEMPATH\Boot.php(67): CodeIgniter\Boot::runCodeIgniter(Object(CodeIgniter\CodeIgniter))
11 FCPATH\index.php(56): CodeIgniter\Boot::bootWeb(Object(Config\Paths))
CRITICAL - 2025-06-10 01:19:09 --> ErrorException: foreach() argument must be of type array|object, null given
[Method: GET, Route: admin/productos/editar/7]
in APPPATH\Views\admin\productos\editar.php on line 75.
 1 APPPATH\Views\admin\productos\editar.php(75): CodeIgniter\Debug\Exceptions->errorHandler(2, 'foreach() argument must be of type array|object, null given', 'C:\\xampp\\htdocs\\proyecto_benitez_lopez\\app\\Views\\admin\\productos\\editar.php', 75)
 2 SYSTEMPATH\View\View.php(224): include('C:\\xampp\\htdocs\\proyecto_benitez_lopez\\app\\Views\\admin\\productos\\editar.php')
 3 SYSTEMPATH\View\View.php(227): CodeIgniter\View\View->CodeIgniter\View\{closure}()
 4 SYSTEMPATH\Common.php(1173): CodeIgniter\View\View->render('admin/productos/editar', [], true)
 5 APPPATH\Controllers\ProductoController.php(217): view('admin/productos/editar')
 6 SYSTEMPATH\CodeIgniter.php(933): App\Controllers\ProductoController->editarProducto('7')
 7 SYSTEMPATH\CodeIgniter.php(507): CodeIgniter\CodeIgniter->runController(Object(App\Controllers\ProductoController))
 8 SYSTEMPATH\CodeIgniter.php(354): CodeIgniter\CodeIgniter->handleRequest(null, Object(Config\Cache), false)
 9 SYSTEMPATH\Boot.php(334): CodeIgniter\CodeIgniter->run()
10 SYSTEMPATH\Boot.php(67): CodeIgniter\Boot::runCodeIgniter(Object(CodeIgniter\CodeIgniter))
11 FCPATH\index.php(56): CodeIgniter\Boot::bootWeb(Object(Config\Paths))
CRITICAL - 2025-06-10 01:25:28 --> ParseError: syntax error, unexpected identifier "imagen_url", expecting ")"
[Method: GET, Route: admin/productos/listar]
in APPPATH\Views\admin\productos\listar.php on line 70.
 1 SYSTEMPATH\View\View.php(227): CodeIgniter\View\View->CodeIgniter\View\{closure}()
 2 SYSTEMPATH\Common.php(1173): CodeIgniter\View\View->render('admin/productos/listar', [], true)
 3 APPPATH\Controllers\ProductoController.php(41): view('admin/productos/listar')
 4 SYSTEMPATH\CodeIgniter.php(933): App\Controllers\ProductoController->listar()
 5 SYSTEMPATH\CodeIgniter.php(507): CodeIgniter\CodeIgniter->runController(Object(App\Controllers\ProductoController))
 6 SYSTEMPATH\CodeIgniter.php(354): CodeIgniter\CodeIgniter->handleRequest(null, Object(Config\Cache), false)
 7 SYSTEMPATH\Boot.php(334): CodeIgniter\CodeIgniter->run()
 8 SYSTEMPATH\Boot.php(67): CodeIgniter\Boot::runCodeIgniter(Object(CodeIgniter\CodeIgniter))
 9 FCPATH\index.php(56): CodeIgniter\Boot::bootWeb(Object(Config\Paths))
CRITICAL - 2025-06-10 01:25:51 --> ParseError: syntax error, unexpected identifier "imagen_url", expecting ")"
[Method: GET, Route: admin/productos/listar]
in APPPATH\Views\admin\productos\listar.php on line 70.
 1 SYSTEMPATH\View\View.php(227): CodeIgniter\View\View->CodeIgniter\View\{closure}()
 2 SYSTEMPATH\Common.php(1173): CodeIgniter\View\View->render('admin/productos/listar', [], true)
 3 APPPATH\Controllers\ProductoController.php(41): view('admin/productos/listar')
 4 SYSTEMPATH\CodeIgniter.php(933): App\Controllers\ProductoController->listar()
 5 SYSTEMPATH\CodeIgniter.php(507): CodeIgniter\CodeIgniter->runController(Object(App\Controllers\ProductoController))
 6 SYSTEMPATH\CodeIgniter.php(354): CodeIgniter\CodeIgniter->handleRequest(null, Object(Config\Cache), false)
 7 SYSTEMPATH\Boot.php(334): CodeIgniter\CodeIgniter->run()
 8 SYSTEMPATH\Boot.php(67): CodeIgniter\Boot::runCodeIgniter(Object(CodeIgniter\CodeIgniter))
 9 FCPATH\index.php(56): CodeIgniter\Boot::bootWeb(Object(Config\Paths))
CRITICAL - 2025-06-10 01:25:52 --> ParseError: syntax error, unexpected identifier "imagen_url", expecting ")"
[Method: GET, Route: admin/productos/listar]
in APPPATH\Views\admin\productos\listar.php on line 70.
 1 SYSTEMPATH\View\View.php(227): CodeIgniter\View\View->CodeIgniter\View\{closure}()
 2 SYSTEMPATH\Common.php(1173): CodeIgniter\View\View->render('admin/productos/listar', [], true)
 3 APPPATH\Controllers\ProductoController.php(41): view('admin/productos/listar')
 4 SYSTEMPATH\CodeIgniter.php(933): App\Controllers\ProductoController->listar()
 5 SYSTEMPATH\CodeIgniter.php(507): CodeIgniter\CodeIgniter->runController(Object(App\Controllers\ProductoController))
 6 SYSTEMPATH\CodeIgniter.php(354): CodeIgniter\CodeIgniter->handleRequest(null, Object(Config\Cache), false)
 7 SYSTEMPATH\Boot.php(334): CodeIgniter\CodeIgniter->run()
 8 SYSTEMPATH\Boot.php(67): CodeIgniter\Boot::runCodeIgniter(Object(CodeIgniter\CodeIgniter))
 9 FCPATH\index.php(56): CodeIgniter\Boot::bootWeb(Object(Config\Paths))
CRITICAL - 2025-06-10 01:25:53 --> ParseError: syntax error, unexpected identifier "imagen_url", expecting ")"
[Method: GET, Route: admin/productos/listar]
in APPPATH\Views\admin\productos\listar.php on line 70.
 1 SYSTEMPATH\View\View.php(227): CodeIgniter\View\View->CodeIgniter\View\{closure}()
 2 SYSTEMPATH\Common.php(1173): CodeIgniter\View\View->render('admin/productos/listar', [], true)
 3 APPPATH\Controllers\ProductoController.php(41): view('admin/productos/listar')
 4 SYSTEMPATH\CodeIgniter.php(933): App\Controllers\ProductoController->listar()
 5 SYSTEMPATH\CodeIgniter.php(507): CodeIgniter\CodeIgniter->runController(Object(App\Controllers\ProductoController))
 6 SYSTEMPATH\CodeIgniter.php(354): CodeIgniter\CodeIgniter->handleRequest(null, Object(Config\Cache), false)
 7 SYSTEMPATH\Boot.php(334): CodeIgniter\CodeIgniter->run()
 8 SYSTEMPATH\Boot.php(67): CodeIgniter\Boot::runCodeIgniter(Object(CodeIgniter\CodeIgniter))
 9 FCPATH\index.php(56): CodeIgniter\Boot::bootWeb(Object(Config\Paths))
CRITICAL - 2025-06-10 01:26:21 --> ParseError: syntax error, unexpected token "/", expecting ":"
[Method: GET, Route: admin/productos/listar]
in APPPATH\Views\admin\productos\listar.php on line 70.
 1 SYSTEMPATH\View\View.php(227): CodeIgniter\View\View->CodeIgniter\View\{closure}()
 2 SYSTEMPATH\Common.php(1173): CodeIgniter\View\View->render('admin/productos/listar', [], true)
 3 APPPATH\Controllers\ProductoController.php(41): view('admin/productos/listar')
 4 SYSTEMPATH\CodeIgniter.php(933): App\Controllers\ProductoController->listar()
 5 SYSTEMPATH\CodeIgniter.php(507): CodeIgniter\CodeIgniter->runController(Object(App\Controllers\ProductoController))
 6 SYSTEMPATH\CodeIgniter.php(354): CodeIgniter\CodeIgniter->handleRequest(null, Object(Config\Cache), false)
 7 SYSTEMPATH\Boot.php(334): CodeIgniter\CodeIgniter->run()
 8 SYSTEMPATH\Boot.php(67): CodeIgniter\Boot::runCodeIgniter(Object(CodeIgniter\CodeIgniter))
 9 FCPATH\index.php(56): CodeIgniter\Boot::bootWeb(Object(Config\Paths))
CRITICAL - 2025-06-10 01:26:22 --> ParseError: syntax error, unexpected token "/", expecting ":"
[Method: GET, Route: admin/productos/listar]
in APPPATH\Views\admin\productos\listar.php on line 70.
 1 SYSTEMPATH\View\View.php(227): CodeIgniter\View\View->CodeIgniter\View\{closure}()
 2 SYSTEMPATH\Common.php(1173): CodeIgniter\View\View->render('admin/productos/listar', [], true)
 3 APPPATH\Controllers\ProductoController.php(41): view('admin/productos/listar')
 4 SYSTEMPATH\CodeIgniter.php(933): App\Controllers\ProductoController->listar()
 5 SYSTEMPATH\CodeIgniter.php(507): CodeIgniter\CodeIgniter->runController(Object(App\Controllers\ProductoController))
 6 SYSTEMPATH\CodeIgniter.php(354): CodeIgniter\CodeIgniter->handleRequest(null, Object(Config\Cache), false)
 7 SYSTEMPATH\Boot.php(334): CodeIgniter\CodeIgniter->run()
 8 SYSTEMPATH\Boot.php(67): CodeIgniter\Boot::runCodeIgniter(Object(CodeIgniter\CodeIgniter))
 9 FCPATH\index.php(56): CodeIgniter\Boot::bootWeb(Object(Config\Paths))
CRITICAL - 2025-06-10 01:28:26 --> ErrorException: foreach() argument must be of type array|object, null given
[Method: GET, Route: admin/productos/editar/8]
in APPPATH\Views\admin\productos\editar.php on line 75.
 1 APPPATH\Views\admin\productos\editar.php(75): CodeIgniter\Debug\Exceptions->errorHandler(2, 'foreach() argument must be of type array|object, null given', 'C:\\xampp\\htdocs\\proyecto_benitez_lopez\\app\\Views\\admin\\productos\\editar.php', 75)
 2 SYSTEMPATH\View\View.php(224): include('C:\\xampp\\htdocs\\proyecto_benitez_lopez\\app\\Views\\admin\\productos\\editar.php')
 3 SYSTEMPATH\View\View.php(227): CodeIgniter\View\View->CodeIgniter\View\{closure}()
 4 SYSTEMPATH\Common.php(1173): CodeIgniter\View\View->render('admin/productos/editar', [], true)
 5 APPPATH\Controllers\ProductoController.php(217): view('admin/productos/editar')
 6 SYSTEMPATH\CodeIgniter.php(933): App\Controllers\ProductoController->editarProducto('8')
 7 SYSTEMPATH\CodeIgniter.php(507): CodeIgniter\CodeIgniter->runController(Object(App\Controllers\ProductoController))
 8 SYSTEMPATH\CodeIgniter.php(354): CodeIgniter\CodeIgniter->handleRequest(null, Object(Config\Cache), false)
 9 SYSTEMPATH\Boot.php(334): CodeIgniter\CodeIgniter->run()
10 SYSTEMPATH\Boot.php(67): CodeIgniter\Boot::runCodeIgniter(Object(CodeIgniter\CodeIgniter))
11 FCPATH\index.php(56): CodeIgniter\Boot::bootWeb(Object(Config\Paths))
CRITICAL - 2025-06-10 01:31:40 --> ErrorException: foreach() argument must be of type array|object, null given
[Method: GET, Route: admin/productos/editar/11]
in APPPATH\Views\admin\productos\editar.php on line 75.
 1 APPPATH\Views\admin\productos\editar.php(75): CodeIgniter\Debug\Exceptions->errorHandler(2, 'foreach() argument must be of type array|object, null given', 'C:\\xampp\\htdocs\\proyecto_benitez_lopez\\app\\Views\\admin\\productos\\editar.php', 75)
 2 SYSTEMPATH\View\View.php(224): include('C:\\xampp\\htdocs\\proyecto_benitez_lopez\\app\\Views\\admin\\productos\\editar.php')
 3 SYSTEMPATH\View\View.php(227): CodeIgniter\View\View->CodeIgniter\View\{closure}()
 4 SYSTEMPATH\Common.php(1173): CodeIgniter\View\View->render('admin/productos/editar', [], true)
 5 APPPATH\Controllers\ProductoController.php(217): view('admin/productos/editar')
 6 SYSTEMPATH\CodeIgniter.php(933): App\Controllers\ProductoController->editarProducto('11')
 7 SYSTEMPATH\CodeIgniter.php(507): CodeIgniter\CodeIgniter->runController(Object(App\Controllers\ProductoController))
 8 SYSTEMPATH\CodeIgniter.php(354): CodeIgniter\CodeIgniter->handleRequest(null, Object(Config\Cache), false)
 9 SYSTEMPATH\Boot.php(334): CodeIgniter\CodeIgniter->run()
10 SYSTEMPATH\Boot.php(67): CodeIgniter\Boot::runCodeIgniter(Object(CodeIgniter\CodeIgniter))
11 FCPATH\index.php(56): CodeIgniter\Boot::bootWeb(Object(Config\Paths))
CRITICAL - 2025-06-10 01:35:04 --> ErrorException: foreach() argument must be of type array|object, null given
[Method: GET, Route: admin/productos/editar/11]
in APPPATH\Views\admin\productos\editar.php on line 75.
 1 APPPATH\Views\admin\productos\editar.php(75): CodeIgniter\Debug\Exceptions->errorHandler(2, 'foreach() argument must be of type array|object, null given', 'C:\\xampp\\htdocs\\proyecto_benitez_lopez\\app\\Views\\admin\\productos\\editar.php', 75)
 2 SYSTEMPATH\View\View.php(224): include('C:\\xampp\\htdocs\\proyecto_benitez_lopez\\app\\Views\\admin\\productos\\editar.php')
 3 SYSTEMPATH\View\View.php(227): CodeIgniter\View\View->CodeIgniter\View\{closure}()
 4 SYSTEMPATH\Common.php(1173): CodeIgniter\View\View->render('admin/productos/editar', [], true)
 5 APPPATH\Controllers\ProductoController.php(217): view('admin/productos/editar')
 6 SYSTEMPATH\CodeIgniter.php(933): App\Controllers\ProductoController->editarProducto('11')
 7 SYSTEMPATH\CodeIgniter.php(507): CodeIgniter\CodeIgniter->runController(Object(App\Controllers\ProductoController))
 8 SYSTEMPATH\CodeIgniter.php(354): CodeIgniter\CodeIgniter->handleRequest(null, Object(Config\Cache), false)
 9 SYSTEMPATH\Boot.php(334): CodeIgniter\CodeIgniter->run()
10 SYSTEMPATH\Boot.php(67): CodeIgniter\Boot::runCodeIgniter(Object(CodeIgniter\CodeIgniter))
11 FCPATH\index.php(56): CodeIgniter\Boot::bootWeb(Object(Config\Paths))
CRITICAL - 2025-06-10 01:38:08 --> ErrorException: foreach() argument must be of type array|object, null given
[Method: GET, Route: admin/productos/editar/8]
in APPPATH\Views\admin\productos\editar.php on line 75.
 1 APPPATH\Views\admin\productos\editar.php(75): CodeIgniter\Debug\Exceptions->errorHandler(2, 'foreach() argument must be of type array|object, null given', 'C:\\xampp\\htdocs\\proyecto_benitez_lopez\\app\\Views\\admin\\productos\\editar.php', 75)
 2 SYSTEMPATH\View\View.php(224): include('C:\\xampp\\htdocs\\proyecto_benitez_lopez\\app\\Views\\admin\\productos\\editar.php')
 3 SYSTEMPATH\View\View.php(227): CodeIgniter\View\View->CodeIgniter\View\{closure}()
 4 SYSTEMPATH\Common.php(1173): CodeIgniter\View\View->render('admin/productos/editar', [], true)
 5 APPPATH\Controllers\ProductoController.php(217): view('admin/productos/editar')
 6 SYSTEMPATH\CodeIgniter.php(933): App\Controllers\ProductoController->editarProducto('8')
 7 SYSTEMPATH\CodeIgniter.php(507): CodeIgniter\CodeIgniter->runController(Object(App\Controllers\ProductoController))
 8 SYSTEMPATH\CodeIgniter.php(354): CodeIgniter\CodeIgniter->handleRequest(null, Object(Config\Cache), false)
 9 SYSTEMPATH\Boot.php(334): CodeIgniter\CodeIgniter->run()
10 SYSTEMPATH\Boot.php(67): CodeIgniter\Boot::runCodeIgniter(Object(CodeIgniter\CodeIgniter))
11 FCPATH\index.php(56): CodeIgniter\Boot::bootWeb(Object(Config\Paths))
CRITICAL - 2025-06-10 02:02:32 --> ErrorException: foreach() argument must be of type array|object, null given
[Method: GET, Route: admin/productos/editar/4]
in APPPATH\Views\admin\productos\editar.php on line 75.
 1 APPPATH\Views\admin\productos\editar.php(75): CodeIgniter\Debug\Exceptions->errorHandler(2, 'foreach() argument must be of type array|object, null given', 'C:\\xampp\\htdocs\\proyecto_benitez_lopez\\app\\Views\\admin\\productos\\editar.php', 75)
 2 SYSTEMPATH\View\View.php(224): include('C:\\xampp\\htdocs\\proyecto_benitez_lopez\\app\\Views\\admin\\productos\\editar.php')
 3 SYSTEMPATH\View\View.php(227): CodeIgniter\View\View->CodeIgniter\View\{closure}()
 4 SYSTEMPATH\Common.php(1173): CodeIgniter\View\View->render('admin/productos/editar', [], true)
 5 APPPATH\Controllers\ProductoController.php(217): view('admin/productos/editar')
 6 SYSTEMPATH\CodeIgniter.php(933): App\Controllers\ProductoController->editarProducto('4')
 7 SYSTEMPATH\CodeIgniter.php(507): CodeIgniter\CodeIgniter->runController(Object(App\Controllers\ProductoController))
 8 SYSTEMPATH\CodeIgniter.php(354): CodeIgniter\CodeIgniter->handleRequest(null, Object(Config\Cache), false)
 9 SYSTEMPATH\Boot.php(334): CodeIgniter\CodeIgniter->run()
10 SYSTEMPATH\Boot.php(67): CodeIgniter\Boot::runCodeIgniter(Object(CodeIgniter\CodeIgniter))
11 FCPATH\index.php(56): CodeIgniter\Boot::bootWeb(Object(Config\Paths))
CRITICAL - 2025-06-10 02:03:03 --> ErrorException: foreach() argument must be of type array|object, null given
[Method: GET, Route: admin/productos/editar/4]
in APPPATH\Views\admin\productos\editar.php on line 75.
 1 APPPATH\Views\admin\productos\editar.php(75): CodeIgniter\Debug\Exceptions->errorHandler(2, 'foreach() argument must be of type array|object, null given', 'C:\\xampp\\htdocs\\proyecto_benitez_lopez\\app\\Views\\admin\\productos\\editar.php', 75)
 2 SYSTEMPATH\View\View.php(224): include('C:\\xampp\\htdocs\\proyecto_benitez_lopez\\app\\Views\\admin\\productos\\editar.php')
 3 SYSTEMPATH\View\View.php(227): CodeIgniter\View\View->CodeIgniter\View\{closure}()
 4 SYSTEMPATH\Common.php(1173): CodeIgniter\View\View->render('admin/productos/editar', [], true)
 5 APPPATH\Controllers\ProductoController.php(217): view('admin/productos/editar')
 6 SYSTEMPATH\CodeIgniter.php(933): App\Controllers\ProductoController->editarProducto('4')
 7 SYSTEMPATH\CodeIgniter.php(507): CodeIgniter\CodeIgniter->runController(Object(App\Controllers\ProductoController))
 8 SYSTEMPATH\CodeIgniter.php(354): CodeIgniter\CodeIgniter->handleRequest(null, Object(Config\Cache), false)
 9 SYSTEMPATH\Boot.php(334): CodeIgniter\CodeIgniter->run()
10 SYSTEMPATH\Boot.php(67): CodeIgniter\Boot::runCodeIgniter(Object(CodeIgniter\CodeIgniter))
11 FCPATH\index.php(56): CodeIgniter\Boot::bootWeb(Object(Config\Paths))
CRITICAL - 2025-06-10 02:11:35 --> ErrorException: Undefined property: CodeIgniter\View\View::$productoMediaModel
[Method: GET, Route: admin/productos/editar/1]
in APPPATH\Views\admin\productos\editar.php on line 195.
 1 APPPATH\Views\admin\productos\editar.php(195): CodeIgniter\Debug\Exceptions->errorHandler(2, 'Undefined property: CodeIgniter\\View\\View::$productoMediaModel', 'C:\\xampp\\htdocs\\proyecto_benitez_lopez\\app\\Views\\admin\\productos\\editar.php', 195)
 2 SYSTEMPATH\View\View.php(224): include('C:\\xampp\\htdocs\\proyecto_benitez_lopez\\app\\Views\\admin\\productos\\editar.php')
 3 SYSTEMPATH\View\View.php(227): CodeIgniter\View\View->CodeIgniter\View\{closure}()
 4 SYSTEMPATH\Common.php(1173): CodeIgniter\View\View->render('admin/productos/editar', [], true)
 5 APPPATH\Controllers\ProductoController.php(217): view('admin/productos/editar')
 6 SYSTEMPATH\CodeIgniter.php(933): App\Controllers\ProductoController->editarProducto('1')
 7 SYSTEMPATH\CodeIgniter.php(507): CodeIgniter\CodeIgniter->runController(Object(App\Controllers\ProductoController))
 8 SYSTEMPATH\CodeIgniter.php(354): CodeIgniter\CodeIgniter->handleRequest(null, Object(Config\Cache), false)
 9 SYSTEMPATH\Boot.php(334): CodeIgniter\CodeIgniter->run()
10 SYSTEMPATH\Boot.php(67): CodeIgniter\Boot::runCodeIgniter(Object(CodeIgniter\CodeIgniter))
11 FCPATH\index.php(56): CodeIgniter\Boot::bootWeb(Object(Config\Paths))
CRITICAL - 2025-06-10 02:11:42 --> ErrorException: foreach() argument must be of type array|object, null given
[Method: GET, Route: admin/productos/editar/4]
in APPPATH\Views\admin\productos\editar.php on line 75.
 1 APPPATH\Views\admin\productos\editar.php(75): CodeIgniter\Debug\Exceptions->errorHandler(2, 'foreach() argument must be of type array|object, null given', 'C:\\xampp\\htdocs\\proyecto_benitez_lopez\\app\\Views\\admin\\productos\\editar.php', 75)
 2 SYSTEMPATH\View\View.php(224): include('C:\\xampp\\htdocs\\proyecto_benitez_lopez\\app\\Views\\admin\\productos\\editar.php')
 3 SYSTEMPATH\View\View.php(227): CodeIgniter\View\View->CodeIgniter\View\{closure}()
 4 SYSTEMPATH\Common.php(1173): CodeIgniter\View\View->render('admin/productos/editar', [], true)
 5 APPPATH\Controllers\ProductoController.php(217): view('admin/productos/editar')
 6 SYSTEMPATH\CodeIgniter.php(933): App\Controllers\ProductoController->editarProducto('4')
 7 SYSTEMPATH\CodeIgniter.php(507): CodeIgniter\CodeIgniter->runController(Object(App\Controllers\ProductoController))
 8 SYSTEMPATH\CodeIgniter.php(354): CodeIgniter\CodeIgniter->handleRequest(null, Object(Config\Cache), false)
 9 SYSTEMPATH\Boot.php(334): CodeIgniter\CodeIgniter->run()
10 SYSTEMPATH\Boot.php(67): CodeIgniter\Boot::runCodeIgniter(Object(CodeIgniter\CodeIgniter))
11 FCPATH\index.php(56): CodeIgniter\Boot::bootWeb(Object(Config\Paths))
CRITICAL - 2025-06-10 02:32:07 --> ErrorException: Undefined variable $categorias
[Method: GET, Route: productos]
in APPPATH\Views\productos.php on line 32.
 1 APPPATH\Views\productos.php(32): CodeIgniter\Debug\Exceptions->errorHandler(2, 'Undefined variable $categorias', 'C:\\xampp\\htdocs\\proyecto_benitez_lopez\\app\\Views\\productos.php', 32)
 2 SYSTEMPATH\View\View.php(224): include('C:\\xampp\\htdocs\\proyecto_benitez_lopez\\app\\Views\\productos.php')
 3 SYSTEMPATH\View\View.php(227): CodeIgniter\View\View->CodeIgniter\View\{closure}()
 4 SYSTEMPATH\Common.php(1173): CodeIgniter\View\View->render('productos', [], true)
 5 APPPATH\Controllers\ProductoController.php(34): view('productos')
 6 SYSTEMPATH\CodeIgniter.php(933): App\Controllers\ProductoController->productos()
 7 SYSTEMPATH\CodeIgniter.php(507): CodeIgniter\CodeIgniter->runController(Object(App\Controllers\ProductoController))
 8 SYSTEMPATH\CodeIgniter.php(354): CodeIgniter\CodeIgniter->handleRequest(null, Object(Config\Cache), false)
 9 SYSTEMPATH\Boot.php(334): CodeIgniter\CodeIgniter->run()
10 SYSTEMPATH\Boot.php(67): CodeIgniter\Boot::runCodeIgniter(Object(CodeIgniter\CodeIgniter))
11 FCPATH\index.php(56): CodeIgniter\Boot::bootWeb(Object(Config\Paths))
ERROR - 2025-06-10 02:35:43 --> mysqli_sql_exception: Table 'bd_benitez_lopez.reseñas' doesn't exist in C:\xampp\htdocs\proyecto_benitez_lopez\system\Database\MySQLi\Connection.php:327
Stack trace:
#0 C:\xampp\htdocs\proyecto_benitez_lopez\system\Database\MySQLi\Connection.php(327): mysqli->query('SELECT *\nFROM `...', 0)
#1 C:\xampp\htdocs\proyecto_benitez_lopez\system\Database\BaseConnection.php(738): CodeIgniter\Database\MySQLi\Connection->execute('SELECT *\nFROM `...')
#2 C:\xampp\htdocs\proyecto_benitez_lopez\system\Database\BaseConnection.php(652): CodeIgniter\Database\BaseConnection->simpleQuery('SELECT *\nFROM `...')
#3 C:\xampp\htdocs\proyecto_benitez_lopez\system\Database\BaseBuilder.php(1649): CodeIgniter\Database\BaseConnection->query('SELECT *\nFROM `...', Array, false)
#4 C:\xampp\htdocs\proyecto_benitez_lopez\system\Model.php(286): CodeIgniter\Database\BaseBuilder->get()
#5 C:\xampp\htdocs\proyecto_benitez_lopez\system\BaseModel.php(675): CodeIgniter\Model->doFindAll(0, 0)
#6 C:\xampp\htdocs\proyecto_benitez_lopez\app\Models\ResenaModel.php(19): CodeIgniter\BaseModel->findAll()
#7 C:\xampp\htdocs\proyecto_benitez_lopez\app\Controllers\ProductoController.php(363): App\Models\ResenaModel->getResenasProducto('10')
#8 C:\xampp\htdocs\proyecto_benitez_lopez\system\CodeIgniter.php(933): App\Controllers\ProductoController->detalle('10')
#9 C:\xampp\htdocs\proyecto_benitez_lopez\system\CodeIgniter.php(507): CodeIgniter\CodeIgniter->runController(Object(App\Controllers\ProductoController))
#10 C:\xampp\htdocs\proyecto_benitez_lopez\system\CodeIgniter.php(354): CodeIgniter\CodeIgniter->handleRequest(NULL, Object(Config\Cache), false)
#11 C:\xampp\htdocs\proyecto_benitez_lopez\system\Boot.php(334): CodeIgniter\CodeIgniter->run()
#12 C:\xampp\htdocs\proyecto_benitez_lopez\system\Boot.php(67): CodeIgniter\Boot::runCodeIgniter(Object(CodeIgniter\CodeIgniter))
#13 C:\xampp\htdocs\proyecto_benitez_lopez\index.php(56): CodeIgniter\Boot::bootWeb(Object(Config\Paths))
#14 {main}
CRITICAL - 2025-06-10 02:35:43 --> CodeIgniter\Database\Exceptions\DatabaseException: Table 'bd_benitez_lopez.reseñas' doesn't exist
[Method: GET, Route: productos/10]
in SYSTEMPATH\Database\BaseConnection.php on line 692.
 1 SYSTEMPATH\Database\BaseBuilder.php(1649): CodeIgniter\Database\BaseConnection->query('SELECT *
FROM `reseñas`
WHERE `producto_id` = :producto_id:
ORDER BY `fecha` DESC', [...], false)
 2 SYSTEMPATH\Model.php(286): CodeIgniter\Database\BaseBuilder->get()
 3 SYSTEMPATH\BaseModel.php(675): CodeIgniter\Model->doFindAll(0, 0)
 4 APPPATH\Models\ResenaModel.php(19): CodeIgniter\BaseModel->findAll()
 5 APPPATH\Controllers\ProductoController.php(363): App\Models\ResenaModel->getResenasProducto('10')
 6 SYSTEMPATH\CodeIgniter.php(933): App\Controllers\ProductoController->detalle('10')
 7 SYSTEMPATH\CodeIgniter.php(507): CodeIgniter\CodeIgniter->runController(Object(App\Controllers\ProductoController))
 8 SYSTEMPATH\CodeIgniter.php(354): CodeIgniter\CodeIgniter->handleRequest(null, Object(Config\Cache), false)
 9 SYSTEMPATH\Boot.php(334): CodeIgniter\CodeIgniter->run()
10 SYSTEMPATH\Boot.php(67): CodeIgniter\Boot::runCodeIgniter(Object(CodeIgniter\CodeIgniter))
11 FCPATH\index.php(56): CodeIgniter\Boot::bootWeb(Object(Config\Paths))
CRITICAL - 2025-06-10 02:35:43 --> [Caused by] CodeIgniter\Database\Exceptions\DatabaseException: Table 'bd_benitez_lopez.reseñas' doesn't exist
in SYSTEMPATH\Database\MySQLi\Connection.php on line 332.
 1 SYSTEMPATH\Database\BaseConnection.php(738): CodeIgniter\Database\MySQLi\Connection->execute('SELECT *
FROM `reseñas`
WHERE `producto_id` = \'10\'
ORDER BY `fecha` DESC')
 2 SYSTEMPATH\Database\BaseConnection.php(652): CodeIgniter\Database\BaseConnection->simpleQuery('SELECT *
FROM `reseñas`
WHERE `producto_id` = \'10\'
ORDER BY `fecha` DESC')
 3 SYSTEMPATH\Database\BaseBuilder.php(1649): CodeIgniter\Database\BaseConnection->query('SELECT *
FROM `reseñas`
WHERE `producto_id` = :producto_id:
ORDER BY `fecha` DESC', [...], false)
 4 SYSTEMPATH\Model.php(286): CodeIgniter\Database\BaseBuilder->get()
 5 SYSTEMPATH\BaseModel.php(675): CodeIgniter\Model->doFindAll(0, 0)
 6 APPPATH\Models\ResenaModel.php(19): CodeIgniter\BaseModel->findAll()
 7 APPPATH\Controllers\ProductoController.php(363): App\Models\ResenaModel->getResenasProducto('10')
 8 SYSTEMPATH\CodeIgniter.php(933): App\Controllers\ProductoController->detalle('10')
 9 SYSTEMPATH\CodeIgniter.php(507): CodeIgniter\CodeIgniter->runController(Object(App\Controllers\ProductoController))
10 SYSTEMPATH\CodeIgniter.php(354): CodeIgniter\CodeIgniter->handleRequest(null, Object(Config\Cache), false)
11 SYSTEMPATH\Boot.php(334): CodeIgniter\CodeIgniter->run()
12 SYSTEMPATH\Boot.php(67): CodeIgniter\Boot::runCodeIgniter(Object(CodeIgniter\CodeIgniter))
13 FCPATH\index.php(56): CodeIgniter\Boot::bootWeb(Object(Config\Paths))
CRITICAL - 2025-06-10 02:35:43 --> [Caused by] mysqli_sql_exception: Table 'bd_benitez_lopez.reseñas' doesn't exist
in SYSTEMPATH\Database\MySQLi\Connection.php on line 327.
 1 SYSTEMPATH\Database\MySQLi\Connection.php(327): mysqli->query('SELECT *
FROM `reseñas`
WHERE `producto_id` = \'10\'
ORDER BY `fecha` DESC', 0)
 2 SYSTEMPATH\Database\BaseConnection.php(738): CodeIgniter\Database\MySQLi\Connection->execute('SELECT *
FROM `reseñas`
WHERE `producto_id` = \'10\'
ORDER BY `fecha` DESC')
 3 SYSTEMPATH\Database\BaseConnection.php(652): CodeIgniter\Database\BaseConnection->simpleQuery('SELECT *
FROM `reseñas`
WHERE `producto_id` = \'10\'
ORDER BY `fecha` DESC')
 4 SYSTEMPATH\Database\BaseBuilder.php(1649): CodeIgniter\Database\BaseConnection->query('SELECT *
FROM `reseñas`
WHERE `producto_id` = :producto_id:
ORDER BY `fecha` DESC', [...], false)
 5 SYSTEMPATH\Model.php(286): CodeIgniter\Database\BaseBuilder->get()
 6 SYSTEMPATH\BaseModel.php(675): CodeIgniter\Model->doFindAll(0, 0)
 7 APPPATH\Models\ResenaModel.php(19): CodeIgniter\BaseModel->findAll()
 8 APPPATH\Controllers\ProductoController.php(363): App\Models\ResenaModel->getResenasProducto('10')
 9 SYSTEMPATH\CodeIgniter.php(933): App\Controllers\ProductoController->detalle('10')
10 SYSTEMPATH\CodeIgniter.php(507): CodeIgniter\CodeIgniter->runController(Object(App\Controllers\ProductoController))
11 SYSTEMPATH\CodeIgniter.php(354): CodeIgniter\CodeIgniter->handleRequest(null, Object(Config\Cache), false)
12 SYSTEMPATH\Boot.php(334): CodeIgniter\CodeIgniter->run()
13 SYSTEMPATH\Boot.php(67): CodeIgniter\Boot::runCodeIgniter(Object(CodeIgniter\CodeIgniter))
14 FCPATH\index.php(56): CodeIgniter\Boot::bootWeb(Object(Config\Paths))
CRITICAL - 2025-06-10 02:47:42 --> CodeIgniter\View\Exceptions\ViewException: Invalid file: "productos_categoria.php"
[Method: GET, Route: productos/categoria/1]
in SYSTEMPATH\Exceptions\FrameworkException.php on line 39.
 1 SYSTEMPATH\View\View.php(212): CodeIgniter\Exceptions\FrameworkException::forInvalidFile('productos_categoria.php')
 2 SYSTEMPATH\Common.php(1173): CodeIgniter\View\View->render('productos_categoria', [], true)
 3 APPPATH\Controllers\ProductoController.php(68): view('productos_categoria')
 4 SYSTEMPATH\CodeIgniter.php(933): App\Controllers\ProductoController->listarPorCategoria('1')
 5 SYSTEMPATH\CodeIgniter.php(507): CodeIgniter\CodeIgniter->runController(Object(App\Controllers\ProductoController))
 6 SYSTEMPATH\CodeIgniter.php(354): CodeIgniter\CodeIgniter->handleRequest(null, Object(Config\Cache), false)
 7 SYSTEMPATH\Boot.php(334): CodeIgniter\CodeIgniter->run()
 8 SYSTEMPATH\Boot.php(67): CodeIgniter\Boot::runCodeIgniter(Object(CodeIgniter\CodeIgniter))
 9 FCPATH\index.php(56): CodeIgniter\Boot::bootWeb(Object(Config\Paths))
CRITICAL - 2025-06-10 02:47:50 --> CodeIgniter\View\Exceptions\ViewException: Invalid file: "productos_categoria.php"
[Method: GET, Route: productos/categoria/2]
in SYSTEMPATH\Exceptions\FrameworkException.php on line 39.
 1 SYSTEMPATH\View\View.php(212): CodeIgniter\Exceptions\FrameworkException::forInvalidFile('productos_categoria.php')
 2 SYSTEMPATH\Common.php(1173): CodeIgniter\View\View->render('productos_categoria', [], true)
 3 APPPATH\Controllers\ProductoController.php(68): view('productos_categoria')
 4 SYSTEMPATH\CodeIgniter.php(933): App\Controllers\ProductoController->listarPorCategoria('2')
 5 SYSTEMPATH\CodeIgniter.php(507): CodeIgniter\CodeIgniter->runController(Object(App\Controllers\ProductoController))
 6 SYSTEMPATH\CodeIgniter.php(354): CodeIgniter\CodeIgniter->handleRequest(null, Object(Config\Cache), false)
 7 SYSTEMPATH\Boot.php(334): CodeIgniter\CodeIgniter->run()
 8 SYSTEMPATH\Boot.php(67): CodeIgniter\Boot::runCodeIgniter(Object(CodeIgniter\CodeIgniter))
 9 FCPATH\index.php(56): CodeIgniter\Boot::bootWeb(Object(Config\Paths))
CRITICAL - 2025-06-10 02:50:12 --> ParseError: syntax error, unexpected token "%"
[Method: GET, Route: productos/categoria/1]
in APPPATH\Controllers\ProductoController.php on line 51.
 1 SYSTEMPATH\Autoloader\Autoloader.php(295): CodeIgniter\Autoloader\Autoloader->includeFile('C:\\xampp\\htdocs\\proyecto_benitez_lopez\\app\\Controllers\\ProductoController.php')
 2 SYSTEMPATH\Autoloader\Autoloader.php(271): CodeIgniter\Autoloader\Autoloader->loadInNamespace('App\\Controllers\\ProductoController')
 3 [internal function]: CodeIgniter\Autoloader\Autoloader->loadClass('App\\Controllers\\ProductoController')
 4 SYSTEMPATH\CodeIgniter.php(885): class_exists('\\App\\Controllers\\ProductoController', true)
 5 SYSTEMPATH\CodeIgniter.php(494): CodeIgniter\CodeIgniter->startController()
 6 SYSTEMPATH\CodeIgniter.php(354): CodeIgniter\CodeIgniter->handleRequest(null, Object(Config\Cache), false)
 7 SYSTEMPATH\Boot.php(334): CodeIgniter\CodeIgniter->run()
 8 SYSTEMPATH\Boot.php(67): CodeIgniter\Boot::runCodeIgniter(Object(CodeIgniter\CodeIgniter))
 9 FCPATH\index.php(56): CodeIgniter\Boot::bootWeb(Object(Config\Paths))
CRITICAL - 2025-06-10 02:50:13 --> ParseError: syntax error, unexpected token "%"
[Method: GET, Route: productos/categoria/1]
in APPPATH\Controllers\ProductoController.php on line 51.
 1 SYSTEMPATH\Autoloader\Autoloader.php(295): CodeIgniter\Autoloader\Autoloader->includeFile('C:\\xampp\\htdocs\\proyecto_benitez_lopez\\app\\Controllers\\ProductoController.php')
 2 SYSTEMPATH\Autoloader\Autoloader.php(271): CodeIgniter\Autoloader\Autoloader->loadInNamespace('App\\Controllers\\ProductoController')
 3 [internal function]: CodeIgniter\Autoloader\Autoloader->loadClass('App\\Controllers\\ProductoController')
 4 SYSTEMPATH\CodeIgniter.php(885): class_exists('\\App\\Controllers\\ProductoController', true)
 5 SYSTEMPATH\CodeIgniter.php(494): CodeIgniter\CodeIgniter->startController()
 6 SYSTEMPATH\CodeIgniter.php(354): CodeIgniter\CodeIgniter->handleRequest(null, Object(Config\Cache), false)
 7 SYSTEMPATH\Boot.php(334): CodeIgniter\CodeIgniter->run()
 8 SYSTEMPATH\Boot.php(67): CodeIgniter\Boot::runCodeIgniter(Object(CodeIgniter\CodeIgniter))
 9 FCPATH\index.php(56): CodeIgniter\Boot::bootWeb(Object(Config\Paths))
CRITICAL - 2025-06-10 03:13:56 --> ParseError: syntax error, unexpected single-quoted string "admin/categorias/listar", expecting "]"
[Method: GET, Route: admin/productos/crear]
in APPPATH\Config\Filters.php on line 127.
 1 SYSTEMPATH\Autoloader\Autoloader.php(295): CodeIgniter\Autoloader\Autoloader->includeFile('C:\\xampp\\htdocs\\proyecto_benitez_lopez\\app\\Config\\Filters.php')
 2 SYSTEMPATH\Autoloader\Autoloader.php(271): CodeIgniter\Autoloader\Autoloader->loadInNamespace('Config\\Filters')
 3 [internal function]: CodeIgniter\Autoloader\Autoloader->loadClass('Config\\Filters')
 4 SYSTEMPATH\Config\Factories.php(297): class_exists('Config\\Filters')
 5 SYSTEMPATH\Config\Factories.php(216): CodeIgniter\Config\Factories::locateClass([...], 'Config\\Filters')
 6 SYSTEMPATH\Config\Factories.php(159): CodeIgniter\Config\Factories::getDefinedInstance([...], 'Config\\Filters', [])
 7 SYSTEMPATH\Config\Factories.php(188): CodeIgniter\Config\Factories::__callStatic('config', [])
 8 SYSTEMPATH\Common.php(210): CodeIgniter\Config\Factories::get('config', 'Config\\Filters')
 9 SYSTEMPATH\Config\Services.php(295): config('Config\\Filters')
10 SYSTEMPATH\Config\BaseService.php(312): CodeIgniter\Config\Services::filters(null, false)
11 SYSTEMPATH\Config\BaseService.php(251): CodeIgniter\Config\BaseService::__callStatic('filters', [...])
12 SYSTEMPATH\Config\Services.php(292): CodeIgniter\Config\BaseService::getSharedInstance('filters', null)
13 SYSTEMPATH\Config\BaseService.php(321): CodeIgniter\Config\Services::filters()
14 SYSTEMPATH\CodeIgniter.php(345): CodeIgniter\Config\BaseService::__callStatic('filters', [])
15 SYSTEMPATH\Boot.php(334): CodeIgniter\CodeIgniter->run()
16 SYSTEMPATH\Boot.php(67): CodeIgniter\Boot::runCodeIgniter(Object(CodeIgniter\CodeIgniter))
17 FCPATH\index.php(56): CodeIgniter\Boot::bootWeb(Object(Config\Paths))
CRITICAL - 2025-06-10 03:14:00 --> ParseError: syntax error, unexpected single-quoted string "admin/categorias/listar", expecting "]"
[Method: GET, Route: /]
in APPPATH\Config\Filters.php on line 127.
 1 SYSTEMPATH\Autoloader\Autoloader.php(295): CodeIgniter\Autoloader\Autoloader->includeFile('C:\\xampp\\htdocs\\proyecto_benitez_lopez\\app\\Config\\Filters.php')
 2 SYSTEMPATH\Autoloader\Autoloader.php(271): CodeIgniter\Autoloader\Autoloader->loadInNamespace('Config\\Filters')
 3 [internal function]: CodeIgniter\Autoloader\Autoloader->loadClass('Config\\Filters')
 4 SYSTEMPATH\Config\Factories.php(297): class_exists('Config\\Filters')
 5 SYSTEMPATH\Config\Factories.php(216): CodeIgniter\Config\Factories::locateClass([...], 'Config\\Filters')
 6 SYSTEMPATH\Config\Factories.php(159): CodeIgniter\Config\Factories::getDefinedInstance([...], 'Config\\Filters', [])
 7 SYSTEMPATH\Config\Factories.php(188): CodeIgniter\Config\Factories::__callStatic('config', [])
 8 SYSTEMPATH\Common.php(210): CodeIgniter\Config\Factories::get('config', 'Config\\Filters')
 9 SYSTEMPATH\Config\Services.php(295): config('Config\\Filters')
10 SYSTEMPATH\Config\BaseService.php(312): CodeIgniter\Config\Services::filters(null, false)
11 SYSTEMPATH\Config\BaseService.php(251): CodeIgniter\Config\BaseService::__callStatic('filters', [...])
12 SYSTEMPATH\Config\Services.php(292): CodeIgniter\Config\BaseService::getSharedInstance('filters', null)
13 SYSTEMPATH\Config\BaseService.php(321): CodeIgniter\Config\Services::filters()
14 SYSTEMPATH\CodeIgniter.php(345): CodeIgniter\Config\BaseService::__callStatic('filters', [])
15 SYSTEMPATH\Boot.php(334): CodeIgniter\CodeIgniter->run()
16 SYSTEMPATH\Boot.php(67): CodeIgniter\Boot::runCodeIgniter(Object(CodeIgniter\CodeIgniter))
17 FCPATH\index.php(56): CodeIgniter\Boot::bootWeb(Object(Config\Paths))
CRITICAL - 2025-06-10 03:14:18 --> ParseError: syntax error, unexpected single-quoted string "admin/categorias/listar", expecting "]"
[Method: GET, Route: /]
in APPPATH\Config\Filters.php on line 127.
 1 SYSTEMPATH\Autoloader\Autoloader.php(295): CodeIgniter\Autoloader\Autoloader->includeFile('C:\\xampp\\htdocs\\proyecto_benitez_lopez\\app\\Config\\Filters.php')
 2 SYSTEMPATH\Autoloader\Autoloader.php(271): CodeIgniter\Autoloader\Autoloader->loadInNamespace('Config\\Filters')
 3 [internal function]: CodeIgniter\Autoloader\Autoloader->loadClass('Config\\Filters')
 4 SYSTEMPATH\Config\Factories.php(297): class_exists('Config\\Filters')
 5 SYSTEMPATH\Config\Factories.php(216): CodeIgniter\Config\Factories::locateClass([...], 'Config\\Filters')
 6 SYSTEMPATH\Config\Factories.php(159): CodeIgniter\Config\Factories::getDefinedInstance([...], 'Config\\Filters', [])
 7 SYSTEMPATH\Config\Factories.php(188): CodeIgniter\Config\Factories::__callStatic('config', [])
 8 SYSTEMPATH\Common.php(210): CodeIgniter\Config\Factories::get('config', 'Config\\Filters')
 9 SYSTEMPATH\Config\Services.php(295): config('Config\\Filters')
10 SYSTEMPATH\Config\BaseService.php(312): CodeIgniter\Config\Services::filters(null, false)
11 SYSTEMPATH\Config\BaseService.php(251): CodeIgniter\Config\BaseService::__callStatic('filters', [...])
12 SYSTEMPATH\Config\Services.php(292): CodeIgniter\Config\BaseService::getSharedInstance('filters', null)
13 SYSTEMPATH\Config\BaseService.php(321): CodeIgniter\Config\Services::filters()
14 SYSTEMPATH\CodeIgniter.php(345): CodeIgniter\Config\BaseService::__callStatic('filters', [])
15 SYSTEMPATH\Boot.php(334): CodeIgniter\CodeIgniter->run()
16 SYSTEMPATH\Boot.php(67): CodeIgniter\Boot::runCodeIgniter(Object(CodeIgniter\CodeIgniter))
17 FCPATH\index.php(56): CodeIgniter\Boot::bootWeb(Object(Config\Paths))
CRITICAL - 2025-06-10 03:15:24 --> ParseError: syntax error, unexpected single-quoted string "admin/categorias/listar", expecting "]"
[Method: GET, Route: /]
in APPPATH\Config\Filters.php on line 127.
 1 SYSTEMPATH\Autoloader\Autoloader.php(295): CodeIgniter\Autoloader\Autoloader->includeFile('C:\\xampp\\htdocs\\proyecto_benitez_lopez\\app\\Config\\Filters.php')
 2 SYSTEMPATH\Autoloader\Autoloader.php(271): CodeIgniter\Autoloader\Autoloader->loadInNamespace('Config\\Filters')
 3 [internal function]: CodeIgniter\Autoloader\Autoloader->loadClass('Config\\Filters')
 4 SYSTEMPATH\Config\Factories.php(297): class_exists('Config\\Filters')
 5 SYSTEMPATH\Config\Factories.php(216): CodeIgniter\Config\Factories::locateClass([...], 'Config\\Filters')
 6 SYSTEMPATH\Config\Factories.php(159): CodeIgniter\Config\Factories::getDefinedInstance([...], 'Config\\Filters', [])
 7 SYSTEMPATH\Config\Factories.php(188): CodeIgniter\Config\Factories::__callStatic('config', [])
 8 SYSTEMPATH\Common.php(210): CodeIgniter\Config\Factories::get('config', 'Config\\Filters')
 9 SYSTEMPATH\Config\Services.php(295): config('Config\\Filters')
10 SYSTEMPATH\Config\BaseService.php(312): CodeIgniter\Config\Services::filters(null, false)
11 SYSTEMPATH\Config\BaseService.php(251): CodeIgniter\Config\BaseService::__callStatic('filters', [...])
12 SYSTEMPATH\Config\Services.php(292): CodeIgniter\Config\BaseService::getSharedInstance('filters', null)
13 SYSTEMPATH\Config\BaseService.php(321): CodeIgniter\Config\Services::filters()
14 SYSTEMPATH\CodeIgniter.php(345): CodeIgniter\Config\BaseService::__callStatic('filters', [])
15 SYSTEMPATH\Boot.php(334): CodeIgniter\CodeIgniter->run()
16 SYSTEMPATH\Boot.php(67): CodeIgniter\Boot::runCodeIgniter(Object(CodeIgniter\CodeIgniter))
17 FCPATH\index.php(56): CodeIgniter\Boot::bootWeb(Object(Config\Paths))
CRITICAL - 2025-06-10 03:15:25 --> ParseError: syntax error, unexpected single-quoted string "admin/categorias/listar", expecting "]"
[Method: GET, Route: /]
in APPPATH\Config\Filters.php on line 127.
 1 SYSTEMPATH\Autoloader\Autoloader.php(295): CodeIgniter\Autoloader\Autoloader->includeFile('C:\\xampp\\htdocs\\proyecto_benitez_lopez\\app\\Config\\Filters.php')
 2 SYSTEMPATH\Autoloader\Autoloader.php(271): CodeIgniter\Autoloader\Autoloader->loadInNamespace('Config\\Filters')
 3 [internal function]: CodeIgniter\Autoloader\Autoloader->loadClass('Config\\Filters')
 4 SYSTEMPATH\Config\Factories.php(297): class_exists('Config\\Filters')
 5 SYSTEMPATH\Config\Factories.php(216): CodeIgniter\Config\Factories::locateClass([...], 'Config\\Filters')
 6 SYSTEMPATH\Config\Factories.php(159): CodeIgniter\Config\Factories::getDefinedInstance([...], 'Config\\Filters', [])
 7 SYSTEMPATH\Config\Factories.php(188): CodeIgniter\Config\Factories::__callStatic('config', [])
 8 SYSTEMPATH\Common.php(210): CodeIgniter\Config\Factories::get('config', 'Config\\Filters')
 9 SYSTEMPATH\Config\Services.php(295): config('Config\\Filters')
10 SYSTEMPATH\Config\BaseService.php(312): CodeIgniter\Config\Services::filters(null, false)
11 SYSTEMPATH\Config\BaseService.php(251): CodeIgniter\Config\BaseService::__callStatic('filters', [...])
12 SYSTEMPATH\Config\Services.php(292): CodeIgniter\Config\BaseService::getSharedInstance('filters', null)
13 SYSTEMPATH\Config\BaseService.php(321): CodeIgniter\Config\Services::filters()
14 SYSTEMPATH\CodeIgniter.php(345): CodeIgniter\Config\BaseService::__callStatic('filters', [])
15 SYSTEMPATH\Boot.php(334): CodeIgniter\CodeIgniter->run()
16 SYSTEMPATH\Boot.php(67): CodeIgniter\Boot::runCodeIgniter(Object(CodeIgniter\CodeIgniter))
17 FCPATH\index.php(56): CodeIgniter\Boot::bootWeb(Object(Config\Paths))
CRITICAL - 2025-06-10 03:15:25 --> ParseError: syntax error, unexpected single-quoted string "admin/categorias/listar", expecting "]"
[Method: GET, Route: /]
in APPPATH\Config\Filters.php on line 127.
 1 SYSTEMPATH\Autoloader\Autoloader.php(295): CodeIgniter\Autoloader\Autoloader->includeFile('C:\\xampp\\htdocs\\proyecto_benitez_lopez\\app\\Config\\Filters.php')
 2 SYSTEMPATH\Autoloader\Autoloader.php(271): CodeIgniter\Autoloader\Autoloader->loadInNamespace('Config\\Filters')
 3 [internal function]: CodeIgniter\Autoloader\Autoloader->loadClass('Config\\Filters')
 4 SYSTEMPATH\Config\Factories.php(297): class_exists('Config\\Filters')
 5 SYSTEMPATH\Config\Factories.php(216): CodeIgniter\Config\Factories::locateClass([...], 'Config\\Filters')
 6 SYSTEMPATH\Config\Factories.php(159): CodeIgniter\Config\Factories::getDefinedInstance([...], 'Config\\Filters', [])
 7 SYSTEMPATH\Config\Factories.php(188): CodeIgniter\Config\Factories::__callStatic('config', [])
 8 SYSTEMPATH\Common.php(210): CodeIgniter\Config\Factories::get('config', 'Config\\Filters')
 9 SYSTEMPATH\Config\Services.php(295): config('Config\\Filters')
10 SYSTEMPATH\Config\BaseService.php(312): CodeIgniter\Config\Services::filters(null, false)
11 SYSTEMPATH\Config\BaseService.php(251): CodeIgniter\Config\BaseService::__callStatic('filters', [...])
12 SYSTEMPATH\Config\Services.php(292): CodeIgniter\Config\BaseService::getSharedInstance('filters', null)
13 SYSTEMPATH\Config\BaseService.php(321): CodeIgniter\Config\Services::filters()
14 SYSTEMPATH\CodeIgniter.php(345): CodeIgniter\Config\BaseService::__callStatic('filters', [])
15 SYSTEMPATH\Boot.php(334): CodeIgniter\CodeIgniter->run()
16 SYSTEMPATH\Boot.php(67): CodeIgniter\Boot::runCodeIgniter(Object(CodeIgniter\CodeIgniter))
17 FCPATH\index.php(56): CodeIgniter\Boot::bootWeb(Object(Config\Paths))
CRITICAL - 2025-06-10 03:15:25 --> ParseError: syntax error, unexpected single-quoted string "admin/categorias/listar", expecting "]"
[Method: GET, Route: /]
in APPPATH\Config\Filters.php on line 127.
 1 SYSTEMPATH\Autoloader\Autoloader.php(295): CodeIgniter\Autoloader\Autoloader->includeFile('C:\\xampp\\htdocs\\proyecto_benitez_lopez\\app\\Config\\Filters.php')
 2 SYSTEMPATH\Autoloader\Autoloader.php(271): CodeIgniter\Autoloader\Autoloader->loadInNamespace('Config\\Filters')
 3 [internal function]: CodeIgniter\Autoloader\Autoloader->loadClass('Config\\Filters')
 4 SYSTEMPATH\Config\Factories.php(297): class_exists('Config\\Filters')
 5 SYSTEMPATH\Config\Factories.php(216): CodeIgniter\Config\Factories::locateClass([...], 'Config\\Filters')
 6 SYSTEMPATH\Config\Factories.php(159): CodeIgniter\Config\Factories::getDefinedInstance([...], 'Config\\Filters', [])
 7 SYSTEMPATH\Config\Factories.php(188): CodeIgniter\Config\Factories::__callStatic('config', [])
 8 SYSTEMPATH\Common.php(210): CodeIgniter\Config\Factories::get('config', 'Config\\Filters')
 9 SYSTEMPATH\Config\Services.php(295): config('Config\\Filters')
10 SYSTEMPATH\Config\BaseService.php(312): CodeIgniter\Config\Services::filters(null, false)
11 SYSTEMPATH\Config\BaseService.php(251): CodeIgniter\Config\BaseService::__callStatic('filters', [...])
12 SYSTEMPATH\Config\Services.php(292): CodeIgniter\Config\BaseService::getSharedInstance('filters', null)
13 SYSTEMPATH\Config\BaseService.php(321): CodeIgniter\Config\Services::filters()
14 SYSTEMPATH\CodeIgniter.php(345): CodeIgniter\Config\BaseService::__callStatic('filters', [])
15 SYSTEMPATH\Boot.php(334): CodeIgniter\CodeIgniter->run()
16 SYSTEMPATH\Boot.php(67): CodeIgniter\Boot::runCodeIgniter(Object(CodeIgniter\CodeIgniter))
17 FCPATH\index.php(56): CodeIgniter\Boot::bootWeb(Object(Config\Paths))
CRITICAL - 2025-06-10 03:15:30 --> ParseError: syntax error, unexpected single-quoted string "admin/categorias/listar", expecting "]"
[Method: GET, Route: /]
in APPPATH\Config\Filters.php on line 127.
 1 SYSTEMPATH\Autoloader\Autoloader.php(295): CodeIgniter\Autoloader\Autoloader->includeFile('C:\\xampp\\htdocs\\proyecto_benitez_lopez\\app\\Config\\Filters.php')
 2 SYSTEMPATH\Autoloader\Autoloader.php(271): CodeIgniter\Autoloader\Autoloader->loadInNamespace('Config\\Filters')
 3 [internal function]: CodeIgniter\Autoloader\Autoloader->loadClass('Config\\Filters')
 4 SYSTEMPATH\Config\Factories.php(297): class_exists('Config\\Filters')
 5 SYSTEMPATH\Config\Factories.php(216): CodeIgniter\Config\Factories::locateClass([...], 'Config\\Filters')
 6 SYSTEMPATH\Config\Factories.php(159): CodeIgniter\Config\Factories::getDefinedInstance([...], 'Config\\Filters', [])
 7 SYSTEMPATH\Config\Factories.php(188): CodeIgniter\Config\Factories::__callStatic('config', [])
 8 SYSTEMPATH\Common.php(210): CodeIgniter\Config\Factories::get('config', 'Config\\Filters')
 9 SYSTEMPATH\Config\Services.php(295): config('Config\\Filters')
10 SYSTEMPATH\Config\BaseService.php(312): CodeIgniter\Config\Services::filters(null, false)
11 SYSTEMPATH\Config\BaseService.php(251): CodeIgniter\Config\BaseService::__callStatic('filters', [...])
12 SYSTEMPATH\Config\Services.php(292): CodeIgniter\Config\BaseService::getSharedInstance('filters', null)
13 SYSTEMPATH\Config\BaseService.php(321): CodeIgniter\Config\Services::filters()
14 SYSTEMPATH\CodeIgniter.php(345): CodeIgniter\Config\BaseService::__callStatic('filters', [])
15 SYSTEMPATH\Boot.php(334): CodeIgniter\CodeIgniter->run()
16 SYSTEMPATH\Boot.php(67): CodeIgniter\Boot::runCodeIgniter(Object(CodeIgniter\CodeIgniter))
17 FCPATH\index.php(56): CodeIgniter\Boot::bootWeb(Object(Config\Paths))
CRITICAL - 2025-06-10 03:15:31 --> ParseError: syntax error, unexpected single-quoted string "admin/categorias/listar", expecting "]"
[Method: GET, Route: /]
in APPPATH\Config\Filters.php on line 127.
 1 SYSTEMPATH\Autoloader\Autoloader.php(295): CodeIgniter\Autoloader\Autoloader->includeFile('C:\\xampp\\htdocs\\proyecto_benitez_lopez\\app\\Config\\Filters.php')
 2 SYSTEMPATH\Autoloader\Autoloader.php(271): CodeIgniter\Autoloader\Autoloader->loadInNamespace('Config\\Filters')
 3 [internal function]: CodeIgniter\Autoloader\Autoloader->loadClass('Config\\Filters')
 4 SYSTEMPATH\Config\Factories.php(297): class_exists('Config\\Filters')
 5 SYSTEMPATH\Config\Factories.php(216): CodeIgniter\Config\Factories::locateClass([...], 'Config\\Filters')
 6 SYSTEMPATH\Config\Factories.php(159): CodeIgniter\Config\Factories::getDefinedInstance([...], 'Config\\Filters', [])
 7 SYSTEMPATH\Config\Factories.php(188): CodeIgniter\Config\Factories::__callStatic('config', [])
 8 SYSTEMPATH\Common.php(210): CodeIgniter\Config\Factories::get('config', 'Config\\Filters')
 9 SYSTEMPATH\Config\Services.php(295): config('Config\\Filters')
10 SYSTEMPATH\Config\BaseService.php(312): CodeIgniter\Config\Services::filters(null, false)
11 SYSTEMPATH\Config\BaseService.php(251): CodeIgniter\Config\BaseService::__callStatic('filters', [...])
12 SYSTEMPATH\Config\Services.php(292): CodeIgniter\Config\BaseService::getSharedInstance('filters', null)
13 SYSTEMPATH\Config\BaseService.php(321): CodeIgniter\Config\Services::filters()
14 SYSTEMPATH\CodeIgniter.php(345): CodeIgniter\Config\BaseService::__callStatic('filters', [])
15 SYSTEMPATH\Boot.php(334): CodeIgniter\CodeIgniter->run()
16 SYSTEMPATH\Boot.php(67): CodeIgniter\Boot::runCodeIgniter(Object(CodeIgniter\CodeIgniter))
17 FCPATH\index.php(56): CodeIgniter\Boot::bootWeb(Object(Config\Paths))
CRITICAL - 2025-06-10 03:16:23 --> ParseError: syntax error, unexpected single-quoted string "admin/categorias/listar", expecting "]"
[Method: GET, Route: /]
in APPPATH\Config\Filters.php on line 127.
 1 SYSTEMPATH\Autoloader\Autoloader.php(295): CodeIgniter\Autoloader\Autoloader->includeFile('C:\\xampp\\htdocs\\proyecto_benitez_lopez\\app\\Config\\Filters.php')
 2 SYSTEMPATH\Autoloader\Autoloader.php(271): CodeIgniter\Autoloader\Autoloader->loadInNamespace('Config\\Filters')
 3 [internal function]: CodeIgniter\Autoloader\Autoloader->loadClass('Config\\Filters')
 4 SYSTEMPATH\Config\Factories.php(297): class_exists('Config\\Filters')
 5 SYSTEMPATH\Config\Factories.php(216): CodeIgniter\Config\Factories::locateClass([...], 'Config\\Filters')
 6 SYSTEMPATH\Config\Factories.php(159): CodeIgniter\Config\Factories::getDefinedInstance([...], 'Config\\Filters', [])
 7 SYSTEMPATH\Config\Factories.php(188): CodeIgniter\Config\Factories::__callStatic('config', [])
 8 SYSTEMPATH\Common.php(210): CodeIgniter\Config\Factories::get('config', 'Config\\Filters')
 9 SYSTEMPATH\Config\Services.php(295): config('Config\\Filters')
10 SYSTEMPATH\Config\BaseService.php(312): CodeIgniter\Config\Services::filters(null, false)
11 SYSTEMPATH\Config\BaseService.php(251): CodeIgniter\Config\BaseService::__callStatic('filters', [...])
12 SYSTEMPATH\Config\Services.php(292): CodeIgniter\Config\BaseService::getSharedInstance('filters', null)
13 SYSTEMPATH\Config\BaseService.php(321): CodeIgniter\Config\Services::filters()
14 SYSTEMPATH\CodeIgniter.php(345): CodeIgniter\Config\BaseService::__callStatic('filters', [])
15 SYSTEMPATH\Boot.php(334): CodeIgniter\CodeIgniter->run()
16 SYSTEMPATH\Boot.php(67): CodeIgniter\Boot::runCodeIgniter(Object(CodeIgniter\CodeIgniter))
17 FCPATH\index.php(56): CodeIgniter\Boot::bootWeb(Object(Config\Paths))
CRITICAL - 2025-06-10 03:16:24 --> ParseError: syntax error, unexpected single-quoted string "admin/categorias/listar", expecting "]"
[Method: GET, Route: /]
in APPPATH\Config\Filters.php on line 127.
 1 SYSTEMPATH\Autoloader\Autoloader.php(295): CodeIgniter\Autoloader\Autoloader->includeFile('C:\\xampp\\htdocs\\proyecto_benitez_lopez\\app\\Config\\Filters.php')
 2 SYSTEMPATH\Autoloader\Autoloader.php(271): CodeIgniter\Autoloader\Autoloader->loadInNamespace('Config\\Filters')
 3 [internal function]: CodeIgniter\Autoloader\Autoloader->loadClass('Config\\Filters')
 4 SYSTEMPATH\Config\Factories.php(297): class_exists('Config\\Filters')
 5 SYSTEMPATH\Config\Factories.php(216): CodeIgniter\Config\Factories::locateClass([...], 'Config\\Filters')
 6 SYSTEMPATH\Config\Factories.php(159): CodeIgniter\Config\Factories::getDefinedInstance([...], 'Config\\Filters', [])
 7 SYSTEMPATH\Config\Factories.php(188): CodeIgniter\Config\Factories::__callStatic('config', [])
 8 SYSTEMPATH\Common.php(210): CodeIgniter\Config\Factories::get('config', 'Config\\Filters')
 9 SYSTEMPATH\Config\Services.php(295): config('Config\\Filters')
10 SYSTEMPATH\Config\BaseService.php(312): CodeIgniter\Config\Services::filters(null, false)
11 SYSTEMPATH\Config\BaseService.php(251): CodeIgniter\Config\BaseService::__callStatic('filters', [...])
12 SYSTEMPATH\Config\Services.php(292): CodeIgniter\Config\BaseService::getSharedInstance('filters', null)
13 SYSTEMPATH\Config\BaseService.php(321): CodeIgniter\Config\Services::filters()
14 SYSTEMPATH\CodeIgniter.php(345): CodeIgniter\Config\BaseService::__callStatic('filters', [])
15 SYSTEMPATH\Boot.php(334): CodeIgniter\CodeIgniter->run()
16 SYSTEMPATH\Boot.php(67): CodeIgniter\Boot::runCodeIgniter(Object(CodeIgniter\CodeIgniter))
17 FCPATH\index.php(56): CodeIgniter\Boot::bootWeb(Object(Config\Paths))
CRITICAL - 2025-06-10 03:16:24 --> ParseError: syntax error, unexpected single-quoted string "admin/categorias/listar", expecting "]"
[Method: GET, Route: /]
in APPPATH\Config\Filters.php on line 127.
 1 SYSTEMPATH\Autoloader\Autoloader.php(295): CodeIgniter\Autoloader\Autoloader->includeFile('C:\\xampp\\htdocs\\proyecto_benitez_lopez\\app\\Config\\Filters.php')
 2 SYSTEMPATH\Autoloader\Autoloader.php(271): CodeIgniter\Autoloader\Autoloader->loadInNamespace('Config\\Filters')
 3 [internal function]: CodeIgniter\Autoloader\Autoloader->loadClass('Config\\Filters')
 4 SYSTEMPATH\Config\Factories.php(297): class_exists('Config\\Filters')
 5 SYSTEMPATH\Config\Factories.php(216): CodeIgniter\Config\Factories::locateClass([...], 'Config\\Filters')
 6 SYSTEMPATH\Config\Factories.php(159): CodeIgniter\Config\Factories::getDefinedInstance([...], 'Config\\Filters', [])
 7 SYSTEMPATH\Config\Factories.php(188): CodeIgniter\Config\Factories::__callStatic('config', [])
 8 SYSTEMPATH\Common.php(210): CodeIgniter\Config\Factories::get('config', 'Config\\Filters')
 9 SYSTEMPATH\Config\Services.php(295): config('Config\\Filters')
10 SYSTEMPATH\Config\BaseService.php(312): CodeIgniter\Config\Services::filters(null, false)
11 SYSTEMPATH\Config\BaseService.php(251): CodeIgniter\Config\BaseService::__callStatic('filters', [...])
12 SYSTEMPATH\Config\Services.php(292): CodeIgniter\Config\BaseService::getSharedInstance('filters', null)
13 SYSTEMPATH\Config\BaseService.php(321): CodeIgniter\Config\Services::filters()
14 SYSTEMPATH\CodeIgniter.php(345): CodeIgniter\Config\BaseService::__callStatic('filters', [])
15 SYSTEMPATH\Boot.php(334): CodeIgniter\CodeIgniter->run()
16 SYSTEMPATH\Boot.php(67): CodeIgniter\Boot::runCodeIgniter(Object(CodeIgniter\CodeIgniter))
17 FCPATH\index.php(56): CodeIgniter\Boot::bootWeb(Object(Config\Paths))
CRITICAL - 2025-06-10 03:16:24 --> ParseError: syntax error, unexpected single-quoted string "admin/categorias/listar", expecting "]"
[Method: GET, Route: /]
in APPPATH\Config\Filters.php on line 127.
 1 SYSTEMPATH\Autoloader\Autoloader.php(295): CodeIgniter\Autoloader\Autoloader->includeFile('C:\\xampp\\htdocs\\proyecto_benitez_lopez\\app\\Config\\Filters.php')
 2 SYSTEMPATH\Autoloader\Autoloader.php(271): CodeIgniter\Autoloader\Autoloader->loadInNamespace('Config\\Filters')
 3 [internal function]: CodeIgniter\Autoloader\Autoloader->loadClass('Config\\Filters')
 4 SYSTEMPATH\Config\Factories.php(297): class_exists('Config\\Filters')
 5 SYSTEMPATH\Config\Factories.php(216): CodeIgniter\Config\Factories::locateClass([...], 'Config\\Filters')
 6 SYSTEMPATH\Config\Factories.php(159): CodeIgniter\Config\Factories::getDefinedInstance([...], 'Config\\Filters', [])
 7 SYSTEMPATH\Config\Factories.php(188): CodeIgniter\Config\Factories::__callStatic('config', [])
 8 SYSTEMPATH\Common.php(210): CodeIgniter\Config\Factories::get('config', 'Config\\Filters')
 9 SYSTEMPATH\Config\Services.php(295): config('Config\\Filters')
10 SYSTEMPATH\Config\BaseService.php(312): CodeIgniter\Config\Services::filters(null, false)
11 SYSTEMPATH\Config\BaseService.php(251): CodeIgniter\Config\BaseService::__callStatic('filters', [...])
12 SYSTEMPATH\Config\Services.php(292): CodeIgniter\Config\BaseService::getSharedInstance('filters', null)
13 SYSTEMPATH\Config\BaseService.php(321): CodeIgniter\Config\Services::filters()
14 SYSTEMPATH\CodeIgniter.php(345): CodeIgniter\Config\BaseService::__callStatic('filters', [])
15 SYSTEMPATH\Boot.php(334): CodeIgniter\CodeIgniter->run()
16 SYSTEMPATH\Boot.php(67): CodeIgniter\Boot::runCodeIgniter(Object(CodeIgniter\CodeIgniter))
17 FCPATH\index.php(56): CodeIgniter\Boot::bootWeb(Object(Config\Paths))
CRITICAL - 2025-06-10 03:16:31 --> ParseError: syntax error, unexpected single-quoted string "admin/categorias/listar", expecting "]"
[Method: GET, Route: admin/productos/listar]
in APPPATH\Config\Filters.php on line 127.
 1 SYSTEMPATH\Autoloader\Autoloader.php(295): CodeIgniter\Autoloader\Autoloader->includeFile('C:\\xampp\\htdocs\\proyecto_benitez_lopez\\app\\Config\\Filters.php')
 2 SYSTEMPATH\Autoloader\Autoloader.php(271): CodeIgniter\Autoloader\Autoloader->loadInNamespace('Config\\Filters')
 3 [internal function]: CodeIgniter\Autoloader\Autoloader->loadClass('Config\\Filters')
 4 SYSTEMPATH\Config\Factories.php(297): class_exists('Config\\Filters')
 5 SYSTEMPATH\Config\Factories.php(216): CodeIgniter\Config\Factories::locateClass([...], 'Config\\Filters')
 6 SYSTEMPATH\Config\Factories.php(159): CodeIgniter\Config\Factories::getDefinedInstance([...], 'Config\\Filters', [])
 7 SYSTEMPATH\Config\Factories.php(188): CodeIgniter\Config\Factories::__callStatic('config', [])
 8 SYSTEMPATH\Common.php(210): CodeIgniter\Config\Factories::get('config', 'Config\\Filters')
 9 SYSTEMPATH\Config\Services.php(295): config('Config\\Filters')
10 SYSTEMPATH\Config\BaseService.php(312): CodeIgniter\Config\Services::filters(null, false)
11 SYSTEMPATH\Config\BaseService.php(251): CodeIgniter\Config\BaseService::__callStatic('filters', [...])
12 SYSTEMPATH\Config\Services.php(292): CodeIgniter\Config\BaseService::getSharedInstance('filters', null)
13 SYSTEMPATH\Config\BaseService.php(321): CodeIgniter\Config\Services::filters()
14 SYSTEMPATH\CodeIgniter.php(345): CodeIgniter\Config\BaseService::__callStatic('filters', [])
15 SYSTEMPATH\Boot.php(334): CodeIgniter\CodeIgniter->run()
16 SYSTEMPATH\Boot.php(67): CodeIgniter\Boot::runCodeIgniter(Object(CodeIgniter\CodeIgniter))
17 FCPATH\index.php(56): CodeIgniter\Boot::bootWeb(Object(Config\Paths))
CRITICAL - 2025-06-10 03:16:47 --> ParseError: syntax error, unexpected single-quoted string "admin/categorias/listar", expecting "]"
[Method: GET, Route: admin/productos/editar/1]
in APPPATH\Config\Filters.php on line 127.
 1 SYSTEMPATH\Autoloader\Autoloader.php(295): CodeIgniter\Autoloader\Autoloader->includeFile('C:\\xampp\\htdocs\\proyecto_benitez_lopez\\app\\Config\\Filters.php')
 2 SYSTEMPATH\Autoloader\Autoloader.php(271): CodeIgniter\Autoloader\Autoloader->loadInNamespace('Config\\Filters')
 3 [internal function]: CodeIgniter\Autoloader\Autoloader->loadClass('Config\\Filters')
 4 SYSTEMPATH\Config\Factories.php(297): class_exists('Config\\Filters')
 5 SYSTEMPATH\Config\Factories.php(216): CodeIgniter\Config\Factories::locateClass([...], 'Config\\Filters')
 6 SYSTEMPATH\Config\Factories.php(159): CodeIgniter\Config\Factories::getDefinedInstance([...], 'Config\\Filters', [])
 7 SYSTEMPATH\Config\Factories.php(188): CodeIgniter\Config\Factories::__callStatic('config', [])
 8 SYSTEMPATH\Common.php(210): CodeIgniter\Config\Factories::get('config', 'Config\\Filters')
 9 SYSTEMPATH\Config\Services.php(295): config('Config\\Filters')
10 SYSTEMPATH\Config\BaseService.php(312): CodeIgniter\Config\Services::filters(null, false)
11 SYSTEMPATH\Config\BaseService.php(251): CodeIgniter\Config\BaseService::__callStatic('filters', [...])
12 SYSTEMPATH\Config\Services.php(292): CodeIgniter\Config\BaseService::getSharedInstance('filters', null)
13 SYSTEMPATH\Config\BaseService.php(321): CodeIgniter\Config\Services::filters()
14 SYSTEMPATH\CodeIgniter.php(345): CodeIgniter\Config\BaseService::__callStatic('filters', [])
15 SYSTEMPATH\Boot.php(334): CodeIgniter\CodeIgniter->run()
16 SYSTEMPATH\Boot.php(67): CodeIgniter\Boot::runCodeIgniter(Object(CodeIgniter\CodeIgniter))
17 FCPATH\index.php(56): CodeIgniter\Boot::bootWeb(Object(Config\Paths))
CRITICAL - 2025-06-10 03:16:54 --> ParseError: syntax error, unexpected single-quoted string "admin/categorias/listar", expecting "]"
[Method: GET, Route: /]
in APPPATH\Config\Filters.php on line 127.
 1 SYSTEMPATH\Autoloader\Autoloader.php(295): CodeIgniter\Autoloader\Autoloader->includeFile('C:\\xampp\\htdocs\\proyecto_benitez_lopez\\app\\Config\\Filters.php')
 2 SYSTEMPATH\Autoloader\Autoloader.php(271): CodeIgniter\Autoloader\Autoloader->loadInNamespace('Config\\Filters')
 3 [internal function]: CodeIgniter\Autoloader\Autoloader->loadClass('Config\\Filters')
 4 SYSTEMPATH\Config\Factories.php(297): class_exists('Config\\Filters')
 5 SYSTEMPATH\Config\Factories.php(216): CodeIgniter\Config\Factories::locateClass([...], 'Config\\Filters')
 6 SYSTEMPATH\Config\Factories.php(159): CodeIgniter\Config\Factories::getDefinedInstance([...], 'Config\\Filters', [])
 7 SYSTEMPATH\Config\Factories.php(188): CodeIgniter\Config\Factories::__callStatic('config', [])
 8 SYSTEMPATH\Common.php(210): CodeIgniter\Config\Factories::get('config', 'Config\\Filters')
 9 SYSTEMPATH\Config\Services.php(295): config('Config\\Filters')
10 SYSTEMPATH\Config\BaseService.php(312): CodeIgniter\Config\Services::filters(null, false)
11 SYSTEMPATH\Config\BaseService.php(251): CodeIgniter\Config\BaseService::__callStatic('filters', [...])
12 SYSTEMPATH\Config\Services.php(292): CodeIgniter\Config\BaseService::getSharedInstance('filters', null)
13 SYSTEMPATH\Config\BaseService.php(321): CodeIgniter\Config\Services::filters()
14 SYSTEMPATH\CodeIgniter.php(345): CodeIgniter\Config\BaseService::__callStatic('filters', [])
15 SYSTEMPATH\Boot.php(334): CodeIgniter\CodeIgniter->run()
16 SYSTEMPATH\Boot.php(67): CodeIgniter\Boot::runCodeIgniter(Object(CodeIgniter\CodeIgniter))
17 FCPATH\index.php(56): CodeIgniter\Boot::bootWeb(Object(Config\Paths))
CRITICAL - 2025-06-10 03:17:28 --> ParseError: syntax error, unexpected single-quoted string "admin/categorias/listar", expecting "]"
[Method: GET, Route: /]
in APPPATH\Config\Filters.php on line 127.
 1 SYSTEMPATH\Autoloader\Autoloader.php(295): CodeIgniter\Autoloader\Autoloader->includeFile('C:\\xampp\\htdocs\\proyecto_benitez_lopez\\app\\Config\\Filters.php')
 2 SYSTEMPATH\Autoloader\Autoloader.php(271): CodeIgniter\Autoloader\Autoloader->loadInNamespace('Config\\Filters')
 3 [internal function]: CodeIgniter\Autoloader\Autoloader->loadClass('Config\\Filters')
 4 SYSTEMPATH\Config\Factories.php(297): class_exists('Config\\Filters')
 5 SYSTEMPATH\Config\Factories.php(216): CodeIgniter\Config\Factories::locateClass([...], 'Config\\Filters')
 6 SYSTEMPATH\Config\Factories.php(159): CodeIgniter\Config\Factories::getDefinedInstance([...], 'Config\\Filters', [])
 7 SYSTEMPATH\Config\Factories.php(188): CodeIgniter\Config\Factories::__callStatic('config', [])
 8 SYSTEMPATH\Common.php(210): CodeIgniter\Config\Factories::get('config', 'Config\\Filters')
 9 SYSTEMPATH\Config\Services.php(295): config('Config\\Filters')
10 SYSTEMPATH\Config\BaseService.php(312): CodeIgniter\Config\Services::filters(null, false)
11 SYSTEMPATH\Config\BaseService.php(251): CodeIgniter\Config\BaseService::__callStatic('filters', [...])
12 SYSTEMPATH\Config\Services.php(292): CodeIgniter\Config\BaseService::getSharedInstance('filters', null)
13 SYSTEMPATH\Config\BaseService.php(321): CodeIgniter\Config\Services::filters()
14 SYSTEMPATH\CodeIgniter.php(345): CodeIgniter\Config\BaseService::__callStatic('filters', [])
15 SYSTEMPATH\Boot.php(334): CodeIgniter\CodeIgniter->run()
16 SYSTEMPATH\Boot.php(67): CodeIgniter\Boot::runCodeIgniter(Object(CodeIgniter\CodeIgniter))
17 FCPATH\index.php(56): CodeIgniter\Boot::bootWeb(Object(Config\Paths))
CRITICAL - 2025-06-10 03:17:29 --> ParseError: syntax error, unexpected single-quoted string "admin/categorias/listar", expecting "]"
[Method: GET, Route: /]
in APPPATH\Config\Filters.php on line 127.
 1 SYSTEMPATH\Autoloader\Autoloader.php(295): CodeIgniter\Autoloader\Autoloader->includeFile('C:\\xampp\\htdocs\\proyecto_benitez_lopez\\app\\Config\\Filters.php')
 2 SYSTEMPATH\Autoloader\Autoloader.php(271): CodeIgniter\Autoloader\Autoloader->loadInNamespace('Config\\Filters')
 3 [internal function]: CodeIgniter\Autoloader\Autoloader->loadClass('Config\\Filters')
 4 SYSTEMPATH\Config\Factories.php(297): class_exists('Config\\Filters')
 5 SYSTEMPATH\Config\Factories.php(216): CodeIgniter\Config\Factories::locateClass([...], 'Config\\Filters')
 6 SYSTEMPATH\Config\Factories.php(159): CodeIgniter\Config\Factories::getDefinedInstance([...], 'Config\\Filters', [])
 7 SYSTEMPATH\Config\Factories.php(188): CodeIgniter\Config\Factories::__callStatic('config', [])
 8 SYSTEMPATH\Common.php(210): CodeIgniter\Config\Factories::get('config', 'Config\\Filters')
 9 SYSTEMPATH\Config\Services.php(295): config('Config\\Filters')
10 SYSTEMPATH\Config\BaseService.php(312): CodeIgniter\Config\Services::filters(null, false)
11 SYSTEMPATH\Config\BaseService.php(251): CodeIgniter\Config\BaseService::__callStatic('filters', [...])
12 SYSTEMPATH\Config\Services.php(292): CodeIgniter\Config\BaseService::getSharedInstance('filters', null)
13 SYSTEMPATH\Config\BaseService.php(321): CodeIgniter\Config\Services::filters()
14 SYSTEMPATH\CodeIgniter.php(345): CodeIgniter\Config\BaseService::__callStatic('filters', [])
15 SYSTEMPATH\Boot.php(334): CodeIgniter\CodeIgniter->run()
16 SYSTEMPATH\Boot.php(67): CodeIgniter\Boot::runCodeIgniter(Object(CodeIgniter\CodeIgniter))
17 FCPATH\index.php(56): CodeIgniter\Boot::bootWeb(Object(Config\Paths))
CRITICAL - 2025-06-10 03:26:57 --> CodeIgniter\HTTP\Exceptions\BadRequestException: The URI you submitted has disallowed characters: "!"
[Method: GET, Route: admin/categorias/editar/%21]
in SYSTEMPATH\Router\Router.php on line 739.
 1 SYSTEMPATH\Router\Router.php(207): CodeIgniter\Router\Router->checkDisallowedChars('admin/categorias/editar/!')
 2 SYSTEMPATH\CodeIgniter.php(832): CodeIgniter\Router\Router->handle('admin/categorias/editar/!')
 3 SYSTEMPATH\CodeIgniter.php(455): CodeIgniter\CodeIgniter->tryToRouteIt(Object(CodeIgniter\Router\RouteCollection))
 4 SYSTEMPATH\CodeIgniter.php(354): CodeIgniter\CodeIgniter->handleRequest(null, Object(Config\Cache), false)
 5 SYSTEMPATH\Boot.php(334): CodeIgniter\CodeIgniter->run()
 6 SYSTEMPATH\Boot.php(67): CodeIgniter\Boot::runCodeIgniter(Object(CodeIgniter\CodeIgniter))
 7 FCPATH\index.php(56): CodeIgniter\Boot::bootWeb(Object(Config\Paths))
ERROR - 2025-06-10 03:33:16 --> mysqli_sql_exception: Table 'bd_benitez_lopez.reseñas' doesn't exist in C:\xampp\htdocs\proyecto_benitez_lopez\system\Database\MySQLi\Connection.php:327
Stack trace:
#0 C:\xampp\htdocs\proyecto_benitez_lopez\system\Database\MySQLi\Connection.php(327): mysqli->query('SELECT *\nFROM `...', 0)
#1 C:\xampp\htdocs\proyecto_benitez_lopez\system\Database\BaseConnection.php(738): CodeIgniter\Database\MySQLi\Connection->execute('SELECT *\nFROM `...')
#2 C:\xampp\htdocs\proyecto_benitez_lopez\system\Database\BaseConnection.php(652): CodeIgniter\Database\BaseConnection->simpleQuery('SELECT *\nFROM `...')
#3 C:\xampp\htdocs\proyecto_benitez_lopez\system\Database\BaseBuilder.php(1649): CodeIgniter\Database\BaseConnection->query('SELECT *\nFROM `...', Array, false)
#4 C:\xampp\htdocs\proyecto_benitez_lopez\system\Model.php(286): CodeIgniter\Database\BaseBuilder->get()
#5 C:\xampp\htdocs\proyecto_benitez_lopez\system\BaseModel.php(675): CodeIgniter\Model->doFindAll(0, 0)
#6 C:\xampp\htdocs\proyecto_benitez_lopez\app\Models\ResenaModel.php(19): CodeIgniter\BaseModel->findAll()
#7 C:\xampp\htdocs\proyecto_benitez_lopez\app\Controllers\ProductoController.php(394): App\Models\ResenaModel->getResenasProducto('1')
#8 C:\xampp\htdocs\proyecto_benitez_lopez\system\CodeIgniter.php(933): App\Controllers\ProductoController->detalle('1')
#9 C:\xampp\htdocs\proyecto_benitez_lopez\system\CodeIgniter.php(507): CodeIgniter\CodeIgniter->runController(Object(App\Controllers\ProductoController))
#10 C:\xampp\htdocs\proyecto_benitez_lopez\system\CodeIgniter.php(354): CodeIgniter\CodeIgniter->handleRequest(NULL, Object(Config\Cache), false)
#11 C:\xampp\htdocs\proyecto_benitez_lopez\system\Boot.php(334): CodeIgniter\CodeIgniter->run()
#12 C:\xampp\htdocs\proyecto_benitez_lopez\system\Boot.php(67): CodeIgniter\Boot::runCodeIgniter(Object(CodeIgniter\CodeIgniter))
#13 C:\xampp\htdocs\proyecto_benitez_lopez\index.php(56): CodeIgniter\Boot::bootWeb(Object(Config\Paths))
#14 {main}
CRITICAL - 2025-06-10 03:33:16 --> CodeIgniter\Database\Exceptions\DatabaseException: Table 'bd_benitez_lopez.reseñas' doesn't exist
[Method: GET, Route: productos/1]
in SYSTEMPATH\Database\BaseConnection.php on line 692.
 1 SYSTEMPATH\Database\BaseBuilder.php(1649): CodeIgniter\Database\BaseConnection->query('SELECT *
FROM `reseñas`
WHERE `producto_id` = :producto_id:
ORDER BY `fecha` DESC', [...], false)
 2 SYSTEMPATH\Model.php(286): CodeIgniter\Database\BaseBuilder->get()
 3 SYSTEMPATH\BaseModel.php(675): CodeIgniter\Model->doFindAll(0, 0)
 4 APPPATH\Models\ResenaModel.php(19): CodeIgniter\BaseModel->findAll()
 5 APPPATH\Controllers\ProductoController.php(394): App\Models\ResenaModel->getResenasProducto('1')
 6 SYSTEMPATH\CodeIgniter.php(933): App\Controllers\ProductoController->detalle('1')
 7 SYSTEMPATH\CodeIgniter.php(507): CodeIgniter\CodeIgniter->runController(Object(App\Controllers\ProductoController))
 8 SYSTEMPATH\CodeIgniter.php(354): CodeIgniter\CodeIgniter->handleRequest(null, Object(Config\Cache), false)
 9 SYSTEMPATH\Boot.php(334): CodeIgniter\CodeIgniter->run()
10 SYSTEMPATH\Boot.php(67): CodeIgniter\Boot::runCodeIgniter(Object(CodeIgniter\CodeIgniter))
11 FCPATH\index.php(56): CodeIgniter\Boot::bootWeb(Object(Config\Paths))
CRITICAL - 2025-06-10 03:33:16 --> [Caused by] CodeIgniter\Database\Exceptions\DatabaseException: Table 'bd_benitez_lopez.reseñas' doesn't exist
in SYSTEMPATH\Database\MySQLi\Connection.php on line 332.
 1 SYSTEMPATH\Database\BaseConnection.php(738): CodeIgniter\Database\MySQLi\Connection->execute('SELECT *
FROM `reseñas`
WHERE `producto_id` = \'1\'
ORDER BY `fecha` DESC')
 2 SYSTEMPATH\Database\BaseConnection.php(652): CodeIgniter\Database\BaseConnection->simpleQuery('SELECT *
FROM `reseñas`
WHERE `producto_id` = \'1\'
ORDER BY `fecha` DESC')
 3 SYSTEMPATH\Database\BaseBuilder.php(1649): CodeIgniter\Database\BaseConnection->query('SELECT *
FROM `reseñas`
WHERE `producto_id` = :producto_id:
ORDER BY `fecha` DESC', [...], false)
 4 SYSTEMPATH\Model.php(286): CodeIgniter\Database\BaseBuilder->get()
 5 SYSTEMPATH\BaseModel.php(675): CodeIgniter\Model->doFindAll(0, 0)
 6 APPPATH\Models\ResenaModel.php(19): CodeIgniter\BaseModel->findAll()
 7 APPPATH\Controllers\ProductoController.php(394): App\Models\ResenaModel->getResenasProducto('1')
 8 SYSTEMPATH\CodeIgniter.php(933): App\Controllers\ProductoController->detalle('1')
 9 SYSTEMPATH\CodeIgniter.php(507): CodeIgniter\CodeIgniter->runController(Object(App\Controllers\ProductoController))
10 SYSTEMPATH\CodeIgniter.php(354): CodeIgniter\CodeIgniter->handleRequest(null, Object(Config\Cache), false)
11 SYSTEMPATH\Boot.php(334): CodeIgniter\CodeIgniter->run()
12 SYSTEMPATH\Boot.php(67): CodeIgniter\Boot::runCodeIgniter(Object(CodeIgniter\CodeIgniter))
13 FCPATH\index.php(56): CodeIgniter\Boot::bootWeb(Object(Config\Paths))
CRITICAL - 2025-06-10 03:33:16 --> [Caused by] mysqli_sql_exception: Table 'bd_benitez_lopez.reseñas' doesn't exist
in SYSTEMPATH\Database\MySQLi\Connection.php on line 327.
 1 SYSTEMPATH\Database\MySQLi\Connection.php(327): mysqli->query('SELECT *
FROM `reseñas`
WHERE `producto_id` = \'1\'
ORDER BY `fecha` DESC', 0)
 2 SYSTEMPATH\Database\BaseConnection.php(738): CodeIgniter\Database\MySQLi\Connection->execute('SELECT *
FROM `reseñas`
WHERE `producto_id` = \'1\'
ORDER BY `fecha` DESC')
 3 SYSTEMPATH\Database\BaseConnection.php(652): CodeIgniter\Database\BaseConnection->simpleQuery('SELECT *
FROM `reseñas`
WHERE `producto_id` = \'1\'
ORDER BY `fecha` DESC')
 4 SYSTEMPATH\Database\BaseBuilder.php(1649): CodeIgniter\Database\BaseConnection->query('SELECT *
FROM `reseñas`
WHERE `producto_id` = :producto_id:
ORDER BY `fecha` DESC', [...], false)
 5 SYSTEMPATH\Model.php(286): CodeIgniter\Database\BaseBuilder->get()
 6 SYSTEMPATH\BaseModel.php(675): CodeIgniter\Model->doFindAll(0, 0)
 7 APPPATH\Models\ResenaModel.php(19): CodeIgniter\BaseModel->findAll()
 8 APPPATH\Controllers\ProductoController.php(394): App\Models\ResenaModel->getResenasProducto('1')
 9 SYSTEMPATH\CodeIgniter.php(933): App\Controllers\ProductoController->detalle('1')
10 SYSTEMPATH\CodeIgniter.php(507): CodeIgniter\CodeIgniter->runController(Object(App\Controllers\ProductoController))
11 SYSTEMPATH\CodeIgniter.php(354): CodeIgniter\CodeIgniter->handleRequest(null, Object(Config\Cache), false)
12 SYSTEMPATH\Boot.php(334): CodeIgniter\CodeIgniter->run()
13 SYSTEMPATH\Boot.php(67): CodeIgniter\Boot::runCodeIgniter(Object(CodeIgniter\CodeIgniter))
14 FCPATH\index.php(56): CodeIgniter\Boot::bootWeb(Object(Config\Paths))
CRITICAL - 2025-06-10 03:35:32 --> ErrorException: foreach() argument must be of type array|object, null given
[Method: GET, Route: admin/productos/editar/4]
in APPPATH\Views\admin\productos\editar.php on line 75.
 1 APPPATH\Views\admin\productos\editar.php(75): CodeIgniter\Debug\Exceptions->errorHandler(2, 'foreach() argument must be of type array|object, null given', 'C:\\xampp\\htdocs\\proyecto_benitez_lopez\\app\\Views\\admin\\productos\\editar.php', 75)
 2 SYSTEMPATH\View\View.php(224): include('C:\\xampp\\htdocs\\proyecto_benitez_lopez\\app\\Views\\admin\\productos\\editar.php')
 3 SYSTEMPATH\View\View.php(227): CodeIgniter\View\View->CodeIgniter\View\{closure}()
 4 SYSTEMPATH\Common.php(1173): CodeIgniter\View\View->render('admin/productos/editar', [], true)
 5 APPPATH\Controllers\ProductoController.php(260): view('admin/productos/editar')
 6 SYSTEMPATH\CodeIgniter.php(933): App\Controllers\ProductoController->editarProducto('4')
 7 SYSTEMPATH\CodeIgniter.php(507): CodeIgniter\CodeIgniter->runController(Object(App\Controllers\ProductoController))
 8 SYSTEMPATH\CodeIgniter.php(354): CodeIgniter\CodeIgniter->handleRequest(null, Object(Config\Cache), false)
 9 SYSTEMPATH\Boot.php(334): CodeIgniter\CodeIgniter->run()
10 SYSTEMPATH\Boot.php(67): CodeIgniter\Boot::runCodeIgniter(Object(CodeIgniter\CodeIgniter))
11 FCPATH\index.php(56): CodeIgniter\Boot::bootWeb(Object(Config\Paths))
CRITICAL - 2025-06-10 03:39:29 --> ErrorException: foreach() argument must be of type array|object, null given
[Method: GET, Route: admin/productos/editar/4]
in APPPATH\Views\admin\productos\editar.php on line 75.
 1 APPPATH\Views\admin\productos\editar.php(75): CodeIgniter\Debug\Exceptions->errorHandler(2, 'foreach() argument must be of type array|object, null given', 'C:\\xampp\\htdocs\\proyecto_benitez_lopez\\app\\Views\\admin\\productos\\editar.php', 75)
 2 SYSTEMPATH\View\View.php(224): include('C:\\xampp\\htdocs\\proyecto_benitez_lopez\\app\\Views\\admin\\productos\\editar.php')
 3 SYSTEMPATH\View\View.php(227): CodeIgniter\View\View->CodeIgniter\View\{closure}()
 4 SYSTEMPATH\Common.php(1173): CodeIgniter\View\View->render('admin/productos/editar', [], true)
 5 APPPATH\Controllers\ProductoController.php(260): view('admin/productos/editar')
 6 SYSTEMPATH\CodeIgniter.php(933): App\Controllers\ProductoController->editarProducto('4')
 7 SYSTEMPATH\CodeIgniter.php(507): CodeIgniter\CodeIgniter->runController(Object(App\Controllers\ProductoController))
 8 SYSTEMPATH\CodeIgniter.php(354): CodeIgniter\CodeIgniter->handleRequest(null, Object(Config\Cache), false)
 9 SYSTEMPATH\Boot.php(334): CodeIgniter\CodeIgniter->run()
10 SYSTEMPATH\Boot.php(67): CodeIgniter\Boot::runCodeIgniter(Object(CodeIgniter\CodeIgniter))
11 FCPATH\index.php(56): CodeIgniter\Boot::bootWeb(Object(Config\Paths))
CRITICAL - 2025-06-10 03:39:41 --> ErrorException: foreach() argument must be of type array|object, null given
[Method: GET, Route: admin/productos/editar/5]
in APPPATH\Views\admin\productos\editar.php on line 75.
 1 APPPATH\Views\admin\productos\editar.php(75): CodeIgniter\Debug\Exceptions->errorHandler(2, 'foreach() argument must be of type array|object, null given', 'C:\\xampp\\htdocs\\proyecto_benitez_lopez\\app\\Views\\admin\\productos\\editar.php', 75)
 2 SYSTEMPATH\View\View.php(224): include('C:\\xampp\\htdocs\\proyecto_benitez_lopez\\app\\Views\\admin\\productos\\editar.php')
 3 SYSTEMPATH\View\View.php(227): CodeIgniter\View\View->CodeIgniter\View\{closure}()
 4 SYSTEMPATH\Common.php(1173): CodeIgniter\View\View->render('admin/productos/editar', [], true)
 5 APPPATH\Controllers\ProductoController.php(260): view('admin/productos/editar')
 6 SYSTEMPATH\CodeIgniter.php(933): App\Controllers\ProductoController->editarProducto('5')
 7 SYSTEMPATH\CodeIgniter.php(507): CodeIgniter\CodeIgniter->runController(Object(App\Controllers\ProductoController))
 8 SYSTEMPATH\CodeIgniter.php(354): CodeIgniter\CodeIgniter->handleRequest(null, Object(Config\Cache), false)
 9 SYSTEMPATH\Boot.php(334): CodeIgniter\CodeIgniter->run()
10 SYSTEMPATH\Boot.php(67): CodeIgniter\Boot::runCodeIgniter(Object(CodeIgniter\CodeIgniter))
11 FCPATH\index.php(56): CodeIgniter\Boot::bootWeb(Object(Config\Paths))
CRITICAL - 2025-06-10 03:45:47 --> CodeIgniter\View\Exceptions\ViewException: Invalid file: "admin/ventas/listar.php"
[Method: GET, Route: contacto]
in SYSTEMPATH\Exceptions\FrameworkException.php on line 39.
 1 SYSTEMPATH\View\View.php(212): CodeIgniter\Exceptions\FrameworkException::forInvalidFile('admin/ventas/listar.php')
 2 SYSTEMPATH\Common.php(1173): CodeIgniter\View\View->render('admin/ventas/listar', [], true)
 3 APPPATH\Controllers\Home.php(25): view('admin/ventas/listar')
 4 SYSTEMPATH\CodeIgniter.php(933): App\Controllers\Home->contacto()
 5 SYSTEMPATH\CodeIgniter.php(507): CodeIgniter\CodeIgniter->runController(Object(App\Controllers\Home))
 6 SYSTEMPATH\CodeIgniter.php(354): CodeIgniter\CodeIgniter->handleRequest(null, Object(Config\Cache), false)
 7 SYSTEMPATH\Boot.php(334): CodeIgniter\CodeIgniter->run()
 8 SYSTEMPATH\Boot.php(67): CodeIgniter\Boot::runCodeIgniter(Object(CodeIgniter\CodeIgniter))
 9 FCPATH\index.php(56): CodeIgniter\Boot::bootWeb(Object(Config\Paths))
CRITICAL - 2025-06-10 03:54:32 --> ErrorException: Undefined property: CodeIgniter\View\View::$request
[Method: GET, Route: contacto]
in APPPATH\Views\admin\ventas\listar.php on line 32.
 1 APPPATH\Views\admin\ventas\listar.php(32): CodeIgniter\Debug\Exceptions->errorHandler(2, 'Undefined property: CodeIgniter\\View\\View::$request', 'C:\\xampp\\htdocs\\proyecto_benitez_lopez\\app\\Views\\admin\\ventas\\listar.php', 32)
 2 SYSTEMPATH\View\View.php(224): include('C:\\xampp\\htdocs\\proyecto_benitez_lopez\\app\\Views\\admin\\ventas\\listar.php')
 3 SYSTEMPATH\View\View.php(227): CodeIgniter\View\View->CodeIgniter\View\{closure}()
 4 SYSTEMPATH\Common.php(1173): CodeIgniter\View\View->render('admin/ventas/listar', [], true)
 5 APPPATH\Controllers\Home.php(25): view('admin/ventas/listar')
 6 SYSTEMPATH\CodeIgniter.php(933): App\Controllers\Home->contacto()
 7 SYSTEMPATH\CodeIgniter.php(507): CodeIgniter\CodeIgniter->runController(Object(App\Controllers\Home))
 8 SYSTEMPATH\CodeIgniter.php(354): CodeIgniter\CodeIgniter->handleRequest(null, Object(Config\Cache), false)
 9 SYSTEMPATH\Boot.php(334): CodeIgniter\CodeIgniter->run()
10 SYSTEMPATH\Boot.php(67): CodeIgniter\Boot::runCodeIgniter(Object(CodeIgniter\CodeIgniter))
11 FCPATH\index.php(56): CodeIgniter\Boot::bootWeb(Object(Config\Paths))
CRITICAL - 2025-06-10 03:54:46 --> ErrorException: Undefined property: CodeIgniter\View\View::$request
[Method: GET, Route: contacto]
in APPPATH\Views\admin\ventas\listar.php on line 32.
 1 APPPATH\Views\admin\ventas\listar.php(32): CodeIgniter\Debug\Exceptions->errorHandler(2, 'Undefined property: CodeIgniter\\View\\View::$request', 'C:\\xampp\\htdocs\\proyecto_benitez_lopez\\app\\Views\\admin\\ventas\\listar.php', 32)
 2 SYSTEMPATH\View\View.php(224): include('C:\\xampp\\htdocs\\proyecto_benitez_lopez\\app\\Views\\admin\\ventas\\listar.php')
 3 SYSTEMPATH\View\View.php(227): CodeIgniter\View\View->CodeIgniter\View\{closure}()
 4 SYSTEMPATH\Common.php(1173): CodeIgniter\View\View->render('admin/ventas/listar', [], true)
 5 APPPATH\Controllers\Home.php(25): view('admin/ventas/listar')
 6 SYSTEMPATH\CodeIgniter.php(933): App\Controllers\Home->contacto()
 7 SYSTEMPATH\CodeIgniter.php(507): CodeIgniter\CodeIgniter->runController(Object(App\Controllers\Home))
 8 SYSTEMPATH\CodeIgniter.php(354): CodeIgniter\CodeIgniter->handleRequest(null, Object(Config\Cache), false)
 9 SYSTEMPATH\Boot.php(334): CodeIgniter\CodeIgniter->run()
10 SYSTEMPATH\Boot.php(67): CodeIgniter\Boot::runCodeIgniter(Object(CodeIgniter\CodeIgniter))
11 FCPATH\index.php(56): CodeIgniter\Boot::bootWeb(Object(Config\Paths))
CRITICAL - 2025-06-10 04:06:52 --> CodeIgniter\Exceptions\BadMethodCallException: Call to undefined method App\Models\UsuarioModel::getPersona
[Method: GET, Route: admin/ventas/listar]
in SYSTEMPATH\Model.php on line 930.
 1 APPPATH\Controllers\VentaController.php(57): CodeIgniter\Model->__call('getPersona', [...])
 2 SYSTEMPATH\CodeIgniter.php(933): App\Controllers\VentaController->listar()
 3 SYSTEMPATH\CodeIgniter.php(507): CodeIgniter\CodeIgniter->runController(Object(App\Controllers\VentaController))
 4 SYSTEMPATH\CodeIgniter.php(354): CodeIgniter\CodeIgniter->handleRequest(null, Object(Config\Cache), false)
 5 SYSTEMPATH\Boot.php(334): CodeIgniter\CodeIgniter->run()
 6 SYSTEMPATH\Boot.php(67): CodeIgniter\Boot::runCodeIgniter(Object(CodeIgniter\CodeIgniter))
 7 FCPATH\index.php(56): CodeIgniter\Boot::bootWeb(Object(Config\Paths))
CRITICAL - 2025-06-10 04:09:33 --> CodeIgniter\Exceptions\BadMethodCallException: Call to undefined method App\Models\UsuarioModel::getPersona
[Method: GET, Route: admin/ventas/listar]
in SYSTEMPATH\Model.php on line 930.
 1 APPPATH\Controllers\VentaController.php(57): CodeIgniter\Model->__call('getPersona', [...])
 2 SYSTEMPATH\CodeIgniter.php(933): App\Controllers\VentaController->listar()
 3 SYSTEMPATH\CodeIgniter.php(507): CodeIgniter\CodeIgniter->runController(Object(App\Controllers\VentaController))
 4 SYSTEMPATH\CodeIgniter.php(354): CodeIgniter\CodeIgniter->handleRequest(null, Object(Config\Cache), false)
 5 SYSTEMPATH\Boot.php(334): CodeIgniter\CodeIgniter->run()
 6 SYSTEMPATH\Boot.php(67): CodeIgniter\Boot::runCodeIgniter(Object(CodeIgniter\CodeIgniter))
 7 FCPATH\index.php(56): CodeIgniter\Boot::bootWeb(Object(Config\Paths))
CRITICAL - 2025-06-10 04:10:56 --> CodeIgniter\Exceptions\BadMethodCallException: Call to undefined method App\Models\UsuarioModel::getPersona
[Method: GET, Route: admin/ventas/listar]
in SYSTEMPATH\Model.php on line 930.
 1 APPPATH\Controllers\VentaController.php(57): CodeIgniter\Model->__call('getPersona', [...])
 2 SYSTEMPATH\CodeIgniter.php(933): App\Controllers\VentaController->listar()
 3 SYSTEMPATH\CodeIgniter.php(507): CodeIgniter\CodeIgniter->runController(Object(App\Controllers\VentaController))
 4 SYSTEMPATH\CodeIgniter.php(354): CodeIgniter\CodeIgniter->handleRequest(null, Object(Config\Cache), false)
 5 SYSTEMPATH\Boot.php(334): CodeIgniter\CodeIgniter->run()
 6 SYSTEMPATH\Boot.php(67): CodeIgniter\Boot::runCodeIgniter(Object(CodeIgniter\CodeIgniter))
 7 FCPATH\index.php(56): CodeIgniter\Boot::bootWeb(Object(Config\Paths))
CRITICAL - 2025-06-10 04:10:57 --> CodeIgniter\Exceptions\BadMethodCallException: Call to undefined method App\Models\UsuarioModel::getPersona
[Method: GET, Route: admin/ventas/listar]
in SYSTEMPATH\Model.php on line 930.
 1 APPPATH\Controllers\VentaController.php(57): CodeIgniter\Model->__call('getPersona', [...])
 2 SYSTEMPATH\CodeIgniter.php(933): App\Controllers\VentaController->listar()
 3 SYSTEMPATH\CodeIgniter.php(507): CodeIgniter\CodeIgniter->runController(Object(App\Controllers\VentaController))
 4 SYSTEMPATH\CodeIgniter.php(354): CodeIgniter\CodeIgniter->handleRequest(null, Object(Config\Cache), false)
 5 SYSTEMPATH\Boot.php(334): CodeIgniter\CodeIgniter->run()
 6 SYSTEMPATH\Boot.php(67): CodeIgniter\Boot::runCodeIgniter(Object(CodeIgniter\CodeIgniter))
 7 FCPATH\index.php(56): CodeIgniter\Boot::bootWeb(Object(Config\Paths))
CRITICAL - 2025-06-10 04:10:58 --> CodeIgniter\Exceptions\BadMethodCallException: Call to undefined method App\Models\UsuarioModel::getPersona
[Method: GET, Route: admin/ventas/listar]
in SYSTEMPATH\Model.php on line 930.
 1 APPPATH\Controllers\VentaController.php(57): CodeIgniter\Model->__call('getPersona', [...])
 2 SYSTEMPATH\CodeIgniter.php(933): App\Controllers\VentaController->listar()
 3 SYSTEMPATH\CodeIgniter.php(507): CodeIgniter\CodeIgniter->runController(Object(App\Controllers\VentaController))
 4 SYSTEMPATH\CodeIgniter.php(354): CodeIgniter\CodeIgniter->handleRequest(null, Object(Config\Cache), false)
 5 SYSTEMPATH\Boot.php(334): CodeIgniter\CodeIgniter->run()
 6 SYSTEMPATH\Boot.php(67): CodeIgniter\Boot::runCodeIgniter(Object(CodeIgniter\CodeIgniter))
 7 FCPATH\index.php(56): CodeIgniter\Boot::bootWeb(Object(Config\Paths))
CRITICAL - 2025-06-10 04:18:27 --> CodeIgniter\Exceptions\BadMethodCallException: Call to undefined method App\Models\UsuarioModel::getPersona
[Method: GET, Route: admin/ventas/listar]
in SYSTEMPATH\Model.php on line 930.
 1 APPPATH\Controllers\VentaController.php(57): CodeIgniter\Model->__call('getPersona', [...])
 2 SYSTEMPATH\CodeIgniter.php(933): App\Controllers\VentaController->listar()
 3 SYSTEMPATH\CodeIgniter.php(507): CodeIgniter\CodeIgniter->runController(Object(App\Controllers\VentaController))
 4 SYSTEMPATH\CodeIgniter.php(354): CodeIgniter\CodeIgniter->handleRequest(null, Object(Config\Cache), false)
 5 SYSTEMPATH\Boot.php(334): CodeIgniter\CodeIgniter->run()
 6 SYSTEMPATH\Boot.php(67): CodeIgniter\Boot::runCodeIgniter(Object(CodeIgniter\CodeIgniter))
 7 FCPATH\index.php(56): CodeIgniter\Boot::bootWeb(Object(Config\Paths))
CRITICAL - 2025-06-10 04:36:41 --> CodeIgniter\Exceptions\BadMethodCallException: Call to undefined method App\Models\UsuarioModel::getPersona
[Method: GET, Route: admin/ventas/listar]
in SYSTEMPATH\Model.php on line 930.
 1 APPPATH\Controllers\VentaController.php(57): CodeIgniter\Model->__call('getPersona', [...])
 2 SYSTEMPATH\CodeIgniter.php(933): App\Controllers\VentaController->listar()
 3 SYSTEMPATH\CodeIgniter.php(507): CodeIgniter\CodeIgniter->runController(Object(App\Controllers\VentaController))
 4 SYSTEMPATH\CodeIgniter.php(354): CodeIgniter\CodeIgniter->handleRequest(null, Object(Config\Cache), false)
 5 SYSTEMPATH\Boot.php(334): CodeIgniter\CodeIgniter->run()
 6 SYSTEMPATH\Boot.php(67): CodeIgniter\Boot::runCodeIgniter(Object(CodeIgniter\CodeIgniter))
 7 FCPATH\index.php(56): CodeIgniter\Boot::bootWeb(Object(Config\Paths))
CRITICAL - 2025-06-10 05:09:35 --> ErrorException: Undefined property: CodeIgniter\View\View::$request
[Method: GET, Route: admin/ventas/listar]
in APPPATH\Views\admin\ventas\listar.php on line 32.
 1 APPPATH\Views\admin\ventas\listar.php(32): CodeIgniter\Debug\Exceptions->errorHandler(2, 'Undefined property: CodeIgniter\\View\\View::$request', 'C:\\xampp\\htdocs\\proyecto_benitez_lopez\\app\\Views\\admin\\ventas\\listar.php', 32)
 2 SYSTEMPATH\View\View.php(224): include('C:\\xampp\\htdocs\\proyecto_benitez_lopez\\app\\Views\\admin\\ventas\\listar.php')
 3 SYSTEMPATH\View\View.php(227): CodeIgniter\View\View->CodeIgniter\View\{closure}()
 4 SYSTEMPATH\Common.php(1173): CodeIgniter\View\View->render('admin/ventas/listar', [], true)
 5 APPPATH\Controllers\VentaController.php(69): view('admin/ventas/listar')
 6 SYSTEMPATH\CodeIgniter.php(933): App\Controllers\VentaController->listar()
 7 SYSTEMPATH\CodeIgniter.php(507): CodeIgniter\CodeIgniter->runController(Object(App\Controllers\VentaController))
 8 SYSTEMPATH\CodeIgniter.php(354): CodeIgniter\CodeIgniter->handleRequest(null, Object(Config\Cache), false)
 9 SYSTEMPATH\Boot.php(334): CodeIgniter\CodeIgniter->run()
10 SYSTEMPATH\Boot.php(67): CodeIgniter\Boot::runCodeIgniter(Object(CodeIgniter\CodeIgniter))
11 FCPATH\index.php(56): CodeIgniter\Boot::bootWeb(Object(Config\Paths))
CRITICAL - 2025-06-10 05:16:27 --> ParseError: syntax error, unexpected single-quoted string "request", expecting "]"
[Method: GET, Route: admin/ventas/listar]
in APPPATH\Controllers\VentaController.php on line 67.
 1 SYSTEMPATH\Autoloader\Autoloader.php(295): CodeIgniter\Autoloader\Autoloader->includeFile('C:\\xampp\\htdocs\\proyecto_benitez_lopez\\app\\Controllers\\VentaController.php')
 2 SYSTEMPATH\Autoloader\Autoloader.php(271): CodeIgniter\Autoloader\Autoloader->loadInNamespace('App\\Controllers\\VentaController')
 3 [internal function]: CodeIgniter\Autoloader\Autoloader->loadClass('App\\Controllers\\VentaController')
 4 SYSTEMPATH\CodeIgniter.php(885): class_exists('\\App\\Controllers\\VentaController', true)
 5 SYSTEMPATH\CodeIgniter.php(494): CodeIgniter\CodeIgniter->startController()
 6 SYSTEMPATH\CodeIgniter.php(354): CodeIgniter\CodeIgniter->handleRequest(null, Object(Config\Cache), false)
 7 SYSTEMPATH\Boot.php(334): CodeIgniter\CodeIgniter->run()
 8 SYSTEMPATH\Boot.php(67): CodeIgniter\Boot::runCodeIgniter(Object(CodeIgniter\CodeIgniter))
 9 FCPATH\index.php(56): CodeIgniter\Boot::bootWeb(Object(Config\Paths))
CRITICAL - 2025-06-10 05:16:35 --> ParseError: syntax error, unexpected single-quoted string "request", expecting "]"
[Method: GET, Route: admin/ventas/listar]
in APPPATH\Controllers\VentaController.php on line 67.
 1 SYSTEMPATH\Autoloader\Autoloader.php(295): CodeIgniter\Autoloader\Autoloader->includeFile('C:\\xampp\\htdocs\\proyecto_benitez_lopez\\app\\Controllers\\VentaController.php')
 2 SYSTEMPATH\Autoloader\Autoloader.php(271): CodeIgniter\Autoloader\Autoloader->loadInNamespace('App\\Controllers\\VentaController')
 3 [internal function]: CodeIgniter\Autoloader\Autoloader->loadClass('App\\Controllers\\VentaController')
 4 SYSTEMPATH\CodeIgniter.php(885): class_exists('\\App\\Controllers\\VentaController', true)
 5 SYSTEMPATH\CodeIgniter.php(494): CodeIgniter\CodeIgniter->startController()
 6 SYSTEMPATH\CodeIgniter.php(354): CodeIgniter\CodeIgniter->handleRequest(null, Object(Config\Cache), false)
 7 SYSTEMPATH\Boot.php(334): CodeIgniter\CodeIgniter->run()
 8 SYSTEMPATH\Boot.php(67): CodeIgniter\Boot::runCodeIgniter(Object(CodeIgniter\CodeIgniter))
 9 FCPATH\index.php(56): CodeIgniter\Boot::bootWeb(Object(Config\Paths))
CRITICAL - 2025-06-10 05:21:53 --> ParseError: syntax error, unexpected single-quoted string "request", expecting "]"
[Method: GET, Route: admin/ventas/listar]
in APPPATH\Controllers\VentaController.php on line 67.
 1 SYSTEMPATH\Autoloader\Autoloader.php(295): CodeIgniter\Autoloader\Autoloader->includeFile('C:\\xampp\\htdocs\\proyecto_benitez_lopez\\app\\Controllers\\VentaController.php')
 2 SYSTEMPATH\Autoloader\Autoloader.php(271): CodeIgniter\Autoloader\Autoloader->loadInNamespace('App\\Controllers\\VentaController')
 3 [internal function]: CodeIgniter\Autoloader\Autoloader->loadClass('App\\Controllers\\VentaController')
 4 SYSTEMPATH\CodeIgniter.php(885): class_exists('\\App\\Controllers\\VentaController', true)
 5 SYSTEMPATH\CodeIgniter.php(494): CodeIgniter\CodeIgniter->startController()
 6 SYSTEMPATH\CodeIgniter.php(354): CodeIgniter\CodeIgniter->handleRequest(null, Object(Config\Cache), false)
 7 SYSTEMPATH\Boot.php(334): CodeIgniter\CodeIgniter->run()
 8 SYSTEMPATH\Boot.php(67): CodeIgniter\Boot::runCodeIgniter(Object(CodeIgniter\CodeIgniter))
 9 FCPATH\index.php(56): CodeIgniter\Boot::bootWeb(Object(Config\Paths))
CRITICAL - 2025-06-10 05:21:55 --> ParseError: syntax error, unexpected single-quoted string "request", expecting "]"
[Method: GET, Route: admin/ventas/listar]
in APPPATH\Controllers\VentaController.php on line 67.
 1 SYSTEMPATH\Autoloader\Autoloader.php(295): CodeIgniter\Autoloader\Autoloader->includeFile('C:\\xampp\\htdocs\\proyecto_benitez_lopez\\app\\Controllers\\VentaController.php')
 2 SYSTEMPATH\Autoloader\Autoloader.php(271): CodeIgniter\Autoloader\Autoloader->loadInNamespace('App\\Controllers\\VentaController')
 3 [internal function]: CodeIgniter\Autoloader\Autoloader->loadClass('App\\Controllers\\VentaController')
 4 SYSTEMPATH\CodeIgniter.php(885): class_exists('\\App\\Controllers\\VentaController', true)
 5 SYSTEMPATH\CodeIgniter.php(494): CodeIgniter\CodeIgniter->startController()
 6 SYSTEMPATH\CodeIgniter.php(354): CodeIgniter\CodeIgniter->handleRequest(null, Object(Config\Cache), false)
 7 SYSTEMPATH\Boot.php(334): CodeIgniter\CodeIgniter->run()
 8 SYSTEMPATH\Boot.php(67): CodeIgniter\Boot::runCodeIgniter(Object(CodeIgniter\CodeIgniter))
 9 FCPATH\index.php(56): CodeIgniter\Boot::bootWeb(Object(Config\Paths))
CRITICAL - 2025-06-10 05:21:56 --> ParseError: syntax error, unexpected single-quoted string "request", expecting "]"
[Method: GET, Route: admin/ventas/listar]
in APPPATH\Controllers\VentaController.php on line 67.
 1 SYSTEMPATH\Autoloader\Autoloader.php(295): CodeIgniter\Autoloader\Autoloader->includeFile('C:\\xampp\\htdocs\\proyecto_benitez_lopez\\app\\Controllers\\VentaController.php')
 2 SYSTEMPATH\Autoloader\Autoloader.php(271): CodeIgniter\Autoloader\Autoloader->loadInNamespace('App\\Controllers\\VentaController')
 3 [internal function]: CodeIgniter\Autoloader\Autoloader->loadClass('App\\Controllers\\VentaController')
 4 SYSTEMPATH\CodeIgniter.php(885): class_exists('\\App\\Controllers\\VentaController', true)
 5 SYSTEMPATH\CodeIgniter.php(494): CodeIgniter\CodeIgniter->startController()
 6 SYSTEMPATH\CodeIgniter.php(354): CodeIgniter\CodeIgniter->handleRequest(null, Object(Config\Cache), false)
 7 SYSTEMPATH\Boot.php(334): CodeIgniter\CodeIgniter->run()
 8 SYSTEMPATH\Boot.php(67): CodeIgniter\Boot::runCodeIgniter(Object(CodeIgniter\CodeIgniter))
 9 FCPATH\index.php(56): CodeIgniter\Boot::bootWeb(Object(Config\Paths))
CRITICAL - 2025-06-10 05:21:56 --> ParseError: syntax error, unexpected single-quoted string "request", expecting "]"
[Method: GET, Route: admin/ventas/listar]
in APPPATH\Controllers\VentaController.php on line 67.
 1 SYSTEMPATH\Autoloader\Autoloader.php(295): CodeIgniter\Autoloader\Autoloader->includeFile('C:\\xampp\\htdocs\\proyecto_benitez_lopez\\app\\Controllers\\VentaController.php')
 2 SYSTEMPATH\Autoloader\Autoloader.php(271): CodeIgniter\Autoloader\Autoloader->loadInNamespace('App\\Controllers\\VentaController')
 3 [internal function]: CodeIgniter\Autoloader\Autoloader->loadClass('App\\Controllers\\VentaController')
 4 SYSTEMPATH\CodeIgniter.php(885): class_exists('\\App\\Controllers\\VentaController', true)
 5 SYSTEMPATH\CodeIgniter.php(494): CodeIgniter\CodeIgniter->startController()
 6 SYSTEMPATH\CodeIgniter.php(354): CodeIgniter\CodeIgniter->handleRequest(null, Object(Config\Cache), false)
 7 SYSTEMPATH\Boot.php(334): CodeIgniter\CodeIgniter->run()
 8 SYSTEMPATH\Boot.php(67): CodeIgniter\Boot::runCodeIgniter(Object(CodeIgniter\CodeIgniter))
 9 FCPATH\index.php(56): CodeIgniter\Boot::bootWeb(Object(Config\Paths))
CRITICAL - 2025-06-10 05:21:56 --> ParseError: syntax error, unexpected single-quoted string "request", expecting "]"
[Method: GET, Route: admin/ventas/listar]
in APPPATH\Controllers\VentaController.php on line 67.
 1 SYSTEMPATH\Autoloader\Autoloader.php(295): CodeIgniter\Autoloader\Autoloader->includeFile('C:\\xampp\\htdocs\\proyecto_benitez_lopez\\app\\Controllers\\VentaController.php')
 2 SYSTEMPATH\Autoloader\Autoloader.php(271): CodeIgniter\Autoloader\Autoloader->loadInNamespace('App\\Controllers\\VentaController')
 3 [internal function]: CodeIgniter\Autoloader\Autoloader->loadClass('App\\Controllers\\VentaController')
 4 SYSTEMPATH\CodeIgniter.php(885): class_exists('\\App\\Controllers\\VentaController', true)
 5 SYSTEMPATH\CodeIgniter.php(494): CodeIgniter\CodeIgniter->startController()
 6 SYSTEMPATH\CodeIgniter.php(354): CodeIgniter\CodeIgniter->handleRequest(null, Object(Config\Cache), false)
 7 SYSTEMPATH\Boot.php(334): CodeIgniter\CodeIgniter->run()
 8 SYSTEMPATH\Boot.php(67): CodeIgniter\Boot::runCodeIgniter(Object(CodeIgniter\CodeIgniter))
 9 FCPATH\index.php(56): CodeIgniter\Boot::bootWeb(Object(Config\Paths))
CRITICAL - 2025-06-10 05:21:56 --> ParseError: syntax error, unexpected single-quoted string "request", expecting "]"
[Method: GET, Route: admin/ventas/listar]
in APPPATH\Controllers\VentaController.php on line 67.
 1 SYSTEMPATH\Autoloader\Autoloader.php(295): CodeIgniter\Autoloader\Autoloader->includeFile('C:\\xampp\\htdocs\\proyecto_benitez_lopez\\app\\Controllers\\VentaController.php')
 2 SYSTEMPATH\Autoloader\Autoloader.php(271): CodeIgniter\Autoloader\Autoloader->loadInNamespace('App\\Controllers\\VentaController')
 3 [internal function]: CodeIgniter\Autoloader\Autoloader->loadClass('App\\Controllers\\VentaController')
 4 SYSTEMPATH\CodeIgniter.php(885): class_exists('\\App\\Controllers\\VentaController', true)
 5 SYSTEMPATH\CodeIgniter.php(494): CodeIgniter\CodeIgniter->startController()
 6 SYSTEMPATH\CodeIgniter.php(354): CodeIgniter\CodeIgniter->handleRequest(null, Object(Config\Cache), false)
 7 SYSTEMPATH\Boot.php(334): CodeIgniter\CodeIgniter->run()
 8 SYSTEMPATH\Boot.php(67): CodeIgniter\Boot::runCodeIgniter(Object(CodeIgniter\CodeIgniter))
 9 FCPATH\index.php(56): CodeIgniter\Boot::bootWeb(Object(Config\Paths))
CRITICAL - 2025-06-10 05:21:56 --> ParseError: syntax error, unexpected single-quoted string "request", expecting "]"
[Method: GET, Route: admin/ventas/listar]
in APPPATH\Controllers\VentaController.php on line 67.
 1 SYSTEMPATH\Autoloader\Autoloader.php(295): CodeIgniter\Autoloader\Autoloader->includeFile('C:\\xampp\\htdocs\\proyecto_benitez_lopez\\app\\Controllers\\VentaController.php')
 2 SYSTEMPATH\Autoloader\Autoloader.php(271): CodeIgniter\Autoloader\Autoloader->loadInNamespace('App\\Controllers\\VentaController')
 3 [internal function]: CodeIgniter\Autoloader\Autoloader->loadClass('App\\Controllers\\VentaController')
 4 SYSTEMPATH\CodeIgniter.php(885): class_exists('\\App\\Controllers\\VentaController', true)
 5 SYSTEMPATH\CodeIgniter.php(494): CodeIgniter\CodeIgniter->startController()
 6 SYSTEMPATH\CodeIgniter.php(354): CodeIgniter\CodeIgniter->handleRequest(null, Object(Config\Cache), false)
 7 SYSTEMPATH\Boot.php(334): CodeIgniter\CodeIgniter->run()
 8 SYSTEMPATH\Boot.php(67): CodeIgniter\Boot::runCodeIgniter(Object(CodeIgniter\CodeIgniter))
 9 FCPATH\index.php(56): CodeIgniter\Boot::bootWeb(Object(Config\Paths))
CRITICAL - 2025-06-10 05:21:56 --> ParseError: syntax error, unexpected single-quoted string "request", expecting "]"
[Method: GET, Route: admin/ventas/listar]
in APPPATH\Controllers\VentaController.php on line 67.
 1 SYSTEMPATH\Autoloader\Autoloader.php(295): CodeIgniter\Autoloader\Autoloader->includeFile('C:\\xampp\\htdocs\\proyecto_benitez_lopez\\app\\Controllers\\VentaController.php')
 2 SYSTEMPATH\Autoloader\Autoloader.php(271): CodeIgniter\Autoloader\Autoloader->loadInNamespace('App\\Controllers\\VentaController')
 3 [internal function]: CodeIgniter\Autoloader\Autoloader->loadClass('App\\Controllers\\VentaController')
 4 SYSTEMPATH\CodeIgniter.php(885): class_exists('\\App\\Controllers\\VentaController', true)
 5 SYSTEMPATH\CodeIgniter.php(494): CodeIgniter\CodeIgniter->startController()
 6 SYSTEMPATH\CodeIgniter.php(354): CodeIgniter\CodeIgniter->handleRequest(null, Object(Config\Cache), false)
 7 SYSTEMPATH\Boot.php(334): CodeIgniter\CodeIgniter->run()
 8 SYSTEMPATH\Boot.php(67): CodeIgniter\Boot::runCodeIgniter(Object(CodeIgniter\CodeIgniter))
 9 FCPATH\index.php(56): CodeIgniter\Boot::bootWeb(Object(Config\Paths))
CRITICAL - 2025-06-10 05:21:56 --> ParseError: syntax error, unexpected single-quoted string "request", expecting "]"
[Method: GET, Route: admin/ventas/listar]
in APPPATH\Controllers\VentaController.php on line 67.
 1 SYSTEMPATH\Autoloader\Autoloader.php(295): CodeIgniter\Autoloader\Autoloader->includeFile('C:\\xampp\\htdocs\\proyecto_benitez_lopez\\app\\Controllers\\VentaController.php')
 2 SYSTEMPATH\Autoloader\Autoloader.php(271): CodeIgniter\Autoloader\Autoloader->loadInNamespace('App\\Controllers\\VentaController')
 3 [internal function]: CodeIgniter\Autoloader\Autoloader->loadClass('App\\Controllers\\VentaController')
 4 SYSTEMPATH\CodeIgniter.php(885): class_exists('\\App\\Controllers\\VentaController', true)
 5 SYSTEMPATH\CodeIgniter.php(494): CodeIgniter\CodeIgniter->startController()
 6 SYSTEMPATH\CodeIgniter.php(354): CodeIgniter\CodeIgniter->handleRequest(null, Object(Config\Cache), false)
 7 SYSTEMPATH\Boot.php(334): CodeIgniter\CodeIgniter->run()
 8 SYSTEMPATH\Boot.php(67): CodeIgniter\Boot::runCodeIgniter(Object(CodeIgniter\CodeIgniter))
 9 FCPATH\index.php(56): CodeIgniter\Boot::bootWeb(Object(Config\Paths))
CRITICAL - 2025-06-10 05:21:57 --> ParseError: syntax error, unexpected single-quoted string "request", expecting "]"
[Method: GET, Route: admin/ventas/listar]
in APPPATH\Controllers\VentaController.php on line 67.
 1 SYSTEMPATH\Autoloader\Autoloader.php(295): CodeIgniter\Autoloader\Autoloader->includeFile('C:\\xampp\\htdocs\\proyecto_benitez_lopez\\app\\Controllers\\VentaController.php')
 2 SYSTEMPATH\Autoloader\Autoloader.php(271): CodeIgniter\Autoloader\Autoloader->loadInNamespace('App\\Controllers\\VentaController')
 3 [internal function]: CodeIgniter\Autoloader\Autoloader->loadClass('App\\Controllers\\VentaController')
 4 SYSTEMPATH\CodeIgniter.php(885): class_exists('\\App\\Controllers\\VentaController', true)
 5 SYSTEMPATH\CodeIgniter.php(494): CodeIgniter\CodeIgniter->startController()
 6 SYSTEMPATH\CodeIgniter.php(354): CodeIgniter\CodeIgniter->handleRequest(null, Object(Config\Cache), false)
 7 SYSTEMPATH\Boot.php(334): CodeIgniter\CodeIgniter->run()
 8 SYSTEMPATH\Boot.php(67): CodeIgniter\Boot::runCodeIgniter(Object(CodeIgniter\CodeIgniter))
 9 FCPATH\index.php(56): CodeIgniter\Boot::bootWeb(Object(Config\Paths))
CRITICAL - 2025-06-10 05:23:04 --> ParseError: syntax error, unexpected single-quoted string "request", expecting "]"
[Method: GET, Route: admin/ventas/listar]
in APPPATH\Controllers\VentaController.php on line 67.
 1 SYSTEMPATH\Autoloader\Autoloader.php(295): CodeIgniter\Autoloader\Autoloader->includeFile('C:\\xampp\\htdocs\\proyecto_benitez_lopez\\app\\Controllers\\VentaController.php')
 2 SYSTEMPATH\Autoloader\Autoloader.php(271): CodeIgniter\Autoloader\Autoloader->loadInNamespace('App\\Controllers\\VentaController')
 3 [internal function]: CodeIgniter\Autoloader\Autoloader->loadClass('App\\Controllers\\VentaController')
 4 SYSTEMPATH\CodeIgniter.php(885): class_exists('\\App\\Controllers\\VentaController', true)
 5 SYSTEMPATH\CodeIgniter.php(494): CodeIgniter\CodeIgniter->startController()
 6 SYSTEMPATH\CodeIgniter.php(354): CodeIgniter\CodeIgniter->handleRequest(null, Object(Config\Cache), false)
 7 SYSTEMPATH\Boot.php(334): CodeIgniter\CodeIgniter->run()
 8 SYSTEMPATH\Boot.php(67): CodeIgniter\Boot::runCodeIgniter(Object(CodeIgniter\CodeIgniter))
 9 FCPATH\index.php(56): CodeIgniter\Boot::bootWeb(Object(Config\Paths))
CRITICAL - 2025-06-10 05:23:05 --> ParseError: syntax error, unexpected single-quoted string "request", expecting "]"
[Method: GET, Route: admin/ventas/listar]
in APPPATH\Controllers\VentaController.php on line 67.
 1 SYSTEMPATH\Autoloader\Autoloader.php(295): CodeIgniter\Autoloader\Autoloader->includeFile('C:\\xampp\\htdocs\\proyecto_benitez_lopez\\app\\Controllers\\VentaController.php')
 2 SYSTEMPATH\Autoloader\Autoloader.php(271): CodeIgniter\Autoloader\Autoloader->loadInNamespace('App\\Controllers\\VentaController')
 3 [internal function]: CodeIgniter\Autoloader\Autoloader->loadClass('App\\Controllers\\VentaController')
 4 SYSTEMPATH\CodeIgniter.php(885): class_exists('\\App\\Controllers\\VentaController', true)
 5 SYSTEMPATH\CodeIgniter.php(494): CodeIgniter\CodeIgniter->startController()
 6 SYSTEMPATH\CodeIgniter.php(354): CodeIgniter\CodeIgniter->handleRequest(null, Object(Config\Cache), false)
 7 SYSTEMPATH\Boot.php(334): CodeIgniter\CodeIgniter->run()
 8 SYSTEMPATH\Boot.php(67): CodeIgniter\Boot::runCodeIgniter(Object(CodeIgniter\CodeIgniter))
 9 FCPATH\index.php(56): CodeIgniter\Boot::bootWeb(Object(Config\Paths))
CRITICAL - 2025-06-10 05:23:05 --> ParseError: syntax error, unexpected single-quoted string "request", expecting "]"
[Method: GET, Route: admin/ventas/listar]
in APPPATH\Controllers\VentaController.php on line 67.
 1 SYSTEMPATH\Autoloader\Autoloader.php(295): CodeIgniter\Autoloader\Autoloader->includeFile('C:\\xampp\\htdocs\\proyecto_benitez_lopez\\app\\Controllers\\VentaController.php')
 2 SYSTEMPATH\Autoloader\Autoloader.php(271): CodeIgniter\Autoloader\Autoloader->loadInNamespace('App\\Controllers\\VentaController')
 3 [internal function]: CodeIgniter\Autoloader\Autoloader->loadClass('App\\Controllers\\VentaController')
 4 SYSTEMPATH\CodeIgniter.php(885): class_exists('\\App\\Controllers\\VentaController', true)
 5 SYSTEMPATH\CodeIgniter.php(494): CodeIgniter\CodeIgniter->startController()
 6 SYSTEMPATH\CodeIgniter.php(354): CodeIgniter\CodeIgniter->handleRequest(null, Object(Config\Cache), false)
 7 SYSTEMPATH\Boot.php(334): CodeIgniter\CodeIgniter->run()
 8 SYSTEMPATH\Boot.php(67): CodeIgniter\Boot::runCodeIgniter(Object(CodeIgniter\CodeIgniter))
 9 FCPATH\index.php(56): CodeIgniter\Boot::bootWeb(Object(Config\Paths))
CRITICAL - 2025-06-10 05:23:05 --> ParseError: syntax error, unexpected single-quoted string "request", expecting "]"
[Method: GET, Route: admin/ventas/listar]
in APPPATH\Controllers\VentaController.php on line 67.
 1 SYSTEMPATH\Autoloader\Autoloader.php(295): CodeIgniter\Autoloader\Autoloader->includeFile('C:\\xampp\\htdocs\\proyecto_benitez_lopez\\app\\Controllers\\VentaController.php')
 2 SYSTEMPATH\Autoloader\Autoloader.php(271): CodeIgniter\Autoloader\Autoloader->loadInNamespace('App\\Controllers\\VentaController')
 3 [internal function]: CodeIgniter\Autoloader\Autoloader->loadClass('App\\Controllers\\VentaController')
 4 SYSTEMPATH\CodeIgniter.php(885): class_exists('\\App\\Controllers\\VentaController', true)
 5 SYSTEMPATH\CodeIgniter.php(494): CodeIgniter\CodeIgniter->startController()
 6 SYSTEMPATH\CodeIgniter.php(354): CodeIgniter\CodeIgniter->handleRequest(null, Object(Config\Cache), false)
 7 SYSTEMPATH\Boot.php(334): CodeIgniter\CodeIgniter->run()
 8 SYSTEMPATH\Boot.php(67): CodeIgniter\Boot::runCodeIgniter(Object(CodeIgniter\CodeIgniter))
 9 FCPATH\index.php(56): CodeIgniter\Boot::bootWeb(Object(Config\Paths))
CRITICAL - 2025-06-10 05:23:05 --> ParseError: syntax error, unexpected single-quoted string "request", expecting "]"
[Method: GET, Route: admin/ventas/listar]
in APPPATH\Controllers\VentaController.php on line 67.
 1 SYSTEMPATH\Autoloader\Autoloader.php(295): CodeIgniter\Autoloader\Autoloader->includeFile('C:\\xampp\\htdocs\\proyecto_benitez_lopez\\app\\Controllers\\VentaController.php')
 2 SYSTEMPATH\Autoloader\Autoloader.php(271): CodeIgniter\Autoloader\Autoloader->loadInNamespace('App\\Controllers\\VentaController')
 3 [internal function]: CodeIgniter\Autoloader\Autoloader->loadClass('App\\Controllers\\VentaController')
 4 SYSTEMPATH\CodeIgniter.php(885): class_exists('\\App\\Controllers\\VentaController', true)
 5 SYSTEMPATH\CodeIgniter.php(494): CodeIgniter\CodeIgniter->startController()
 6 SYSTEMPATH\CodeIgniter.php(354): CodeIgniter\CodeIgniter->handleRequest(null, Object(Config\Cache), false)
 7 SYSTEMPATH\Boot.php(334): CodeIgniter\CodeIgniter->run()
 8 SYSTEMPATH\Boot.php(67): CodeIgniter\Boot::runCodeIgniter(Object(CodeIgniter\CodeIgniter))
 9 FCPATH\index.php(56): CodeIgniter\Boot::bootWeb(Object(Config\Paths))
CRITICAL - 2025-06-10 05:25:41 --> ParseError: syntax error, unexpected single-quoted string "request", expecting "]"
[Method: GET, Route: admin/ventas/listar]
in APPPATH\Controllers\VentaController.php on line 67.
 1 SYSTEMPATH\Autoloader\Autoloader.php(295): CodeIgniter\Autoloader\Autoloader->includeFile('C:\\xampp\\htdocs\\proyecto_benitez_lopez\\app\\Controllers\\VentaController.php')
 2 SYSTEMPATH\Autoloader\Autoloader.php(271): CodeIgniter\Autoloader\Autoloader->loadInNamespace('App\\Controllers\\VentaController')
 3 [internal function]: CodeIgniter\Autoloader\Autoloader->loadClass('App\\Controllers\\VentaController')
 4 SYSTEMPATH\CodeIgniter.php(885): class_exists('\\App\\Controllers\\VentaController', true)
 5 SYSTEMPATH\CodeIgniter.php(494): CodeIgniter\CodeIgniter->startController()
 6 SYSTEMPATH\CodeIgniter.php(354): CodeIgniter\CodeIgniter->handleRequest(null, Object(Config\Cache), false)
 7 SYSTEMPATH\Boot.php(334): CodeIgniter\CodeIgniter->run()
 8 SYSTEMPATH\Boot.php(67): CodeIgniter\Boot::runCodeIgniter(Object(CodeIgniter\CodeIgniter))
 9 FCPATH\index.php(56): CodeIgniter\Boot::bootWeb(Object(Config\Paths))
CRITICAL - 2025-06-10 05:25:42 --> ParseError: syntax error, unexpected single-quoted string "request", expecting "]"
[Method: GET, Route: admin/ventas/listar]
in APPPATH\Controllers\VentaController.php on line 67.
 1 SYSTEMPATH\Autoloader\Autoloader.php(295): CodeIgniter\Autoloader\Autoloader->includeFile('C:\\xampp\\htdocs\\proyecto_benitez_lopez\\app\\Controllers\\VentaController.php')
 2 SYSTEMPATH\Autoloader\Autoloader.php(271): CodeIgniter\Autoloader\Autoloader->loadInNamespace('App\\Controllers\\VentaController')
 3 [internal function]: CodeIgniter\Autoloader\Autoloader->loadClass('App\\Controllers\\VentaController')
 4 SYSTEMPATH\CodeIgniter.php(885): class_exists('\\App\\Controllers\\VentaController', true)
 5 SYSTEMPATH\CodeIgniter.php(494): CodeIgniter\CodeIgniter->startController()
 6 SYSTEMPATH\CodeIgniter.php(354): CodeIgniter\CodeIgniter->handleRequest(null, Object(Config\Cache), false)
 7 SYSTEMPATH\Boot.php(334): CodeIgniter\CodeIgniter->run()
 8 SYSTEMPATH\Boot.php(67): CodeIgniter\Boot::runCodeIgniter(Object(CodeIgniter\CodeIgniter))
 9 FCPATH\index.php(56): CodeIgniter\Boot::bootWeb(Object(Config\Paths))
CRITICAL - 2025-06-10 05:25:42 --> ParseError: syntax error, unexpected single-quoted string "request", expecting "]"
[Method: GET, Route: admin/ventas/listar]
in APPPATH\Controllers\VentaController.php on line 67.
 1 SYSTEMPATH\Autoloader\Autoloader.php(295): CodeIgniter\Autoloader\Autoloader->includeFile('C:\\xampp\\htdocs\\proyecto_benitez_lopez\\app\\Controllers\\VentaController.php')
 2 SYSTEMPATH\Autoloader\Autoloader.php(271): CodeIgniter\Autoloader\Autoloader->loadInNamespace('App\\Controllers\\VentaController')
 3 [internal function]: CodeIgniter\Autoloader\Autoloader->loadClass('App\\Controllers\\VentaController')
 4 SYSTEMPATH\CodeIgniter.php(885): class_exists('\\App\\Controllers\\VentaController', true)
 5 SYSTEMPATH\CodeIgniter.php(494): CodeIgniter\CodeIgniter->startController()
 6 SYSTEMPATH\CodeIgniter.php(354): CodeIgniter\CodeIgniter->handleRequest(null, Object(Config\Cache), false)
 7 SYSTEMPATH\Boot.php(334): CodeIgniter\CodeIgniter->run()
 8 SYSTEMPATH\Boot.php(67): CodeIgniter\Boot::runCodeIgniter(Object(CodeIgniter\CodeIgniter))
 9 FCPATH\index.php(56): CodeIgniter\Boot::bootWeb(Object(Config\Paths))
CRITICAL - 2025-06-10 05:25:42 --> ParseError: syntax error, unexpected single-quoted string "request", expecting "]"
[Method: GET, Route: admin/ventas/listar]
in APPPATH\Controllers\VentaController.php on line 67.
 1 SYSTEMPATH\Autoloader\Autoloader.php(295): CodeIgniter\Autoloader\Autoloader->includeFile('C:\\xampp\\htdocs\\proyecto_benitez_lopez\\app\\Controllers\\VentaController.php')
 2 SYSTEMPATH\Autoloader\Autoloader.php(271): CodeIgniter\Autoloader\Autoloader->loadInNamespace('App\\Controllers\\VentaController')
 3 [internal function]: CodeIgniter\Autoloader\Autoloader->loadClass('App\\Controllers\\VentaController')
 4 SYSTEMPATH\CodeIgniter.php(885): class_exists('\\App\\Controllers\\VentaController', true)
 5 SYSTEMPATH\CodeIgniter.php(494): CodeIgniter\CodeIgniter->startController()
 6 SYSTEMPATH\CodeIgniter.php(354): CodeIgniter\CodeIgniter->handleRequest(null, Object(Config\Cache), false)
 7 SYSTEMPATH\Boot.php(334): CodeIgniter\CodeIgniter->run()
 8 SYSTEMPATH\Boot.php(67): CodeIgniter\Boot::runCodeIgniter(Object(CodeIgniter\CodeIgniter))
 9 FCPATH\index.php(56): CodeIgniter\Boot::bootWeb(Object(Config\Paths))
CRITICAL - 2025-06-10 05:25:42 --> ParseError: syntax error, unexpected single-quoted string "request", expecting "]"
[Method: GET, Route: admin/ventas/listar]
in APPPATH\Controllers\VentaController.php on line 67.
 1 SYSTEMPATH\Autoloader\Autoloader.php(295): CodeIgniter\Autoloader\Autoloader->includeFile('C:\\xampp\\htdocs\\proyecto_benitez_lopez\\app\\Controllers\\VentaController.php')
 2 SYSTEMPATH\Autoloader\Autoloader.php(271): CodeIgniter\Autoloader\Autoloader->loadInNamespace('App\\Controllers\\VentaController')
 3 [internal function]: CodeIgniter\Autoloader\Autoloader->loadClass('App\\Controllers\\VentaController')
 4 SYSTEMPATH\CodeIgniter.php(885): class_exists('\\App\\Controllers\\VentaController', true)
 5 SYSTEMPATH\CodeIgniter.php(494): CodeIgniter\CodeIgniter->startController()
 6 SYSTEMPATH\CodeIgniter.php(354): CodeIgniter\CodeIgniter->handleRequest(null, Object(Config\Cache), false)
 7 SYSTEMPATH\Boot.php(334): CodeIgniter\CodeIgniter->run()
 8 SYSTEMPATH\Boot.php(67): CodeIgniter\Boot::runCodeIgniter(Object(CodeIgniter\CodeIgniter))
 9 FCPATH\index.php(56): CodeIgniter\Boot::bootWeb(Object(Config\Paths))
CRITICAL - 2025-06-10 05:26:40 --> ParseError: syntax error, unexpected single-quoted string "request", expecting "]"
[Method: GET, Route: admin/ventas/listar]
in APPPATH\Controllers\VentaController.php on line 67.
 1 SYSTEMPATH\Autoloader\Autoloader.php(295): CodeIgniter\Autoloader\Autoloader->includeFile('C:\\xampp\\htdocs\\proyecto_benitez_lopez\\app\\Controllers\\VentaController.php')
 2 SYSTEMPATH\Autoloader\Autoloader.php(271): CodeIgniter\Autoloader\Autoloader->loadInNamespace('App\\Controllers\\VentaController')
 3 [internal function]: CodeIgniter\Autoloader\Autoloader->loadClass('App\\Controllers\\VentaController')
 4 SYSTEMPATH\CodeIgniter.php(885): class_exists('\\App\\Controllers\\VentaController', true)
 5 SYSTEMPATH\CodeIgniter.php(494): CodeIgniter\CodeIgniter->startController()
 6 SYSTEMPATH\CodeIgniter.php(354): CodeIgniter\CodeIgniter->handleRequest(null, Object(Config\Cache), false)
 7 SYSTEMPATH\Boot.php(334): CodeIgniter\CodeIgniter->run()
 8 SYSTEMPATH\Boot.php(67): CodeIgniter\Boot::runCodeIgniter(Object(CodeIgniter\CodeIgniter))
 9 FCPATH\index.php(56): CodeIgniter\Boot::bootWeb(Object(Config\Paths))
CRITICAL - 2025-06-10 05:26:41 --> ParseError: syntax error, unexpected single-quoted string "request", expecting "]"
[Method: GET, Route: admin/ventas/listar]
in APPPATH\Controllers\VentaController.php on line 67.
 1 SYSTEMPATH\Autoloader\Autoloader.php(295): CodeIgniter\Autoloader\Autoloader->includeFile('C:\\xampp\\htdocs\\proyecto_benitez_lopez\\app\\Controllers\\VentaController.php')
 2 SYSTEMPATH\Autoloader\Autoloader.php(271): CodeIgniter\Autoloader\Autoloader->loadInNamespace('App\\Controllers\\VentaController')
 3 [internal function]: CodeIgniter\Autoloader\Autoloader->loadClass('App\\Controllers\\VentaController')
 4 SYSTEMPATH\CodeIgniter.php(885): class_exists('\\App\\Controllers\\VentaController', true)
 5 SYSTEMPATH\CodeIgniter.php(494): CodeIgniter\CodeIgniter->startController()
 6 SYSTEMPATH\CodeIgniter.php(354): CodeIgniter\CodeIgniter->handleRequest(null, Object(Config\Cache), false)
 7 SYSTEMPATH\Boot.php(334): CodeIgniter\CodeIgniter->run()
 8 SYSTEMPATH\Boot.php(67): CodeIgniter\Boot::runCodeIgniter(Object(CodeIgniter\CodeIgniter))
 9 FCPATH\index.php(56): CodeIgniter\Boot::bootWeb(Object(Config\Paths))
CRITICAL - 2025-06-10 05:26:41 --> ParseError: syntax error, unexpected single-quoted string "request", expecting "]"
[Method: GET, Route: admin/ventas/listar]
in APPPATH\Controllers\VentaController.php on line 67.
 1 SYSTEMPATH\Autoloader\Autoloader.php(295): CodeIgniter\Autoloader\Autoloader->includeFile('C:\\xampp\\htdocs\\proyecto_benitez_lopez\\app\\Controllers\\VentaController.php')
 2 SYSTEMPATH\Autoloader\Autoloader.php(271): CodeIgniter\Autoloader\Autoloader->loadInNamespace('App\\Controllers\\VentaController')
 3 [internal function]: CodeIgniter\Autoloader\Autoloader->loadClass('App\\Controllers\\VentaController')
 4 SYSTEMPATH\CodeIgniter.php(885): class_exists('\\App\\Controllers\\VentaController', true)
 5 SYSTEMPATH\CodeIgniter.php(494): CodeIgniter\CodeIgniter->startController()
 6 SYSTEMPATH\CodeIgniter.php(354): CodeIgniter\CodeIgniter->handleRequest(null, Object(Config\Cache), false)
 7 SYSTEMPATH\Boot.php(334): CodeIgniter\CodeIgniter->run()
 8 SYSTEMPATH\Boot.php(67): CodeIgniter\Boot::runCodeIgniter(Object(CodeIgniter\CodeIgniter))
 9 FCPATH\index.php(56): CodeIgniter\Boot::bootWeb(Object(Config\Paths))
CRITICAL - 2025-06-10 05:26:42 --> ParseError: syntax error, unexpected single-quoted string "request", expecting "]"
[Method: GET, Route: admin/ventas/listar]
in APPPATH\Controllers\VentaController.php on line 67.
 1 SYSTEMPATH\Autoloader\Autoloader.php(295): CodeIgniter\Autoloader\Autoloader->includeFile('C:\\xampp\\htdocs\\proyecto_benitez_lopez\\app\\Controllers\\VentaController.php')
 2 SYSTEMPATH\Autoloader\Autoloader.php(271): CodeIgniter\Autoloader\Autoloader->loadInNamespace('App\\Controllers\\VentaController')
 3 [internal function]: CodeIgniter\Autoloader\Autoloader->loadClass('App\\Controllers\\VentaController')
 4 SYSTEMPATH\CodeIgniter.php(885): class_exists('\\App\\Controllers\\VentaController', true)
 5 SYSTEMPATH\CodeIgniter.php(494): CodeIgniter\CodeIgniter->startController()
 6 SYSTEMPATH\CodeIgniter.php(354): CodeIgniter\CodeIgniter->handleRequest(null, Object(Config\Cache), false)
 7 SYSTEMPATH\Boot.php(334): CodeIgniter\CodeIgniter->run()
 8 SYSTEMPATH\Boot.php(67): CodeIgniter\Boot::runCodeIgniter(Object(CodeIgniter\CodeIgniter))
 9 FCPATH\index.php(56): CodeIgniter\Boot::bootWeb(Object(Config\Paths))
CRITICAL - 2025-06-10 05:26:42 --> ParseError: syntax error, unexpected single-quoted string "request", expecting "]"
[Method: GET, Route: admin/ventas/listar]
in APPPATH\Controllers\VentaController.php on line 67.
 1 SYSTEMPATH\Autoloader\Autoloader.php(295): CodeIgniter\Autoloader\Autoloader->includeFile('C:\\xampp\\htdocs\\proyecto_benitez_lopez\\app\\Controllers\\VentaController.php')
 2 SYSTEMPATH\Autoloader\Autoloader.php(271): CodeIgniter\Autoloader\Autoloader->loadInNamespace('App\\Controllers\\VentaController')
 3 [internal function]: CodeIgniter\Autoloader\Autoloader->loadClass('App\\Controllers\\VentaController')
 4 SYSTEMPATH\CodeIgniter.php(885): class_exists('\\App\\Controllers\\VentaController', true)
 5 SYSTEMPATH\CodeIgniter.php(494): CodeIgniter\CodeIgniter->startController()
 6 SYSTEMPATH\CodeIgniter.php(354): CodeIgniter\CodeIgniter->handleRequest(null, Object(Config\Cache), false)
 7 SYSTEMPATH\Boot.php(334): CodeIgniter\CodeIgniter->run()
 8 SYSTEMPATH\Boot.php(67): CodeIgniter\Boot::runCodeIgniter(Object(CodeIgniter\CodeIgniter))
 9 FCPATH\index.php(56): CodeIgniter\Boot::bootWeb(Object(Config\Paths))
CRITICAL - 2025-06-10 05:26:42 --> ParseError: syntax error, unexpected single-quoted string "request", expecting "]"
[Method: GET, Route: admin/ventas/listar]
in APPPATH\Controllers\VentaController.php on line 67.
 1 SYSTEMPATH\Autoloader\Autoloader.php(295): CodeIgniter\Autoloader\Autoloader->includeFile('C:\\xampp\\htdocs\\proyecto_benitez_lopez\\app\\Controllers\\VentaController.php')
 2 SYSTEMPATH\Autoloader\Autoloader.php(271): CodeIgniter\Autoloader\Autoloader->loadInNamespace('App\\Controllers\\VentaController')
 3 [internal function]: CodeIgniter\Autoloader\Autoloader->loadClass('App\\Controllers\\VentaController')
 4 SYSTEMPATH\CodeIgniter.php(885): class_exists('\\App\\Controllers\\VentaController', true)
 5 SYSTEMPATH\CodeIgniter.php(494): CodeIgniter\CodeIgniter->startController()
 6 SYSTEMPATH\CodeIgniter.php(354): CodeIgniter\CodeIgniter->handleRequest(null, Object(Config\Cache), false)
 7 SYSTEMPATH\Boot.php(334): CodeIgniter\CodeIgniter->run()
 8 SYSTEMPATH\Boot.php(67): CodeIgniter\Boot::runCodeIgniter(Object(CodeIgniter\CodeIgniter))
 9 FCPATH\index.php(56): CodeIgniter\Boot::bootWeb(Object(Config\Paths))
CRITICAL - 2025-06-10 05:26:42 --> ParseError: syntax error, unexpected single-quoted string "request", expecting "]"
[Method: GET, Route: admin/ventas/listar]
in APPPATH\Controllers\VentaController.php on line 67.
 1 SYSTEMPATH\Autoloader\Autoloader.php(295): CodeIgniter\Autoloader\Autoloader->includeFile('C:\\xampp\\htdocs\\proyecto_benitez_lopez\\app\\Controllers\\VentaController.php')
 2 SYSTEMPATH\Autoloader\Autoloader.php(271): CodeIgniter\Autoloader\Autoloader->loadInNamespace('App\\Controllers\\VentaController')
 3 [internal function]: CodeIgniter\Autoloader\Autoloader->loadClass('App\\Controllers\\VentaController')
 4 SYSTEMPATH\CodeIgniter.php(885): class_exists('\\App\\Controllers\\VentaController', true)
 5 SYSTEMPATH\CodeIgniter.php(494): CodeIgniter\CodeIgniter->startController()
 6 SYSTEMPATH\CodeIgniter.php(354): CodeIgniter\CodeIgniter->handleRequest(null, Object(Config\Cache), false)
 7 SYSTEMPATH\Boot.php(334): CodeIgniter\CodeIgniter->run()
 8 SYSTEMPATH\Boot.php(67): CodeIgniter\Boot::runCodeIgniter(Object(CodeIgniter\CodeIgniter))
 9 FCPATH\index.php(56): CodeIgniter\Boot::bootWeb(Object(Config\Paths))
CRITICAL - 2025-06-10 05:26:42 --> ParseError: syntax error, unexpected single-quoted string "request", expecting "]"
[Method: GET, Route: admin/ventas/listar]
in APPPATH\Controllers\VentaController.php on line 67.
 1 SYSTEMPATH\Autoloader\Autoloader.php(295): CodeIgniter\Autoloader\Autoloader->includeFile('C:\\xampp\\htdocs\\proyecto_benitez_lopez\\app\\Controllers\\VentaController.php')
 2 SYSTEMPATH\Autoloader\Autoloader.php(271): CodeIgniter\Autoloader\Autoloader->loadInNamespace('App\\Controllers\\VentaController')
 3 [internal function]: CodeIgniter\Autoloader\Autoloader->loadClass('App\\Controllers\\VentaController')
 4 SYSTEMPATH\CodeIgniter.php(885): class_exists('\\App\\Controllers\\VentaController', true)
 5 SYSTEMPATH\CodeIgniter.php(494): CodeIgniter\CodeIgniter->startController()
 6 SYSTEMPATH\CodeIgniter.php(354): CodeIgniter\CodeIgniter->handleRequest(null, Object(Config\Cache), false)
 7 SYSTEMPATH\Boot.php(334): CodeIgniter\CodeIgniter->run()
 8 SYSTEMPATH\Boot.php(67): CodeIgniter\Boot::runCodeIgniter(Object(CodeIgniter\CodeIgniter))
 9 FCPATH\index.php(56): CodeIgniter\Boot::bootWeb(Object(Config\Paths))
CRITICAL - 2025-06-10 05:26:43 --> ParseError: syntax error, unexpected single-quoted string "request", expecting "]"
[Method: GET, Route: admin/ventas/listar]
in APPPATH\Controllers\VentaController.php on line 67.
 1 SYSTEMPATH\Autoloader\Autoloader.php(295): CodeIgniter\Autoloader\Autoloader->includeFile('C:\\xampp\\htdocs\\proyecto_benitez_lopez\\app\\Controllers\\VentaController.php')
 2 SYSTEMPATH\Autoloader\Autoloader.php(271): CodeIgniter\Autoloader\Autoloader->loadInNamespace('App\\Controllers\\VentaController')
 3 [internal function]: CodeIgniter\Autoloader\Autoloader->loadClass('App\\Controllers\\VentaController')
 4 SYSTEMPATH\CodeIgniter.php(885): class_exists('\\App\\Controllers\\VentaController', true)
 5 SYSTEMPATH\CodeIgniter.php(494): CodeIgniter\CodeIgniter->startController()
 6 SYSTEMPATH\CodeIgniter.php(354): CodeIgniter\CodeIgniter->handleRequest(null, Object(Config\Cache), false)
 7 SYSTEMPATH\Boot.php(334): CodeIgniter\CodeIgniter->run()
 8 SYSTEMPATH\Boot.php(67): CodeIgniter\Boot::runCodeIgniter(Object(CodeIgniter\CodeIgniter))
 9 FCPATH\index.php(56): CodeIgniter\Boot::bootWeb(Object(Config\Paths))
CRITICAL - 2025-06-10 05:36:00 --> CodeIgniter\View\Exceptions\ViewException: Invalid file: "admin/ventas/detalle.php"
[Method: GET, Route: admin/ventas/detalle/2]
in SYSTEMPATH\Exceptions\FrameworkException.php on line 39.
 1 SYSTEMPATH\View\View.php(212): CodeIgniter\Exceptions\FrameworkException::forInvalidFile('admin/ventas/detalle.php')
 2 SYSTEMPATH\Common.php(1173): CodeIgniter\View\View->render('admin/ventas/detalle', [], true)
 3 APPPATH\Controllers\VentaController.php(121): view('admin/ventas/detalle')
 4 SYSTEMPATH\CodeIgniter.php(933): App\Controllers\VentaController->detalle('2')
 5 SYSTEMPATH\CodeIgniter.php(507): CodeIgniter\CodeIgniter->runController(Object(App\Controllers\VentaController))
 6 SYSTEMPATH\CodeIgniter.php(354): CodeIgniter\CodeIgniter->handleRequest(null, Object(Config\Cache), false)
 7 SYSTEMPATH\Boot.php(334): CodeIgniter\CodeIgniter->run()
 8 SYSTEMPATH\Boot.php(67): CodeIgniter\Boot::runCodeIgniter(Object(CodeIgniter\CodeIgniter))
 9 FCPATH\index.php(56): CodeIgniter\Boot::bootWeb(Object(Config\Paths))
CRITICAL - 2025-06-10 05:38:23 --> CodeIgniter\View\Exceptions\ViewException: Invalid file: "admin/ventas/detalle.php"
[Method: GET, Route: admin/ventas/detalle/2]
in SYSTEMPATH\Exceptions\FrameworkException.php on line 39.
 1 SYSTEMPATH\View\View.php(212): CodeIgniter\Exceptions\FrameworkException::forInvalidFile('admin/ventas/detalle.php')
 2 SYSTEMPATH\Common.php(1173): CodeIgniter\View\View->render('admin/ventas/detalle', [], true)
 3 APPPATH\Controllers\VentaController.php(121): view('admin/ventas/detalle')
 4 SYSTEMPATH\CodeIgniter.php(933): App\Controllers\VentaController->detalle('2')
 5 SYSTEMPATH\CodeIgniter.php(507): CodeIgniter\CodeIgniter->runController(Object(App\Controllers\VentaController))
 6 SYSTEMPATH\CodeIgniter.php(354): CodeIgniter\CodeIgniter->handleRequest(null, Object(Config\Cache), false)
 7 SYSTEMPATH\Boot.php(334): CodeIgniter\CodeIgniter->run()
 8 SYSTEMPATH\Boot.php(67): CodeIgniter\Boot::runCodeIgniter(Object(CodeIgniter\CodeIgniter))
 9 FCPATH\index.php(56): CodeIgniter\Boot::bootWeb(Object(Config\Paths))
ERROR - 2025-06-10 06:13:22 --> mysqli_sql_exception: Table 'bd_benitez_lopez.reseñas' doesn't exist in C:\xampp\htdocs\proyecto_benitez_lopez\system\Database\MySQLi\Connection.php:327
Stack trace:
#0 C:\xampp\htdocs\proyecto_benitez_lopez\system\Database\MySQLi\Connection.php(327): mysqli->query('SELECT *\nFROM `...', 0)
#1 C:\xampp\htdocs\proyecto_benitez_lopez\system\Database\BaseConnection.php(738): CodeIgniter\Database\MySQLi\Connection->execute('SELECT *\nFROM `...')
#2 C:\xampp\htdocs\proyecto_benitez_lopez\system\Database\BaseConnection.php(652): CodeIgniter\Database\BaseConnection->simpleQuery('SELECT *\nFROM `...')
#3 C:\xampp\htdocs\proyecto_benitez_lopez\system\Database\BaseBuilder.php(1649): CodeIgniter\Database\BaseConnection->query('SELECT *\nFROM `...', Array, false)
#4 C:\xampp\htdocs\proyecto_benitez_lopez\system\Model.php(286): CodeIgniter\Database\BaseBuilder->get()
#5 C:\xampp\htdocs\proyecto_benitez_lopez\system\BaseModel.php(675): CodeIgniter\Model->doFindAll(0, 0)
#6 C:\xampp\htdocs\proyecto_benitez_lopez\app\Models\ResenaModel.php(19): CodeIgniter\BaseModel->findAll()
#7 C:\xampp\htdocs\proyecto_benitez_lopez\app\Controllers\ProductoController.php(394): App\Models\ResenaModel->getResenasProducto('34')
#8 C:\xampp\htdocs\proyecto_benitez_lopez\system\CodeIgniter.php(933): App\Controllers\ProductoController->detalle('34')
#9 C:\xampp\htdocs\proyecto_benitez_lopez\system\CodeIgniter.php(507): CodeIgniter\CodeIgniter->runController(Object(App\Controllers\ProductoController))
#10 C:\xampp\htdocs\proyecto_benitez_lopez\system\CodeIgniter.php(354): CodeIgniter\CodeIgniter->handleRequest(NULL, Object(Config\Cache), false)
#11 C:\xampp\htdocs\proyecto_benitez_lopez\system\Boot.php(334): CodeIgniter\CodeIgniter->run()
#12 C:\xampp\htdocs\proyecto_benitez_lopez\system\Boot.php(67): CodeIgniter\Boot::runCodeIgniter(Object(CodeIgniter\CodeIgniter))
#13 C:\xampp\htdocs\proyecto_benitez_lopez\index.php(56): CodeIgniter\Boot::bootWeb(Object(Config\Paths))
#14 {main}
CRITICAL - 2025-06-10 06:13:22 --> CodeIgniter\Database\Exceptions\DatabaseException: Table 'bd_benitez_lopez.reseñas' doesn't exist
[Method: GET, Route: productos/34]
in SYSTEMPATH\Database\BaseConnection.php on line 692.
 1 SYSTEMPATH\Database\BaseBuilder.php(1649): CodeIgniter\Database\BaseConnection->query('SELECT *
FROM `reseñas`
WHERE `producto_id` = :producto_id:
ORDER BY `fecha` DESC', [...], false)
 2 SYSTEMPATH\Model.php(286): CodeIgniter\Database\BaseBuilder->get()
 3 SYSTEMPATH\BaseModel.php(675): CodeIgniter\Model->doFindAll(0, 0)
 4 APPPATH\Models\ResenaModel.php(19): CodeIgniter\BaseModel->findAll()
 5 APPPATH\Controllers\ProductoController.php(394): App\Models\ResenaModel->getResenasProducto('34')
 6 SYSTEMPATH\CodeIgniter.php(933): App\Controllers\ProductoController->detalle('34')
 7 SYSTEMPATH\CodeIgniter.php(507): CodeIgniter\CodeIgniter->runController(Object(App\Controllers\ProductoController))
 8 SYSTEMPATH\CodeIgniter.php(354): CodeIgniter\CodeIgniter->handleRequest(null, Object(Config\Cache), false)
 9 SYSTEMPATH\Boot.php(334): CodeIgniter\CodeIgniter->run()
10 SYSTEMPATH\Boot.php(67): CodeIgniter\Boot::runCodeIgniter(Object(CodeIgniter\CodeIgniter))
11 FCPATH\index.php(56): CodeIgniter\Boot::bootWeb(Object(Config\Paths))
CRITICAL - 2025-06-10 06:13:22 --> [Caused by] CodeIgniter\Database\Exceptions\DatabaseException: Table 'bd_benitez_lopez.reseñas' doesn't exist
in SYSTEMPATH\Database\MySQLi\Connection.php on line 332.
 1 SYSTEMPATH\Database\BaseConnection.php(738): CodeIgniter\Database\MySQLi\Connection->execute('SELECT *
FROM `reseñas`
WHERE `producto_id` = \'34\'
ORDER BY `fecha` DESC')
 2 SYSTEMPATH\Database\BaseConnection.php(652): CodeIgniter\Database\BaseConnection->simpleQuery('SELECT *
FROM `reseñas`
WHERE `producto_id` = \'34\'
ORDER BY `fecha` DESC')
 3 SYSTEMPATH\Database\BaseBuilder.php(1649): CodeIgniter\Database\BaseConnection->query('SELECT *
FROM `reseñas`
WHERE `producto_id` = :producto_id:
ORDER BY `fecha` DESC', [...], false)
 4 SYSTEMPATH\Model.php(286): CodeIgniter\Database\BaseBuilder->get()
 5 SYSTEMPATH\BaseModel.php(675): CodeIgniter\Model->doFindAll(0, 0)
 6 APPPATH\Models\ResenaModel.php(19): CodeIgniter\BaseModel->findAll()
 7 APPPATH\Controllers\ProductoController.php(394): App\Models\ResenaModel->getResenasProducto('34')
 8 SYSTEMPATH\CodeIgniter.php(933): App\Controllers\ProductoController->detalle('34')
 9 SYSTEMPATH\CodeIgniter.php(507): CodeIgniter\CodeIgniter->runController(Object(App\Controllers\ProductoController))
10 SYSTEMPATH\CodeIgniter.php(354): CodeIgniter\CodeIgniter->handleRequest(null, Object(Config\Cache), false)
11 SYSTEMPATH\Boot.php(334): CodeIgniter\CodeIgniter->run()
12 SYSTEMPATH\Boot.php(67): CodeIgniter\Boot::runCodeIgniter(Object(CodeIgniter\CodeIgniter))
13 FCPATH\index.php(56): CodeIgniter\Boot::bootWeb(Object(Config\Paths))
CRITICAL - 2025-06-10 06:13:22 --> [Caused by] mysqli_sql_exception: Table 'bd_benitez_lopez.reseñas' doesn't exist
in SYSTEMPATH\Database\MySQLi\Connection.php on line 327.
 1 SYSTEMPATH\Database\MySQLi\Connection.php(327): mysqli->query('SELECT *
FROM `reseñas`
WHERE `producto_id` = \'34\'
ORDER BY `fecha` DESC', 0)
 2 SYSTEMPATH\Database\BaseConnection.php(738): CodeIgniter\Database\MySQLi\Connection->execute('SELECT *
FROM `reseñas`
WHERE `producto_id` = \'34\'
ORDER BY `fecha` DESC')
 3 SYSTEMPATH\Database\BaseConnection.php(652): CodeIgniter\Database\BaseConnection->simpleQuery('SELECT *
FROM `reseñas`
WHERE `producto_id` = \'34\'
ORDER BY `fecha` DESC')
 4 SYSTEMPATH\Database\BaseBuilder.php(1649): CodeIgniter\Database\BaseConnection->query('SELECT *
FROM `reseñas`
WHERE `producto_id` = :producto_id:
ORDER BY `fecha` DESC', [...], false)
 5 SYSTEMPATH\Model.php(286): CodeIgniter\Database\BaseBuilder->get()
 6 SYSTEMPATH\BaseModel.php(675): CodeIgniter\Model->doFindAll(0, 0)
 7 APPPATH\Models\ResenaModel.php(19): CodeIgniter\BaseModel->findAll()
 8 APPPATH\Controllers\ProductoController.php(394): App\Models\ResenaModel->getResenasProducto('34')
 9 SYSTEMPATH\CodeIgniter.php(933): App\Controllers\ProductoController->detalle('34')
10 SYSTEMPATH\CodeIgniter.php(507): CodeIgniter\CodeIgniter->runController(Object(App\Controllers\ProductoController))
11 SYSTEMPATH\CodeIgniter.php(354): CodeIgniter\CodeIgniter->handleRequest(null, Object(Config\Cache), false)
12 SYSTEMPATH\Boot.php(334): CodeIgniter\CodeIgniter->run()
13 SYSTEMPATH\Boot.php(67): CodeIgniter\Boot::runCodeIgniter(Object(CodeIgniter\CodeIgniter))
14 FCPATH\index.php(56): CodeIgniter\Boot::bootWeb(Object(Config\Paths))
CRITICAL - 2025-06-10 06:30:44 --> ParseError: syntax error, unexpected token "{"
[Method: GET, Route: admin/productos/listar]
in APPPATH\Controllers\ProductoController.php on line 164.
 1 SYSTEMPATH\Autoloader\Autoloader.php(295): CodeIgniter\Autoloader\Autoloader->includeFile('C:\\xampp\\htdocs\\proyecto_benitez_lopez\\app\\Controllers\\ProductoController.php')
 2 SYSTEMPATH\Autoloader\Autoloader.php(271): CodeIgniter\Autoloader\Autoloader->loadInNamespace('App\\Controllers\\ProductoController')
 3 [internal function]: CodeIgniter\Autoloader\Autoloader->loadClass('App\\Controllers\\ProductoController')
 4 SYSTEMPATH\CodeIgniter.php(885): class_exists('\\App\\Controllers\\ProductoController', true)
 5 SYSTEMPATH\CodeIgniter.php(494): CodeIgniter\CodeIgniter->startController()
 6 SYSTEMPATH\CodeIgniter.php(354): CodeIgniter\CodeIgniter->handleRequest(null, Object(Config\Cache), false)
 7 SYSTEMPATH\Boot.php(334): CodeIgniter\CodeIgniter->run()
 8 SYSTEMPATH\Boot.php(67): CodeIgniter\Boot::runCodeIgniter(Object(CodeIgniter\CodeIgniter))
 9 FCPATH\index.php(56): CodeIgniter\Boot::bootWeb(Object(Config\Paths))
CRITICAL - 2025-06-10 06:33:51 --> ParseError: syntax error, unexpected token "{"
[Method: GET, Route: admin/productos/crear]
in APPPATH\Controllers\ProductoController.php on line 164.
 1 SYSTEMPATH\Autoloader\Autoloader.php(295): CodeIgniter\Autoloader\Autoloader->includeFile('C:\\xampp\\htdocs\\proyecto_benitez_lopez\\app\\Controllers\\ProductoController.php')
 2 SYSTEMPATH\Autoloader\Autoloader.php(271): CodeIgniter\Autoloader\Autoloader->loadInNamespace('App\\Controllers\\ProductoController')
 3 [internal function]: CodeIgniter\Autoloader\Autoloader->loadClass('App\\Controllers\\ProductoController')
 4 SYSTEMPATH\CodeIgniter.php(885): class_exists('\\App\\Controllers\\ProductoController', true)
 5 SYSTEMPATH\CodeIgniter.php(494): CodeIgniter\CodeIgniter->startController()
 6 SYSTEMPATH\CodeIgniter.php(354): CodeIgniter\CodeIgniter->handleRequest(null, Object(Config\Cache), false)
 7 SYSTEMPATH\Boot.php(334): CodeIgniter\CodeIgniter->run()
 8 SYSTEMPATH\Boot.php(67): CodeIgniter\Boot::runCodeIgniter(Object(CodeIgniter\CodeIgniter))
 9 FCPATH\index.php(56): CodeIgniter\Boot::bootWeb(Object(Config\Paths))
CRITICAL - 2025-06-10 06:33:53 --> ParseError: syntax error, unexpected token "{"
[Method: GET, Route: admin/productos/crear]
in APPPATH\Controllers\ProductoController.php on line 164.
 1 SYSTEMPATH\Autoloader\Autoloader.php(295): CodeIgniter\Autoloader\Autoloader->includeFile('C:\\xampp\\htdocs\\proyecto_benitez_lopez\\app\\Controllers\\ProductoController.php')
 2 SYSTEMPATH\Autoloader\Autoloader.php(271): CodeIgniter\Autoloader\Autoloader->loadInNamespace('App\\Controllers\\ProductoController')
 3 [internal function]: CodeIgniter\Autoloader\Autoloader->loadClass('App\\Controllers\\ProductoController')
 4 SYSTEMPATH\CodeIgniter.php(885): class_exists('\\App\\Controllers\\ProductoController', true)
 5 SYSTEMPATH\CodeIgniter.php(494): CodeIgniter\CodeIgniter->startController()
 6 SYSTEMPATH\CodeIgniter.php(354): CodeIgniter\CodeIgniter->handleRequest(null, Object(Config\Cache), false)
 7 SYSTEMPATH\Boot.php(334): CodeIgniter\CodeIgniter->run()
 8 SYSTEMPATH\Boot.php(67): CodeIgniter\Boot::runCodeIgniter(Object(CodeIgniter\CodeIgniter))
 9 FCPATH\index.php(56): CodeIgniter\Boot::bootWeb(Object(Config\Paths))
CRITICAL - 2025-06-10 06:33:53 --> ParseError: syntax error, unexpected token "{"
[Method: GET, Route: admin/productos/crear]
in APPPATH\Controllers\ProductoController.php on line 164.
 1 SYSTEMPATH\Autoloader\Autoloader.php(295): CodeIgniter\Autoloader\Autoloader->includeFile('C:\\xampp\\htdocs\\proyecto_benitez_lopez\\app\\Controllers\\ProductoController.php')
 2 SYSTEMPATH\Autoloader\Autoloader.php(271): CodeIgniter\Autoloader\Autoloader->loadInNamespace('App\\Controllers\\ProductoController')
 3 [internal function]: CodeIgniter\Autoloader\Autoloader->loadClass('App\\Controllers\\ProductoController')
 4 SYSTEMPATH\CodeIgniter.php(885): class_exists('\\App\\Controllers\\ProductoController', true)
 5 SYSTEMPATH\CodeIgniter.php(494): CodeIgniter\CodeIgniter->startController()
 6 SYSTEMPATH\CodeIgniter.php(354): CodeIgniter\CodeIgniter->handleRequest(null, Object(Config\Cache), false)
 7 SYSTEMPATH\Boot.php(334): CodeIgniter\CodeIgniter->run()
 8 SYSTEMPATH\Boot.php(67): CodeIgniter\Boot::runCodeIgniter(Object(CodeIgniter\CodeIgniter))
 9 FCPATH\index.php(56): CodeIgniter\Boot::bootWeb(Object(Config\Paths))
CRITICAL - 2025-06-10 06:33:56 --> ParseError: syntax error, unexpected token "{"
[Method: GET, Route: admin/productos/listar]
in APPPATH\Controllers\ProductoController.php on line 164.
 1 SYSTEMPATH\Autoloader\Autoloader.php(295): CodeIgniter\Autoloader\Autoloader->includeFile('C:\\xampp\\htdocs\\proyecto_benitez_lopez\\app\\Controllers\\ProductoController.php')
 2 SYSTEMPATH\Autoloader\Autoloader.php(271): CodeIgniter\Autoloader\Autoloader->loadInNamespace('App\\Controllers\\ProductoController')
 3 [internal function]: CodeIgniter\Autoloader\Autoloader->loadClass('App\\Controllers\\ProductoController')
 4 SYSTEMPATH\CodeIgniter.php(885): class_exists('\\App\\Controllers\\ProductoController', true)
 5 SYSTEMPATH\CodeIgniter.php(494): CodeIgniter\CodeIgniter->startController()
 6 SYSTEMPATH\CodeIgniter.php(354): CodeIgniter\CodeIgniter->handleRequest(null, Object(Config\Cache), false)
 7 SYSTEMPATH\Boot.php(334): CodeIgniter\CodeIgniter->run()
 8 SYSTEMPATH\Boot.php(67): CodeIgniter\Boot::runCodeIgniter(Object(CodeIgniter\CodeIgniter))
 9 FCPATH\index.php(56): CodeIgniter\Boot::bootWeb(Object(Config\Paths))
CRITICAL - 2025-06-10 06:42:39 --> Error: Class "App\Models\HistoricoPreciosModel" not found
[Method: POST, Route: admin/productos/guardar]
in APPPATH\Controllers\ProductoController.php on line 372.
 1 APPPATH\Controllers\ProductoController.php(234): App\Controllers\ProductoController->registrarCambioPrecio(38, 0, '100')
 2 SYSTEMPATH\CodeIgniter.php(933): App\Controllers\ProductoController->guardarProducto()
 3 SYSTEMPATH\CodeIgniter.php(507): CodeIgniter\CodeIgniter->runController(Object(App\Controllers\ProductoController))
 4 SYSTEMPATH\CodeIgniter.php(354): CodeIgniter\CodeIgniter->handleRequest(null, Object(Config\Cache), false)
 5 SYSTEMPATH\Boot.php(334): CodeIgniter\CodeIgniter->run()
 6 SYSTEMPATH\Boot.php(67): CodeIgniter\Boot::runCodeIgniter(Object(CodeIgniter\CodeIgniter))
 7 FCPATH\index.php(56): CodeIgniter\Boot::bootWeb(Object(Config\Paths))
ERROR - 2025-06-10 06:43:26 --> mysqli_sql_exception: Table 'bd_benitez_lopez.reseñas' doesn't exist in C:\xampp\htdocs\proyecto_benitez_lopez\system\Database\MySQLi\Connection.php:327
Stack trace:
#0 C:\xampp\htdocs\proyecto_benitez_lopez\system\Database\MySQLi\Connection.php(327): mysqli->query('SELECT *\nFROM `...', 0)
#1 C:\xampp\htdocs\proyecto_benitez_lopez\system\Database\BaseConnection.php(738): CodeIgniter\Database\MySQLi\Connection->execute('SELECT *\nFROM `...')
#2 C:\xampp\htdocs\proyecto_benitez_lopez\system\Database\BaseConnection.php(652): CodeIgniter\Database\BaseConnection->simpleQuery('SELECT *\nFROM `...')
#3 C:\xampp\htdocs\proyecto_benitez_lopez\system\Database\BaseBuilder.php(1649): CodeIgniter\Database\BaseConnection->query('SELECT *\nFROM `...', Array, false)
#4 C:\xampp\htdocs\proyecto_benitez_lopez\system\Model.php(286): CodeIgniter\Database\BaseBuilder->get()
#5 C:\xampp\htdocs\proyecto_benitez_lopez\system\BaseModel.php(675): CodeIgniter\Model->doFindAll(0, 0)
#6 C:\xampp\htdocs\proyecto_benitez_lopez\app\Models\ResenaModel.php(19): CodeIgniter\BaseModel->findAll()
#7 C:\xampp\htdocs\proyecto_benitez_lopez\app\Controllers\ProductoController.php(406): App\Models\ResenaModel->getResenasProducto('38')
#8 C:\xampp\htdocs\proyecto_benitez_lopez\system\CodeIgniter.php(933): App\Controllers\ProductoController->detalle('38')
#9 C:\xampp\htdocs\proyecto_benitez_lopez\system\CodeIgniter.php(507): CodeIgniter\CodeIgniter->runController(Object(App\Controllers\ProductoController))
#10 C:\xampp\htdocs\proyecto_benitez_lopez\system\CodeIgniter.php(354): CodeIgniter\CodeIgniter->handleRequest(NULL, Object(Config\Cache), false)
#11 C:\xampp\htdocs\proyecto_benitez_lopez\system\Boot.php(334): CodeIgniter\CodeIgniter->run()
#12 C:\xampp\htdocs\proyecto_benitez_lopez\system\Boot.php(67): CodeIgniter\Boot::runCodeIgniter(Object(CodeIgniter\CodeIgniter))
#13 C:\xampp\htdocs\proyecto_benitez_lopez\index.php(56): CodeIgniter\Boot::bootWeb(Object(Config\Paths))
#14 {main}
CRITICAL - 2025-06-10 06:43:26 --> CodeIgniter\Database\Exceptions\DatabaseException: Table 'bd_benitez_lopez.reseñas' doesn't exist
[Method: GET, Route: productos/38]
in SYSTEMPATH\Database\BaseConnection.php on line 692.
 1 SYSTEMPATH\Database\BaseBuilder.php(1649): CodeIgniter\Database\BaseConnection->query('SELECT *
FROM `reseñas`
WHERE `producto_id` = :producto_id:
ORDER BY `fecha` DESC', [...], false)
 2 SYSTEMPATH\Model.php(286): CodeIgniter\Database\BaseBuilder->get()
 3 SYSTEMPATH\BaseModel.php(675): CodeIgniter\Model->doFindAll(0, 0)
 4 APPPATH\Models\ResenaModel.php(19): CodeIgniter\BaseModel->findAll()
 5 APPPATH\Controllers\ProductoController.php(406): App\Models\ResenaModel->getResenasProducto('38')
 6 SYSTEMPATH\CodeIgniter.php(933): App\Controllers\ProductoController->detalle('38')
 7 SYSTEMPATH\CodeIgniter.php(507): CodeIgniter\CodeIgniter->runController(Object(App\Controllers\ProductoController))
 8 SYSTEMPATH\CodeIgniter.php(354): CodeIgniter\CodeIgniter->handleRequest(null, Object(Config\Cache), false)
 9 SYSTEMPATH\Boot.php(334): CodeIgniter\CodeIgniter->run()
10 SYSTEMPATH\Boot.php(67): CodeIgniter\Boot::runCodeIgniter(Object(CodeIgniter\CodeIgniter))
11 FCPATH\index.php(56): CodeIgniter\Boot::bootWeb(Object(Config\Paths))
CRITICAL - 2025-06-10 06:43:26 --> [Caused by] CodeIgniter\Database\Exceptions\DatabaseException: Table 'bd_benitez_lopez.reseñas' doesn't exist
in SYSTEMPATH\Database\MySQLi\Connection.php on line 332.
 1 SYSTEMPATH\Database\BaseConnection.php(738): CodeIgniter\Database\MySQLi\Connection->execute('SELECT *
FROM `reseñas`
WHERE `producto_id` = \'38\'
ORDER BY `fecha` DESC')
 2 SYSTEMPATH\Database\BaseConnection.php(652): CodeIgniter\Database\BaseConnection->simpleQuery('SELECT *
FROM `reseñas`
WHERE `producto_id` = \'38\'
ORDER BY `fecha` DESC')
 3 SYSTEMPATH\Database\BaseBuilder.php(1649): CodeIgniter\Database\BaseConnection->query('SELECT *
FROM `reseñas`
WHERE `producto_id` = :producto_id:
ORDER BY `fecha` DESC', [...], false)
 4 SYSTEMPATH\Model.php(286): CodeIgniter\Database\BaseBuilder->get()
 5 SYSTEMPATH\BaseModel.php(675): CodeIgniter\Model->doFindAll(0, 0)
 6 APPPATH\Models\ResenaModel.php(19): CodeIgniter\BaseModel->findAll()
 7 APPPATH\Controllers\ProductoController.php(406): App\Models\ResenaModel->getResenasProducto('38')
 8 SYSTEMPATH\CodeIgniter.php(933): App\Controllers\ProductoController->detalle('38')
 9 SYSTEMPATH\CodeIgniter.php(507): CodeIgniter\CodeIgniter->runController(Object(App\Controllers\ProductoController))
10 SYSTEMPATH\CodeIgniter.php(354): CodeIgniter\CodeIgniter->handleRequest(null, Object(Config\Cache), false)
11 SYSTEMPATH\Boot.php(334): CodeIgniter\CodeIgniter->run()
12 SYSTEMPATH\Boot.php(67): CodeIgniter\Boot::runCodeIgniter(Object(CodeIgniter\CodeIgniter))
13 FCPATH\index.php(56): CodeIgniter\Boot::bootWeb(Object(Config\Paths))
CRITICAL - 2025-06-10 06:43:26 --> [Caused by] mysqli_sql_exception: Table 'bd_benitez_lopez.reseñas' doesn't exist
in SYSTEMPATH\Database\MySQLi\Connection.php on line 327.
 1 SYSTEMPATH\Database\MySQLi\Connection.php(327): mysqli->query('SELECT *
FROM `reseñas`
WHERE `producto_id` = \'38\'
ORDER BY `fecha` DESC', 0)
 2 SYSTEMPATH\Database\BaseConnection.php(738): CodeIgniter\Database\MySQLi\Connection->execute('SELECT *
FROM `reseñas`
WHERE `producto_id` = \'38\'
ORDER BY `fecha` DESC')
 3 SYSTEMPATH\Database\BaseConnection.php(652): CodeIgniter\Database\BaseConnection->simpleQuery('SELECT *
FROM `reseñas`
WHERE `producto_id` = \'38\'
ORDER BY `fecha` DESC')
 4 SYSTEMPATH\Database\BaseBuilder.php(1649): CodeIgniter\Database\BaseConnection->query('SELECT *
FROM `reseñas`
WHERE `producto_id` = :producto_id:
ORDER BY `fecha` DESC', [...], false)
 5 SYSTEMPATH\Model.php(286): CodeIgniter\Database\BaseBuilder->get()
 6 SYSTEMPATH\BaseModel.php(675): CodeIgniter\Model->doFindAll(0, 0)
 7 APPPATH\Models\ResenaModel.php(19): CodeIgniter\BaseModel->findAll()
 8 APPPATH\Controllers\ProductoController.php(406): App\Models\ResenaModel->getResenasProducto('38')
 9 SYSTEMPATH\CodeIgniter.php(933): App\Controllers\ProductoController->detalle('38')
10 SYSTEMPATH\CodeIgniter.php(507): CodeIgniter\CodeIgniter->runController(Object(App\Controllers\ProductoController))
11 SYSTEMPATH\CodeIgniter.php(354): CodeIgniter\CodeIgniter->handleRequest(null, Object(Config\Cache), false)
12 SYSTEMPATH\Boot.php(334): CodeIgniter\CodeIgniter->run()
13 SYSTEMPATH\Boot.php(67): CodeIgniter\Boot::runCodeIgniter(Object(CodeIgniter\CodeIgniter))
14 FCPATH\index.php(56): CodeIgniter\Boot::bootWeb(Object(Config\Paths))
CRITICAL - 2025-06-10 06:57:39 --> Error: Class "App\Models\ProductoMediaModel" not found
[Method: GET, Route: admin/productos/listar]
in APPPATH\Controllers\ProductoController.php on line 21.
 1 SYSTEMPATH\CodeIgniter.php(903): App\Controllers\ProductoController->__construct()
 2 SYSTEMPATH\CodeIgniter.php(498): CodeIgniter\CodeIgniter->createController()
 3 SYSTEMPATH\CodeIgniter.php(354): CodeIgniter\CodeIgniter->handleRequest(null, Object(Config\Cache), false)
 4 SYSTEMPATH\Boot.php(334): CodeIgniter\CodeIgniter->run()
 5 SYSTEMPATH\Boot.php(67): CodeIgniter\Boot::runCodeIgniter(Object(CodeIgniter\CodeIgniter))
 6 FCPATH\index.php(56): CodeIgniter\Boot::bootWeb(Object(Config\Paths))
CRITICAL - 2025-06-10 06:57:40 --> Error: Class "App\Models\ProductoMediaModel" not found
[Method: GET, Route: admin/productos/listar]
in APPPATH\Controllers\ProductoController.php on line 21.
 1 SYSTEMPATH\CodeIgniter.php(903): App\Controllers\ProductoController->__construct()
 2 SYSTEMPATH\CodeIgniter.php(498): CodeIgniter\CodeIgniter->createController()
 3 SYSTEMPATH\CodeIgniter.php(354): CodeIgniter\CodeIgniter->handleRequest(null, Object(Config\Cache), false)
 4 SYSTEMPATH\Boot.php(334): CodeIgniter\CodeIgniter->run()
 5 SYSTEMPATH\Boot.php(67): CodeIgniter\Boot::runCodeIgniter(Object(CodeIgniter\CodeIgniter))
 6 FCPATH\index.php(56): CodeIgniter\Boot::bootWeb(Object(Config\Paths))
CRITICAL - 2025-06-10 06:57:41 --> Error: Class "App\Models\ProductoMediaModel" not found
[Method: GET, Route: admin/productos/listar]
in APPPATH\Controllers\ProductoController.php on line 21.
 1 SYSTEMPATH\CodeIgniter.php(903): App\Controllers\ProductoController->__construct()
 2 SYSTEMPATH\CodeIgniter.php(498): CodeIgniter\CodeIgniter->createController()
 3 SYSTEMPATH\CodeIgniter.php(354): CodeIgniter\CodeIgniter->handleRequest(null, Object(Config\Cache), false)
 4 SYSTEMPATH\Boot.php(334): CodeIgniter\CodeIgniter->run()
 5 SYSTEMPATH\Boot.php(67): CodeIgniter\Boot::runCodeIgniter(Object(CodeIgniter\CodeIgniter))
 6 FCPATH\index.php(56): CodeIgniter\Boot::bootWeb(Object(Config\Paths))
CRITICAL - 2025-06-10 06:57:53 --> Error: Class "App\Models\ProductoMediaModel" not found
[Method: GET, Route: admin/productos/listar]
in APPPATH\Controllers\ProductoController.php on line 21.
 1 SYSTEMPATH\CodeIgniter.php(903): App\Controllers\ProductoController->__construct()
 2 SYSTEMPATH\CodeIgniter.php(498): CodeIgniter\CodeIgniter->createController()
 3 SYSTEMPATH\CodeIgniter.php(354): CodeIgniter\CodeIgniter->handleRequest(null, Object(Config\Cache), false)
 4 SYSTEMPATH\Boot.php(334): CodeIgniter\CodeIgniter->run()
 5 SYSTEMPATH\Boot.php(67): CodeIgniter\Boot::runCodeIgniter(Object(CodeIgniter\CodeIgniter))
 6 FCPATH\index.php(56): CodeIgniter\Boot::bootWeb(Object(Config\Paths))
CRITICAL - 2025-06-10 06:58:19 --> Error: Class "App\Models\ProductoMediaModel" not found
[Method: GET, Route: admin/productos/listar]
in APPPATH\Controllers\ProductoController.php on line 21.
 1 SYSTEMPATH\CodeIgniter.php(903): App\Controllers\ProductoController->__construct()
 2 SYSTEMPATH\CodeIgniter.php(498): CodeIgniter\CodeIgniter->createController()
 3 SYSTEMPATH\CodeIgniter.php(354): CodeIgniter\CodeIgniter->handleRequest(null, Object(Config\Cache), false)
 4 SYSTEMPATH\Boot.php(334): CodeIgniter\CodeIgniter->run()
 5 SYSTEMPATH\Boot.php(67): CodeIgniter\Boot::runCodeIgniter(Object(CodeIgniter\CodeIgniter))
 6 FCPATH\index.php(56): CodeIgniter\Boot::bootWeb(Object(Config\Paths))
CRITICAL - 2025-06-10 06:58:20 --> Error: Class "App\Models\ProductoMediaModel" not found
[Method: GET, Route: admin/productos/listar]
in APPPATH\Controllers\ProductoController.php on line 21.
 1 SYSTEMPATH\CodeIgniter.php(903): App\Controllers\ProductoController->__construct()
 2 SYSTEMPATH\CodeIgniter.php(498): CodeIgniter\CodeIgniter->createController()
 3 SYSTEMPATH\CodeIgniter.php(354): CodeIgniter\CodeIgniter->handleRequest(null, Object(Config\Cache), false)
 4 SYSTEMPATH\Boot.php(334): CodeIgniter\CodeIgniter->run()
 5 SYSTEMPATH\Boot.php(67): CodeIgniter\Boot::runCodeIgniter(Object(CodeIgniter\CodeIgniter))
 6 FCPATH\index.php(56): CodeIgniter\Boot::bootWeb(Object(Config\Paths))
CRITICAL - 2025-06-10 06:58:21 --> Error: Class "App\Models\ProductoMediaModel" not found
[Method: GET, Route: admin/productos/listar]
in APPPATH\Controllers\ProductoController.php on line 21.
 1 SYSTEMPATH\CodeIgniter.php(903): App\Controllers\ProductoController->__construct()
 2 SYSTEMPATH\CodeIgniter.php(498): CodeIgniter\CodeIgniter->createController()
 3 SYSTEMPATH\CodeIgniter.php(354): CodeIgniter\CodeIgniter->handleRequest(null, Object(Config\Cache), false)
 4 SYSTEMPATH\Boot.php(334): CodeIgniter\CodeIgniter->run()
 5 SYSTEMPATH\Boot.php(67): CodeIgniter\Boot::runCodeIgniter(Object(CodeIgniter\CodeIgniter))
 6 FCPATH\index.php(56): CodeIgniter\Boot::bootWeb(Object(Config\Paths))
CRITICAL - 2025-06-10 06:58:22 --> Error: Class "App\Models\ProductoMediaModel" not found
[Method: GET, Route: admin/productos/listar]
in APPPATH\Controllers\ProductoController.php on line 21.
 1 SYSTEMPATH\CodeIgniter.php(903): App\Controllers\ProductoController->__construct()
 2 SYSTEMPATH\CodeIgniter.php(498): CodeIgniter\CodeIgniter->createController()
 3 SYSTEMPATH\CodeIgniter.php(354): CodeIgniter\CodeIgniter->handleRequest(null, Object(Config\Cache), false)
 4 SYSTEMPATH\Boot.php(334): CodeIgniter\CodeIgniter->run()
 5 SYSTEMPATH\Boot.php(67): CodeIgniter\Boot::runCodeIgniter(Object(CodeIgniter\CodeIgniter))
 6 FCPATH\index.php(56): CodeIgniter\Boot::bootWeb(Object(Config\Paths))
CRITICAL - 2025-06-10 06:58:25 --> Error: Class "App\Models\ProductoMediaModel" not found
[Method: GET, Route: admin/productos/listar]
in APPPATH\Controllers\ProductoController.php on line 21.
 1 SYSTEMPATH\CodeIgniter.php(903): App\Controllers\ProductoController->__construct()
 2 SYSTEMPATH\CodeIgniter.php(498): CodeIgniter\CodeIgniter->createController()
 3 SYSTEMPATH\CodeIgniter.php(354): CodeIgniter\CodeIgniter->handleRequest(null, Object(Config\Cache), false)
 4 SYSTEMPATH\Boot.php(334): CodeIgniter\CodeIgniter->run()
 5 SYSTEMPATH\Boot.php(67): CodeIgniter\Boot::runCodeIgniter(Object(CodeIgniter\CodeIgniter))
 6 FCPATH\index.php(56): CodeIgniter\Boot::bootWeb(Object(Config\Paths))
CRITICAL - 2025-06-10 06:59:06 --> ParseError: syntax error, unexpected token "{"
[Method: GET, Route: admin/productos/listar]
in APPPATH\Controllers\ProductoController.php on line 164.
 1 SYSTEMPATH\Autoloader\Autoloader.php(295): CodeIgniter\Autoloader\Autoloader->includeFile('C:\\xampp\\htdocs\\proyecto_benitez_lopez\\app\\Controllers\\ProductoController.php')
 2 SYSTEMPATH\Autoloader\Autoloader.php(271): CodeIgniter\Autoloader\Autoloader->loadInNamespace('App\\Controllers\\ProductoController')
 3 [internal function]: CodeIgniter\Autoloader\Autoloader->loadClass('App\\Controllers\\ProductoController')
 4 SYSTEMPATH\CodeIgniter.php(885): class_exists('\\App\\Controllers\\ProductoController', true)
 5 SYSTEMPATH\CodeIgniter.php(494): CodeIgniter\CodeIgniter->startController()
 6 SYSTEMPATH\CodeIgniter.php(354): CodeIgniter\CodeIgniter->handleRequest(null, Object(Config\Cache), false)
 7 SYSTEMPATH\Boot.php(334): CodeIgniter\CodeIgniter->run()
 8 SYSTEMPATH\Boot.php(67): CodeIgniter\Boot::runCodeIgniter(Object(CodeIgniter\CodeIgniter))
 9 FCPATH\index.php(56): CodeIgniter\Boot::bootWeb(Object(Config\Paths))
CRITICAL - 2025-06-10 06:59:59 --> Error: Class "App\Models\ProductoMediaModel" not found
[Method: GET, Route: admin/productos/listar]
in APPPATH\Controllers\ProductoController.php on line 21.
 1 SYSTEMPATH\CodeIgniter.php(903): App\Controllers\ProductoController->__construct()
 2 SYSTEMPATH\CodeIgniter.php(498): CodeIgniter\CodeIgniter->createController()
 3 SYSTEMPATH\CodeIgniter.php(354): CodeIgniter\CodeIgniter->handleRequest(null, Object(Config\Cache), false)
 4 SYSTEMPATH\Boot.php(334): CodeIgniter\CodeIgniter->run()
 5 SYSTEMPATH\Boot.php(67): CodeIgniter\Boot::runCodeIgniter(Object(CodeIgniter\CodeIgniter))
 6 FCPATH\index.php(56): CodeIgniter\Boot::bootWeb(Object(Config\Paths))
CRITICAL - 2025-06-10 07:00:00 --> Error: Class "App\Models\ProductoMediaModel" not found
[Method: GET, Route: admin/productos/listar]
in APPPATH\Controllers\ProductoController.php on line 21.
 1 SYSTEMPATH\CodeIgniter.php(903): App\Controllers\ProductoController->__construct()
 2 SYSTEMPATH\CodeIgniter.php(498): CodeIgniter\CodeIgniter->createController()
 3 SYSTEMPATH\CodeIgniter.php(354): CodeIgniter\CodeIgniter->handleRequest(null, Object(Config\Cache), false)
 4 SYSTEMPATH\Boot.php(334): CodeIgniter\CodeIgniter->run()
 5 SYSTEMPATH\Boot.php(67): CodeIgniter\Boot::runCodeIgniter(Object(CodeIgniter\CodeIgniter))
 6 FCPATH\index.php(56): CodeIgniter\Boot::bootWeb(Object(Config\Paths))
CRITICAL - 2025-06-10 07:00:13 --> Error: Class "App\Models\ProductoMediaModel" not found
[Method: GET, Route: admin/productos/listar]
in APPPATH\Controllers\ProductoController.php on line 21.
 1 SYSTEMPATH\CodeIgniter.php(903): App\Controllers\ProductoController->__construct()
 2 SYSTEMPATH\CodeIgniter.php(498): CodeIgniter\CodeIgniter->createController()
 3 SYSTEMPATH\CodeIgniter.php(354): CodeIgniter\CodeIgniter->handleRequest(null, Object(Config\Cache), false)
 4 SYSTEMPATH\Boot.php(334): CodeIgniter\CodeIgniter->run()
 5 SYSTEMPATH\Boot.php(67): CodeIgniter\Boot::runCodeIgniter(Object(CodeIgniter\CodeIgniter))
 6 FCPATH\index.php(56): CodeIgniter\Boot::bootWeb(Object(Config\Paths))
ERROR - 2025-06-10 07:41:15 --> mysqli_sql_exception: Table 'bd_benitez_lopez.reseñas' doesn't exist in C:\xampp\htdocs\proyecto_benitez_lopez\system\Database\MySQLi\Connection.php:327
Stack trace:
#0 C:\xampp\htdocs\proyecto_benitez_lopez\system\Database\MySQLi\Connection.php(327): mysqli->query('SELECT *\nFROM `...', 0)
#1 C:\xampp\htdocs\proyecto_benitez_lopez\system\Database\BaseConnection.php(738): CodeIgniter\Database\MySQLi\Connection->execute('SELECT *\nFROM `...')
#2 C:\xampp\htdocs\proyecto_benitez_lopez\system\Database\BaseConnection.php(652): CodeIgniter\Database\BaseConnection->simpleQuery('SELECT *\nFROM `...')
#3 C:\xampp\htdocs\proyecto_benitez_lopez\system\Database\BaseBuilder.php(1649): CodeIgniter\Database\BaseConnection->query('SELECT *\nFROM `...', Array, false)
#4 C:\xampp\htdocs\proyecto_benitez_lopez\system\Model.php(286): CodeIgniter\Database\BaseBuilder->get()
#5 C:\xampp\htdocs\proyecto_benitez_lopez\system\BaseModel.php(675): CodeIgniter\Model->doFindAll(0, 0)
#6 C:\xampp\htdocs\proyecto_benitez_lopez\app\Models\ResenaModel.php(19): CodeIgniter\BaseModel->findAll()
#7 C:\xampp\htdocs\proyecto_benitez_lopez\app\Controllers\ProductoController.php(43): App\Models\ResenaModel->getResenasProducto('4')
#8 C:\xampp\htdocs\proyecto_benitez_lopez\system\CodeIgniter.php(933): App\Controllers\ProductoController->detalle('4')
#9 C:\xampp\htdocs\proyecto_benitez_lopez\system\CodeIgniter.php(507): CodeIgniter\CodeIgniter->runController(Object(App\Controllers\ProductoController))
#10 C:\xampp\htdocs\proyecto_benitez_lopez\system\CodeIgniter.php(354): CodeIgniter\CodeIgniter->handleRequest(NULL, Object(Config\Cache), false)
#11 C:\xampp\htdocs\proyecto_benitez_lopez\system\Boot.php(334): CodeIgniter\CodeIgniter->run()
#12 C:\xampp\htdocs\proyecto_benitez_lopez\system\Boot.php(67): CodeIgniter\Boot::runCodeIgniter(Object(CodeIgniter\CodeIgniter))
#13 C:\xampp\htdocs\proyecto_benitez_lopez\index.php(56): CodeIgniter\Boot::bootWeb(Object(Config\Paths))
#14 {main}
CRITICAL - 2025-06-10 07:41:15 --> CodeIgniter\Database\Exceptions\DatabaseException: Table 'bd_benitez_lopez.reseñas' doesn't exist
[Method: GET, Route: productos/4]
in SYSTEMPATH\Database\BaseConnection.php on line 692.
 1 SYSTEMPATH\Database\BaseBuilder.php(1649): CodeIgniter\Database\BaseConnection->query('SELECT *
FROM `reseñas`
WHERE `producto_id` = :producto_id:
ORDER BY `fecha` DESC', [...], false)
 2 SYSTEMPATH\Model.php(286): CodeIgniter\Database\BaseBuilder->get()
 3 SYSTEMPATH\BaseModel.php(675): CodeIgniter\Model->doFindAll(0, 0)
 4 APPPATH\Models\ResenaModel.php(19): CodeIgniter\BaseModel->findAll()
 5 APPPATH\Controllers\ProductoController.php(43): App\Models\ResenaModel->getResenasProducto('4')
 6 SYSTEMPATH\CodeIgniter.php(933): App\Controllers\ProductoController->detalle('4')
 7 SYSTEMPATH\CodeIgniter.php(507): CodeIgniter\CodeIgniter->runController(Object(App\Controllers\ProductoController))
 8 SYSTEMPATH\CodeIgniter.php(354): CodeIgniter\CodeIgniter->handleRequest(null, Object(Config\Cache), false)
 9 SYSTEMPATH\Boot.php(334): CodeIgniter\CodeIgniter->run()
10 SYSTEMPATH\Boot.php(67): CodeIgniter\Boot::runCodeIgniter(Object(CodeIgniter\CodeIgniter))
11 FCPATH\index.php(56): CodeIgniter\Boot::bootWeb(Object(Config\Paths))
CRITICAL - 2025-06-10 07:41:15 --> [Caused by] CodeIgniter\Database\Exceptions\DatabaseException: Table 'bd_benitez_lopez.reseñas' doesn't exist
in SYSTEMPATH\Database\MySQLi\Connection.php on line 332.
 1 SYSTEMPATH\Database\BaseConnection.php(738): CodeIgniter\Database\MySQLi\Connection->execute('SELECT *
FROM `reseñas`
WHERE `producto_id` = \'4\'
ORDER BY `fecha` DESC')
 2 SYSTEMPATH\Database\BaseConnection.php(652): CodeIgniter\Database\BaseConnection->simpleQuery('SELECT *
FROM `reseñas`
WHERE `producto_id` = \'4\'
ORDER BY `fecha` DESC')
 3 SYSTEMPATH\Database\BaseBuilder.php(1649): CodeIgniter\Database\BaseConnection->query('SELECT *
FROM `reseñas`
WHERE `producto_id` = :producto_id:
ORDER BY `fecha` DESC', [...], false)
 4 SYSTEMPATH\Model.php(286): CodeIgniter\Database\BaseBuilder->get()
 5 SYSTEMPATH\BaseModel.php(675): CodeIgniter\Model->doFindAll(0, 0)
 6 APPPATH\Models\ResenaModel.php(19): CodeIgniter\BaseModel->findAll()
 7 APPPATH\Controllers\ProductoController.php(43): App\Models\ResenaModel->getResenasProducto('4')
 8 SYSTEMPATH\CodeIgniter.php(933): App\Controllers\ProductoController->detalle('4')
 9 SYSTEMPATH\CodeIgniter.php(507): CodeIgniter\CodeIgniter->runController(Object(App\Controllers\ProductoController))
10 SYSTEMPATH\CodeIgniter.php(354): CodeIgniter\CodeIgniter->handleRequest(null, Object(Config\Cache), false)
11 SYSTEMPATH\Boot.php(334): CodeIgniter\CodeIgniter->run()
12 SYSTEMPATH\Boot.php(67): CodeIgniter\Boot::runCodeIgniter(Object(CodeIgniter\CodeIgniter))
13 FCPATH\index.php(56): CodeIgniter\Boot::bootWeb(Object(Config\Paths))
CRITICAL - 2025-06-10 07:41:15 --> [Caused by] mysqli_sql_exception: Table 'bd_benitez_lopez.reseñas' doesn't exist
in SYSTEMPATH\Database\MySQLi\Connection.php on line 327.
 1 SYSTEMPATH\Database\MySQLi\Connection.php(327): mysqli->query('SELECT *
FROM `reseñas`
WHERE `producto_id` = \'4\'
ORDER BY `fecha` DESC', 0)
 2 SYSTEMPATH\Database\BaseConnection.php(738): CodeIgniter\Database\MySQLi\Connection->execute('SELECT *
FROM `reseñas`
WHERE `producto_id` = \'4\'
ORDER BY `fecha` DESC')
 3 SYSTEMPATH\Database\BaseConnection.php(652): CodeIgniter\Database\BaseConnection->simpleQuery('SELECT *
FROM `reseñas`
WHERE `producto_id` = \'4\'
ORDER BY `fecha` DESC')
 4 SYSTEMPATH\Database\BaseBuilder.php(1649): CodeIgniter\Database\BaseConnection->query('SELECT *
FROM `reseñas`
WHERE `producto_id` = :producto_id:
ORDER BY `fecha` DESC', [...], false)
 5 SYSTEMPATH\Model.php(286): CodeIgniter\Database\BaseBuilder->get()
 6 SYSTEMPATH\BaseModel.php(675): CodeIgniter\Model->doFindAll(0, 0)
 7 APPPATH\Models\ResenaModel.php(19): CodeIgniter\BaseModel->findAll()
 8 APPPATH\Controllers\ProductoController.php(43): App\Models\ResenaModel->getResenasProducto('4')
 9 SYSTEMPATH\CodeIgniter.php(933): App\Controllers\ProductoController->detalle('4')
10 SYSTEMPATH\CodeIgniter.php(507): CodeIgniter\CodeIgniter->runController(Object(App\Controllers\ProductoController))
11 SYSTEMPATH\CodeIgniter.php(354): CodeIgniter\CodeIgniter->handleRequest(null, Object(Config\Cache), false)
12 SYSTEMPATH\Boot.php(334): CodeIgniter\CodeIgniter->run()
13 SYSTEMPATH\Boot.php(67): CodeIgniter\Boot::runCodeIgniter(Object(CodeIgniter\CodeIgniter))
14 FCPATH\index.php(56): CodeIgniter\Boot::bootWeb(Object(Config\Paths))
ERROR - 2025-06-10 07:41:20 --> mysqli_sql_exception: Table 'bd_benitez_lopez.reseñas' doesn't exist in C:\xampp\htdocs\proyecto_benitez_lopez\system\Database\MySQLi\Connection.php:327
Stack trace:
#0 C:\xampp\htdocs\proyecto_benitez_lopez\system\Database\MySQLi\Connection.php(327): mysqli->query('SELECT *\nFROM `...', 0)
#1 C:\xampp\htdocs\proyecto_benitez_lopez\system\Database\BaseConnection.php(738): CodeIgniter\Database\MySQLi\Connection->execute('SELECT *\nFROM `...')
#2 C:\xampp\htdocs\proyecto_benitez_lopez\system\Database\BaseConnection.php(652): CodeIgniter\Database\BaseConnection->simpleQuery('SELECT *\nFROM `...')
#3 C:\xampp\htdocs\proyecto_benitez_lopez\system\Database\BaseBuilder.php(1649): CodeIgniter\Database\BaseConnection->query('SELECT *\nFROM `...', Array, false)
#4 C:\xampp\htdocs\proyecto_benitez_lopez\system\Model.php(286): CodeIgniter\Database\BaseBuilder->get()
#5 C:\xampp\htdocs\proyecto_benitez_lopez\system\BaseModel.php(675): CodeIgniter\Model->doFindAll(0, 0)
#6 C:\xampp\htdocs\proyecto_benitez_lopez\app\Models\ResenaModel.php(19): CodeIgniter\BaseModel->findAll()
#7 C:\xampp\htdocs\proyecto_benitez_lopez\app\Controllers\ProductoController.php(43): App\Models\ResenaModel->getResenasProducto('1')
#8 C:\xampp\htdocs\proyecto_benitez_lopez\system\CodeIgniter.php(933): App\Controllers\ProductoController->detalle('1')
#9 C:\xampp\htdocs\proyecto_benitez_lopez\system\CodeIgniter.php(507): CodeIgniter\CodeIgniter->runController(Object(App\Controllers\ProductoController))
#10 C:\xampp\htdocs\proyecto_benitez_lopez\system\CodeIgniter.php(354): CodeIgniter\CodeIgniter->handleRequest(NULL, Object(Config\Cache), false)
#11 C:\xampp\htdocs\proyecto_benitez_lopez\system\Boot.php(334): CodeIgniter\CodeIgniter->run()
#12 C:\xampp\htdocs\proyecto_benitez_lopez\system\Boot.php(67): CodeIgniter\Boot::runCodeIgniter(Object(CodeIgniter\CodeIgniter))
#13 C:\xampp\htdocs\proyecto_benitez_lopez\index.php(56): CodeIgniter\Boot::bootWeb(Object(Config\Paths))
#14 {main}
CRITICAL - 2025-06-10 07:41:20 --> CodeIgniter\Database\Exceptions\DatabaseException: Table 'bd_benitez_lopez.reseñas' doesn't exist
[Method: GET, Route: productos/1]
in SYSTEMPATH\Database\BaseConnection.php on line 692.
 1 SYSTEMPATH\Database\BaseBuilder.php(1649): CodeIgniter\Database\BaseConnection->query('SELECT *
FROM `reseñas`
WHERE `producto_id` = :producto_id:
ORDER BY `fecha` DESC', [...], false)
 2 SYSTEMPATH\Model.php(286): CodeIgniter\Database\BaseBuilder->get()
 3 SYSTEMPATH\BaseModel.php(675): CodeIgniter\Model->doFindAll(0, 0)
 4 APPPATH\Models\ResenaModel.php(19): CodeIgniter\BaseModel->findAll()
 5 APPPATH\Controllers\ProductoController.php(43): App\Models\ResenaModel->getResenasProducto('1')
 6 SYSTEMPATH\CodeIgniter.php(933): App\Controllers\ProductoController->detalle('1')
 7 SYSTEMPATH\CodeIgniter.php(507): CodeIgniter\CodeIgniter->runController(Object(App\Controllers\ProductoController))
 8 SYSTEMPATH\CodeIgniter.php(354): CodeIgniter\CodeIgniter->handleRequest(null, Object(Config\Cache), false)
 9 SYSTEMPATH\Boot.php(334): CodeIgniter\CodeIgniter->run()
10 SYSTEMPATH\Boot.php(67): CodeIgniter\Boot::runCodeIgniter(Object(CodeIgniter\CodeIgniter))
11 FCPATH\index.php(56): CodeIgniter\Boot::bootWeb(Object(Config\Paths))
CRITICAL - 2025-06-10 07:41:20 --> [Caused by] CodeIgniter\Database\Exceptions\DatabaseException: Table 'bd_benitez_lopez.reseñas' doesn't exist
in SYSTEMPATH\Database\MySQLi\Connection.php on line 332.
 1 SYSTEMPATH\Database\BaseConnection.php(738): CodeIgniter\Database\MySQLi\Connection->execute('SELECT *
FROM `reseñas`
WHERE `producto_id` = \'1\'
ORDER BY `fecha` DESC')
 2 SYSTEMPATH\Database\BaseConnection.php(652): CodeIgniter\Database\BaseConnection->simpleQuery('SELECT *
FROM `reseñas`
WHERE `producto_id` = \'1\'
ORDER BY `fecha` DESC')
 3 SYSTEMPATH\Database\BaseBuilder.php(1649): CodeIgniter\Database\BaseConnection->query('SELECT *
FROM `reseñas`
WHERE `producto_id` = :producto_id:
ORDER BY `fecha` DESC', [...], false)
 4 SYSTEMPATH\Model.php(286): CodeIgniter\Database\BaseBuilder->get()
 5 SYSTEMPATH\BaseModel.php(675): CodeIgniter\Model->doFindAll(0, 0)
 6 APPPATH\Models\ResenaModel.php(19): CodeIgniter\BaseModel->findAll()
 7 APPPATH\Controllers\ProductoController.php(43): App\Models\ResenaModel->getResenasProducto('1')
 8 SYSTEMPATH\CodeIgniter.php(933): App\Controllers\ProductoController->detalle('1')
 9 SYSTEMPATH\CodeIgniter.php(507): CodeIgniter\CodeIgniter->runController(Object(App\Controllers\ProductoController))
10 SYSTEMPATH\CodeIgniter.php(354): CodeIgniter\CodeIgniter->handleRequest(null, Object(Config\Cache), false)
11 SYSTEMPATH\Boot.php(334): CodeIgniter\CodeIgniter->run()
12 SYSTEMPATH\Boot.php(67): CodeIgniter\Boot::runCodeIgniter(Object(CodeIgniter\CodeIgniter))
13 FCPATH\index.php(56): CodeIgniter\Boot::bootWeb(Object(Config\Paths))
CRITICAL - 2025-06-10 07:41:20 --> [Caused by] mysqli_sql_exception: Table 'bd_benitez_lopez.reseñas' doesn't exist
in SYSTEMPATH\Database\MySQLi\Connection.php on line 327.
 1 SYSTEMPATH\Database\MySQLi\Connection.php(327): mysqli->query('SELECT *
FROM `reseñas`
WHERE `producto_id` = \'1\'
ORDER BY `fecha` DESC', 0)
 2 SYSTEMPATH\Database\BaseConnection.php(738): CodeIgniter\Database\MySQLi\Connection->execute('SELECT *
FROM `reseñas`
WHERE `producto_id` = \'1\'
ORDER BY `fecha` DESC')
 3 SYSTEMPATH\Database\BaseConnection.php(652): CodeIgniter\Database\BaseConnection->simpleQuery('SELECT *
FROM `reseñas`
WHERE `producto_id` = \'1\'
ORDER BY `fecha` DESC')
 4 SYSTEMPATH\Database\BaseBuilder.php(1649): CodeIgniter\Database\BaseConnection->query('SELECT *
FROM `reseñas`
WHERE `producto_id` = :producto_id:
ORDER BY `fecha` DESC', [...], false)
 5 SYSTEMPATH\Model.php(286): CodeIgniter\Database\BaseBuilder->get()
 6 SYSTEMPATH\BaseModel.php(675): CodeIgniter\Model->doFindAll(0, 0)
 7 APPPATH\Models\ResenaModel.php(19): CodeIgniter\BaseModel->findAll()
 8 APPPATH\Controllers\ProductoController.php(43): App\Models\ResenaModel->getResenasProducto('1')
 9 SYSTEMPATH\CodeIgniter.php(933): App\Controllers\ProductoController->detalle('1')
10 SYSTEMPATH\CodeIgniter.php(507): CodeIgniter\CodeIgniter->runController(Object(App\Controllers\ProductoController))
11 SYSTEMPATH\CodeIgniter.php(354): CodeIgniter\CodeIgniter->handleRequest(null, Object(Config\Cache), false)
12 SYSTEMPATH\Boot.php(334): CodeIgniter\CodeIgniter->run()
13 SYSTEMPATH\Boot.php(67): CodeIgniter\Boot::runCodeIgniter(Object(CodeIgniter\CodeIgniter))
14 FCPATH\index.php(56): CodeIgniter\Boot::bootWeb(Object(Config\Paths))
ERROR - 2025-06-10 07:41:24 --> mysqli_sql_exception: Table 'bd_benitez_lopez.reseñas' doesn't exist in C:\xampp\htdocs\proyecto_benitez_lopez\system\Database\MySQLi\Connection.php:327
Stack trace:
#0 C:\xampp\htdocs\proyecto_benitez_lopez\system\Database\MySQLi\Connection.php(327): mysqli->query('SELECT *\nFROM `...', 0)
#1 C:\xampp\htdocs\proyecto_benitez_lopez\system\Database\BaseConnection.php(738): CodeIgniter\Database\MySQLi\Connection->execute('SELECT *\nFROM `...')
#2 C:\xampp\htdocs\proyecto_benitez_lopez\system\Database\BaseConnection.php(652): CodeIgniter\Database\BaseConnection->simpleQuery('SELECT *\nFROM `...')
#3 C:\xampp\htdocs\proyecto_benitez_lopez\system\Database\BaseBuilder.php(1649): CodeIgniter\Database\BaseConnection->query('SELECT *\nFROM `...', Array, false)
#4 C:\xampp\htdocs\proyecto_benitez_lopez\system\Model.php(286): CodeIgniter\Database\BaseBuilder->get()
#5 C:\xampp\htdocs\proyecto_benitez_lopez\system\BaseModel.php(675): CodeIgniter\Model->doFindAll(0, 0)
#6 C:\xampp\htdocs\proyecto_benitez_lopez\app\Models\ResenaModel.php(19): CodeIgniter\BaseModel->findAll()
#7 C:\xampp\htdocs\proyecto_benitez_lopez\app\Controllers\ProductoController.php(43): App\Models\ResenaModel->getResenasProducto('6')
#8 C:\xampp\htdocs\proyecto_benitez_lopez\system\CodeIgniter.php(933): App\Controllers\ProductoController->detalle('6')
#9 C:\xampp\htdocs\proyecto_benitez_lopez\system\CodeIgniter.php(507): CodeIgniter\CodeIgniter->runController(Object(App\Controllers\ProductoController))
#10 C:\xampp\htdocs\proyecto_benitez_lopez\system\CodeIgniter.php(354): CodeIgniter\CodeIgniter->handleRequest(NULL, Object(Config\Cache), false)
#11 C:\xampp\htdocs\proyecto_benitez_lopez\system\Boot.php(334): CodeIgniter\CodeIgniter->run()
#12 C:\xampp\htdocs\proyecto_benitez_lopez\system\Boot.php(67): CodeIgniter\Boot::runCodeIgniter(Object(CodeIgniter\CodeIgniter))
#13 C:\xampp\htdocs\proyecto_benitez_lopez\index.php(56): CodeIgniter\Boot::bootWeb(Object(Config\Paths))
#14 {main}
CRITICAL - 2025-06-10 07:41:24 --> CodeIgniter\Database\Exceptions\DatabaseException: Table 'bd_benitez_lopez.reseñas' doesn't exist
[Method: GET, Route: productos/6]
in SYSTEMPATH\Database\BaseConnection.php on line 692.
 1 SYSTEMPATH\Database\BaseBuilder.php(1649): CodeIgniter\Database\BaseConnection->query('SELECT *
FROM `reseñas`
WHERE `producto_id` = :producto_id:
ORDER BY `fecha` DESC', [...], false)
 2 SYSTEMPATH\Model.php(286): CodeIgniter\Database\BaseBuilder->get()
 3 SYSTEMPATH\BaseModel.php(675): CodeIgniter\Model->doFindAll(0, 0)
 4 APPPATH\Models\ResenaModel.php(19): CodeIgniter\BaseModel->findAll()
 5 APPPATH\Controllers\ProductoController.php(43): App\Models\ResenaModel->getResenasProducto('6')
 6 SYSTEMPATH\CodeIgniter.php(933): App\Controllers\ProductoController->detalle('6')
 7 SYSTEMPATH\CodeIgniter.php(507): CodeIgniter\CodeIgniter->runController(Object(App\Controllers\ProductoController))
 8 SYSTEMPATH\CodeIgniter.php(354): CodeIgniter\CodeIgniter->handleRequest(null, Object(Config\Cache), false)
 9 SYSTEMPATH\Boot.php(334): CodeIgniter\CodeIgniter->run()
10 SYSTEMPATH\Boot.php(67): CodeIgniter\Boot::runCodeIgniter(Object(CodeIgniter\CodeIgniter))
11 FCPATH\index.php(56): CodeIgniter\Boot::bootWeb(Object(Config\Paths))
CRITICAL - 2025-06-10 07:41:24 --> [Caused by] CodeIgniter\Database\Exceptions\DatabaseException: Table 'bd_benitez_lopez.reseñas' doesn't exist
in SYSTEMPATH\Database\MySQLi\Connection.php on line 332.
 1 SYSTEMPATH\Database\BaseConnection.php(738): CodeIgniter\Database\MySQLi\Connection->execute('SELECT *
FROM `reseñas`
WHERE `producto_id` = \'6\'
ORDER BY `fecha` DESC')
 2 SYSTEMPATH\Database\BaseConnection.php(652): CodeIgniter\Database\BaseConnection->simpleQuery('SELECT *
FROM `reseñas`
WHERE `producto_id` = \'6\'
ORDER BY `fecha` DESC')
 3 SYSTEMPATH\Database\BaseBuilder.php(1649): CodeIgniter\Database\BaseConnection->query('SELECT *
FROM `reseñas`
WHERE `producto_id` = :producto_id:
ORDER BY `fecha` DESC', [...], false)
 4 SYSTEMPATH\Model.php(286): CodeIgniter\Database\BaseBuilder->get()
 5 SYSTEMPATH\BaseModel.php(675): CodeIgniter\Model->doFindAll(0, 0)
 6 APPPATH\Models\ResenaModel.php(19): CodeIgniter\BaseModel->findAll()
 7 APPPATH\Controllers\ProductoController.php(43): App\Models\ResenaModel->getResenasProducto('6')
 8 SYSTEMPATH\CodeIgniter.php(933): App\Controllers\ProductoController->detalle('6')
 9 SYSTEMPATH\CodeIgniter.php(507): CodeIgniter\CodeIgniter->runController(Object(App\Controllers\ProductoController))
10 SYSTEMPATH\CodeIgniter.php(354): CodeIgniter\CodeIgniter->handleRequest(null, Object(Config\Cache), false)
11 SYSTEMPATH\Boot.php(334): CodeIgniter\CodeIgniter->run()
12 SYSTEMPATH\Boot.php(67): CodeIgniter\Boot::runCodeIgniter(Object(CodeIgniter\CodeIgniter))
13 FCPATH\index.php(56): CodeIgniter\Boot::bootWeb(Object(Config\Paths))
CRITICAL - 2025-06-10 07:41:24 --> [Caused by] mysqli_sql_exception: Table 'bd_benitez_lopez.reseñas' doesn't exist
in SYSTEMPATH\Database\MySQLi\Connection.php on line 327.
 1 SYSTEMPATH\Database\MySQLi\Connection.php(327): mysqli->query('SELECT *
FROM `reseñas`
WHERE `producto_id` = \'6\'
ORDER BY `fecha` DESC', 0)
 2 SYSTEMPATH\Database\BaseConnection.php(738): CodeIgniter\Database\MySQLi\Connection->execute('SELECT *
FROM `reseñas`
WHERE `producto_id` = \'6\'
ORDER BY `fecha` DESC')
 3 SYSTEMPATH\Database\BaseConnection.php(652): CodeIgniter\Database\BaseConnection->simpleQuery('SELECT *
FROM `reseñas`
WHERE `producto_id` = \'6\'
ORDER BY `fecha` DESC')
 4 SYSTEMPATH\Database\BaseBuilder.php(1649): CodeIgniter\Database\BaseConnection->query('SELECT *
FROM `reseñas`
WHERE `producto_id` = :producto_id:
ORDER BY `fecha` DESC', [...], false)
 5 SYSTEMPATH\Model.php(286): CodeIgniter\Database\BaseBuilder->get()
 6 SYSTEMPATH\BaseModel.php(675): CodeIgniter\Model->doFindAll(0, 0)
 7 APPPATH\Models\ResenaModel.php(19): CodeIgniter\BaseModel->findAll()
 8 APPPATH\Controllers\ProductoController.php(43): App\Models\ResenaModel->getResenasProducto('6')
 9 SYSTEMPATH\CodeIgniter.php(933): App\Controllers\ProductoController->detalle('6')
10 SYSTEMPATH\CodeIgniter.php(507): CodeIgniter\CodeIgniter->runController(Object(App\Controllers\ProductoController))
11 SYSTEMPATH\CodeIgniter.php(354): CodeIgniter\CodeIgniter->handleRequest(null, Object(Config\Cache), false)
12 SYSTEMPATH\Boot.php(334): CodeIgniter\CodeIgniter->run()
13 SYSTEMPATH\Boot.php(67): CodeIgniter\Boot::runCodeIgniter(Object(CodeIgniter\CodeIgniter))
14 FCPATH\index.php(56): CodeIgniter\Boot::bootWeb(Object(Config\Paths))
ERROR - 2025-06-10 07:41:29 --> mysqli_sql_exception: Table 'bd_benitez_lopez.reseñas' doesn't exist in C:\xampp\htdocs\proyecto_benitez_lopez\system\Database\MySQLi\Connection.php:327
Stack trace:
#0 C:\xampp\htdocs\proyecto_benitez_lopez\system\Database\MySQLi\Connection.php(327): mysqli->query('SELECT *\nFROM `...', 0)
#1 C:\xampp\htdocs\proyecto_benitez_lopez\system\Database\BaseConnection.php(738): CodeIgniter\Database\MySQLi\Connection->execute('SELECT *\nFROM `...')
#2 C:\xampp\htdocs\proyecto_benitez_lopez\system\Database\BaseConnection.php(652): CodeIgniter\Database\BaseConnection->simpleQuery('SELECT *\nFROM `...')
#3 C:\xampp\htdocs\proyecto_benitez_lopez\system\Database\BaseBuilder.php(1649): CodeIgniter\Database\BaseConnection->query('SELECT *\nFROM `...', Array, false)
#4 C:\xampp\htdocs\proyecto_benitez_lopez\system\Model.php(286): CodeIgniter\Database\BaseBuilder->get()
#5 C:\xampp\htdocs\proyecto_benitez_lopez\system\BaseModel.php(675): CodeIgniter\Model->doFindAll(0, 0)
#6 C:\xampp\htdocs\proyecto_benitez_lopez\app\Models\ResenaModel.php(19): CodeIgniter\BaseModel->findAll()
#7 C:\xampp\htdocs\proyecto_benitez_lopez\app\Controllers\ProductoController.php(43): App\Models\ResenaModel->getResenasProducto('11')
#8 C:\xampp\htdocs\proyecto_benitez_lopez\system\CodeIgniter.php(933): App\Controllers\ProductoController->detalle('11')
#9 C:\xampp\htdocs\proyecto_benitez_lopez\system\CodeIgniter.php(507): CodeIgniter\CodeIgniter->runController(Object(App\Controllers\ProductoController))
#10 C:\xampp\htdocs\proyecto_benitez_lopez\system\CodeIgniter.php(354): CodeIgniter\CodeIgniter->handleRequest(NULL, Object(Config\Cache), false)
#11 C:\xampp\htdocs\proyecto_benitez_lopez\system\Boot.php(334): CodeIgniter\CodeIgniter->run()
#12 C:\xampp\htdocs\proyecto_benitez_lopez\system\Boot.php(67): CodeIgniter\Boot::runCodeIgniter(Object(CodeIgniter\CodeIgniter))
#13 C:\xampp\htdocs\proyecto_benitez_lopez\index.php(56): CodeIgniter\Boot::bootWeb(Object(Config\Paths))
#14 {main}
CRITICAL - 2025-06-10 07:41:29 --> CodeIgniter\Database\Exceptions\DatabaseException: Table 'bd_benitez_lopez.reseñas' doesn't exist
[Method: GET, Route: productos/11]
in SYSTEMPATH\Database\BaseConnection.php on line 692.
 1 SYSTEMPATH\Database\BaseBuilder.php(1649): CodeIgniter\Database\BaseConnection->query('SELECT *
FROM `reseñas`
WHERE `producto_id` = :producto_id:
ORDER BY `fecha` DESC', [...], false)
 2 SYSTEMPATH\Model.php(286): CodeIgniter\Database\BaseBuilder->get()
 3 SYSTEMPATH\BaseModel.php(675): CodeIgniter\Model->doFindAll(0, 0)
 4 APPPATH\Models\ResenaModel.php(19): CodeIgniter\BaseModel->findAll()
 5 APPPATH\Controllers\ProductoController.php(43): App\Models\ResenaModel->getResenasProducto('11')
 6 SYSTEMPATH\CodeIgniter.php(933): App\Controllers\ProductoController->detalle('11')
 7 SYSTEMPATH\CodeIgniter.php(507): CodeIgniter\CodeIgniter->runController(Object(App\Controllers\ProductoController))
 8 SYSTEMPATH\CodeIgniter.php(354): CodeIgniter\CodeIgniter->handleRequest(null, Object(Config\Cache), false)
 9 SYSTEMPATH\Boot.php(334): CodeIgniter\CodeIgniter->run()
10 SYSTEMPATH\Boot.php(67): CodeIgniter\Boot::runCodeIgniter(Object(CodeIgniter\CodeIgniter))
11 FCPATH\index.php(56): CodeIgniter\Boot::bootWeb(Object(Config\Paths))
CRITICAL - 2025-06-10 07:41:29 --> [Caused by] CodeIgniter\Database\Exceptions\DatabaseException: Table 'bd_benitez_lopez.reseñas' doesn't exist
in SYSTEMPATH\Database\MySQLi\Connection.php on line 332.
 1 SYSTEMPATH\Database\BaseConnection.php(738): CodeIgniter\Database\MySQLi\Connection->execute('SELECT *
FROM `reseñas`
WHERE `producto_id` = \'11\'
ORDER BY `fecha` DESC')
 2 SYSTEMPATH\Database\BaseConnection.php(652): CodeIgniter\Database\BaseConnection->simpleQuery('SELECT *
FROM `reseñas`
WHERE `producto_id` = \'11\'
ORDER BY `fecha` DESC')
 3 SYSTEMPATH\Database\BaseBuilder.php(1649): CodeIgniter\Database\BaseConnection->query('SELECT *
FROM `reseñas`
WHERE `producto_id` = :producto_id:
ORDER BY `fecha` DESC', [...], false)
 4 SYSTEMPATH\Model.php(286): CodeIgniter\Database\BaseBuilder->get()
 5 SYSTEMPATH\BaseModel.php(675): CodeIgniter\Model->doFindAll(0, 0)
 6 APPPATH\Models\ResenaModel.php(19): CodeIgniter\BaseModel->findAll()
 7 APPPATH\Controllers\ProductoController.php(43): App\Models\ResenaModel->getResenasProducto('11')
 8 SYSTEMPATH\CodeIgniter.php(933): App\Controllers\ProductoController->detalle('11')
 9 SYSTEMPATH\CodeIgniter.php(507): CodeIgniter\CodeIgniter->runController(Object(App\Controllers\ProductoController))
10 SYSTEMPATH\CodeIgniter.php(354): CodeIgniter\CodeIgniter->handleRequest(null, Object(Config\Cache), false)
11 SYSTEMPATH\Boot.php(334): CodeIgniter\CodeIgniter->run()
12 SYSTEMPATH\Boot.php(67): CodeIgniter\Boot::runCodeIgniter(Object(CodeIgniter\CodeIgniter))
13 FCPATH\index.php(56): CodeIgniter\Boot::bootWeb(Object(Config\Paths))
CRITICAL - 2025-06-10 07:41:29 --> [Caused by] mysqli_sql_exception: Table 'bd_benitez_lopez.reseñas' doesn't exist
in SYSTEMPATH\Database\MySQLi\Connection.php on line 327.
 1 SYSTEMPATH\Database\MySQLi\Connection.php(327): mysqli->query('SELECT *
FROM `reseñas`
WHERE `producto_id` = \'11\'
ORDER BY `fecha` DESC', 0)
 2 SYSTEMPATH\Database\BaseConnection.php(738): CodeIgniter\Database\MySQLi\Connection->execute('SELECT *
FROM `reseñas`
WHERE `producto_id` = \'11\'
ORDER BY `fecha` DESC')
 3 SYSTEMPATH\Database\BaseConnection.php(652): CodeIgniter\Database\BaseConnection->simpleQuery('SELECT *
FROM `reseñas`
WHERE `producto_id` = \'11\'
ORDER BY `fecha` DESC')
 4 SYSTEMPATH\Database\BaseBuilder.php(1649): CodeIgniter\Database\BaseConnection->query('SELECT *
FROM `reseñas`
WHERE `producto_id` = :producto_id:
ORDER BY `fecha` DESC', [...], false)
 5 SYSTEMPATH\Model.php(286): CodeIgniter\Database\BaseBuilder->get()
 6 SYSTEMPATH\BaseModel.php(675): CodeIgniter\Model->doFindAll(0, 0)
 7 APPPATH\Models\ResenaModel.php(19): CodeIgniter\BaseModel->findAll()
 8 APPPATH\Controllers\ProductoController.php(43): App\Models\ResenaModel->getResenasProducto('11')
 9 SYSTEMPATH\CodeIgniter.php(933): App\Controllers\ProductoController->detalle('11')
10 SYSTEMPATH\CodeIgniter.php(507): CodeIgniter\CodeIgniter->runController(Object(App\Controllers\ProductoController))
11 SYSTEMPATH\CodeIgniter.php(354): CodeIgniter\CodeIgniter->handleRequest(null, Object(Config\Cache), false)
12 SYSTEMPATH\Boot.php(334): CodeIgniter\CodeIgniter->run()
13 SYSTEMPATH\Boot.php(67): CodeIgniter\Boot::runCodeIgniter(Object(CodeIgniter\CodeIgniter))
14 FCPATH\index.php(56): CodeIgniter\Boot::bootWeb(Object(Config\Paths))
ERROR - 2025-06-10 07:42:38 --> mysqli_sql_exception: Table 'bd_benitez_lopez.reseñas' doesn't exist in C:\xampp\htdocs\proyecto_benitez_lopez\system\Database\MySQLi\Connection.php:327
Stack trace:
#0 C:\xampp\htdocs\proyecto_benitez_lopez\system\Database\MySQLi\Connection.php(327): mysqli->query('SELECT *\nFROM `...', 0)
#1 C:\xampp\htdocs\proyecto_benitez_lopez\system\Database\BaseConnection.php(738): CodeIgniter\Database\MySQLi\Connection->execute('SELECT *\nFROM `...')
#2 C:\xampp\htdocs\proyecto_benitez_lopez\system\Database\BaseConnection.php(652): CodeIgniter\Database\BaseConnection->simpleQuery('SELECT *\nFROM `...')
#3 C:\xampp\htdocs\proyecto_benitez_lopez\system\Database\BaseBuilder.php(1649): CodeIgniter\Database\BaseConnection->query('SELECT *\nFROM `...', Array, false)
#4 C:\xampp\htdocs\proyecto_benitez_lopez\system\Model.php(286): CodeIgniter\Database\BaseBuilder->get()
#5 C:\xampp\htdocs\proyecto_benitez_lopez\system\BaseModel.php(675): CodeIgniter\Model->doFindAll(0, 0)
#6 C:\xampp\htdocs\proyecto_benitez_lopez\app\Models\ResenaModel.php(19): CodeIgniter\BaseModel->findAll()
#7 C:\xampp\htdocs\proyecto_benitez_lopez\app\Controllers\ProductoController.php(43): App\Models\ResenaModel->getResenasProducto('11')
#8 C:\xampp\htdocs\proyecto_benitez_lopez\system\CodeIgniter.php(933): App\Controllers\ProductoController->detalle('11')
#9 C:\xampp\htdocs\proyecto_benitez_lopez\system\CodeIgniter.php(507): CodeIgniter\CodeIgniter->runController(Object(App\Controllers\ProductoController))
#10 C:\xampp\htdocs\proyecto_benitez_lopez\system\CodeIgniter.php(354): CodeIgniter\CodeIgniter->handleRequest(NULL, Object(Config\Cache), false)
#11 C:\xampp\htdocs\proyecto_benitez_lopez\system\Boot.php(334): CodeIgniter\CodeIgniter->run()
#12 C:\xampp\htdocs\proyecto_benitez_lopez\system\Boot.php(67): CodeIgniter\Boot::runCodeIgniter(Object(CodeIgniter\CodeIgniter))
#13 C:\xampp\htdocs\proyecto_benitez_lopez\index.php(56): CodeIgniter\Boot::bootWeb(Object(Config\Paths))
#14 {main}
CRITICAL - 2025-06-10 07:42:38 --> CodeIgniter\Database\Exceptions\DatabaseException: Table 'bd_benitez_lopez.reseñas' doesn't exist
[Method: GET, Route: productos/11]
in SYSTEMPATH\Database\BaseConnection.php on line 692.
 1 SYSTEMPATH\Database\BaseBuilder.php(1649): CodeIgniter\Database\BaseConnection->query('SELECT *
FROM `reseñas`
WHERE `producto_id` = :producto_id:
ORDER BY `fecha` DESC', [...], false)
 2 SYSTEMPATH\Model.php(286): CodeIgniter\Database\BaseBuilder->get()
 3 SYSTEMPATH\BaseModel.php(675): CodeIgniter\Model->doFindAll(0, 0)
 4 APPPATH\Models\ResenaModel.php(19): CodeIgniter\BaseModel->findAll()
 5 APPPATH\Controllers\ProductoController.php(43): App\Models\ResenaModel->getResenasProducto('11')
 6 SYSTEMPATH\CodeIgniter.php(933): App\Controllers\ProductoController->detalle('11')
 7 SYSTEMPATH\CodeIgniter.php(507): CodeIgniter\CodeIgniter->runController(Object(App\Controllers\ProductoController))
 8 SYSTEMPATH\CodeIgniter.php(354): CodeIgniter\CodeIgniter->handleRequest(null, Object(Config\Cache), false)
 9 SYSTEMPATH\Boot.php(334): CodeIgniter\CodeIgniter->run()
10 SYSTEMPATH\Boot.php(67): CodeIgniter\Boot::runCodeIgniter(Object(CodeIgniter\CodeIgniter))
11 FCPATH\index.php(56): CodeIgniter\Boot::bootWeb(Object(Config\Paths))
CRITICAL - 2025-06-10 07:42:38 --> [Caused by] CodeIgniter\Database\Exceptions\DatabaseException: Table 'bd_benitez_lopez.reseñas' doesn't exist
in SYSTEMPATH\Database\MySQLi\Connection.php on line 332.
 1 SYSTEMPATH\Database\BaseConnection.php(738): CodeIgniter\Database\MySQLi\Connection->execute('SELECT *
FROM `reseñas`
WHERE `producto_id` = \'11\'
ORDER BY `fecha` DESC')
 2 SYSTEMPATH\Database\BaseConnection.php(652): CodeIgniter\Database\BaseConnection->simpleQuery('SELECT *
FROM `reseñas`
WHERE `producto_id` = \'11\'
ORDER BY `fecha` DESC')
 3 SYSTEMPATH\Database\BaseBuilder.php(1649): CodeIgniter\Database\BaseConnection->query('SELECT *
FROM `reseñas`
WHERE `producto_id` = :producto_id:
ORDER BY `fecha` DESC', [...], false)
 4 SYSTEMPATH\Model.php(286): CodeIgniter\Database\BaseBuilder->get()
 5 SYSTEMPATH\BaseModel.php(675): CodeIgniter\Model->doFindAll(0, 0)
 6 APPPATH\Models\ResenaModel.php(19): CodeIgniter\BaseModel->findAll()
 7 APPPATH\Controllers\ProductoController.php(43): App\Models\ResenaModel->getResenasProducto('11')
 8 SYSTEMPATH\CodeIgniter.php(933): App\Controllers\ProductoController->detalle('11')
 9 SYSTEMPATH\CodeIgniter.php(507): CodeIgniter\CodeIgniter->runController(Object(App\Controllers\ProductoController))
10 SYSTEMPATH\CodeIgniter.php(354): CodeIgniter\CodeIgniter->handleRequest(null, Object(Config\Cache), false)
11 SYSTEMPATH\Boot.php(334): CodeIgniter\CodeIgniter->run()
12 SYSTEMPATH\Boot.php(67): CodeIgniter\Boot::runCodeIgniter(Object(CodeIgniter\CodeIgniter))
13 FCPATH\index.php(56): CodeIgniter\Boot::bootWeb(Object(Config\Paths))
CRITICAL - 2025-06-10 07:42:38 --> [Caused by] mysqli_sql_exception: Table 'bd_benitez_lopez.reseñas' doesn't exist
in SYSTEMPATH\Database\MySQLi\Connection.php on line 327.
 1 SYSTEMPATH\Database\MySQLi\Connection.php(327): mysqli->query('SELECT *
FROM `reseñas`
WHERE `producto_id` = \'11\'
ORDER BY `fecha` DESC', 0)
 2 SYSTEMPATH\Database\BaseConnection.php(738): CodeIgniter\Database\MySQLi\Connection->execute('SELECT *
FROM `reseñas`
WHERE `producto_id` = \'11\'
ORDER BY `fecha` DESC')
 3 SYSTEMPATH\Database\BaseConnection.php(652): CodeIgniter\Database\BaseConnection->simpleQuery('SELECT *
FROM `reseñas`
WHERE `producto_id` = \'11\'
ORDER BY `fecha` DESC')
 4 SYSTEMPATH\Database\BaseBuilder.php(1649): CodeIgniter\Database\BaseConnection->query('SELECT *
FROM `reseñas`
WHERE `producto_id` = :producto_id:
ORDER BY `fecha` DESC', [...], false)
 5 SYSTEMPATH\Model.php(286): CodeIgniter\Database\BaseBuilder->get()
 6 SYSTEMPATH\BaseModel.php(675): CodeIgniter\Model->doFindAll(0, 0)
 7 APPPATH\Models\ResenaModel.php(19): CodeIgniter\BaseModel->findAll()
 8 APPPATH\Controllers\ProductoController.php(43): App\Models\ResenaModel->getResenasProducto('11')
 9 SYSTEMPATH\CodeIgniter.php(933): App\Controllers\ProductoController->detalle('11')
10 SYSTEMPATH\CodeIgniter.php(507): CodeIgniter\CodeIgniter->runController(Object(App\Controllers\ProductoController))
11 SYSTEMPATH\CodeIgniter.php(354): CodeIgniter\CodeIgniter->handleRequest(null, Object(Config\Cache), false)
12 SYSTEMPATH\Boot.php(334): CodeIgniter\CodeIgniter->run()
13 SYSTEMPATH\Boot.php(67): CodeIgniter\Boot::runCodeIgniter(Object(CodeIgniter\CodeIgniter))
14 FCPATH\index.php(56): CodeIgniter\Boot::bootWeb(Object(Config\Paths))
ERROR - 2025-06-10 07:42:42 --> mysqli_sql_exception: Table 'bd_benitez_lopez.reseñas' doesn't exist in C:\xampp\htdocs\proyecto_benitez_lopez\system\Database\MySQLi\Connection.php:327
Stack trace:
#0 C:\xampp\htdocs\proyecto_benitez_lopez\system\Database\MySQLi\Connection.php(327): mysqli->query('SELECT *\nFROM `...', 0)
#1 C:\xampp\htdocs\proyecto_benitez_lopez\system\Database\BaseConnection.php(738): CodeIgniter\Database\MySQLi\Connection->execute('SELECT *\nFROM `...')
#2 C:\xampp\htdocs\proyecto_benitez_lopez\system\Database\BaseConnection.php(652): CodeIgniter\Database\BaseConnection->simpleQuery('SELECT *\nFROM `...')
#3 C:\xampp\htdocs\proyecto_benitez_lopez\system\Database\BaseBuilder.php(1649): CodeIgniter\Database\BaseConnection->query('SELECT *\nFROM `...', Array, false)
#4 C:\xampp\htdocs\proyecto_benitez_lopez\system\Model.php(286): CodeIgniter\Database\BaseBuilder->get()
#5 C:\xampp\htdocs\proyecto_benitez_lopez\system\BaseModel.php(675): CodeIgniter\Model->doFindAll(0, 0)
#6 C:\xampp\htdocs\proyecto_benitez_lopez\app\Models\ResenaModel.php(19): CodeIgniter\BaseModel->findAll()
#7 C:\xampp\htdocs\proyecto_benitez_lopez\app\Controllers\ProductoController.php(43): App\Models\ResenaModel->getResenasProducto('1')
#8 C:\xampp\htdocs\proyecto_benitez_lopez\system\CodeIgniter.php(933): App\Controllers\ProductoController->detalle('1')
#9 C:\xampp\htdocs\proyecto_benitez_lopez\system\CodeIgniter.php(507): CodeIgniter\CodeIgniter->runController(Object(App\Controllers\ProductoController))
#10 C:\xampp\htdocs\proyecto_benitez_lopez\system\CodeIgniter.php(354): CodeIgniter\CodeIgniter->handleRequest(NULL, Object(Config\Cache), false)
#11 C:\xampp\htdocs\proyecto_benitez_lopez\system\Boot.php(334): CodeIgniter\CodeIgniter->run()
#12 C:\xampp\htdocs\proyecto_benitez_lopez\system\Boot.php(67): CodeIgniter\Boot::runCodeIgniter(Object(CodeIgniter\CodeIgniter))
#13 C:\xampp\htdocs\proyecto_benitez_lopez\index.php(56): CodeIgniter\Boot::bootWeb(Object(Config\Paths))
#14 {main}
CRITICAL - 2025-06-10 07:42:42 --> CodeIgniter\Database\Exceptions\DatabaseException: Table 'bd_benitez_lopez.reseñas' doesn't exist
[Method: GET, Route: productos/1]
in SYSTEMPATH\Database\BaseConnection.php on line 692.
 1 SYSTEMPATH\Database\BaseBuilder.php(1649): CodeIgniter\Database\BaseConnection->query('SELECT *
FROM `reseñas`
WHERE `producto_id` = :producto_id:
ORDER BY `fecha` DESC', [...], false)
 2 SYSTEMPATH\Model.php(286): CodeIgniter\Database\BaseBuilder->get()
 3 SYSTEMPATH\BaseModel.php(675): CodeIgniter\Model->doFindAll(0, 0)
 4 APPPATH\Models\ResenaModel.php(19): CodeIgniter\BaseModel->findAll()
 5 APPPATH\Controllers\ProductoController.php(43): App\Models\ResenaModel->getResenasProducto('1')
 6 SYSTEMPATH\CodeIgniter.php(933): App\Controllers\ProductoController->detalle('1')
 7 SYSTEMPATH\CodeIgniter.php(507): CodeIgniter\CodeIgniter->runController(Object(App\Controllers\ProductoController))
 8 SYSTEMPATH\CodeIgniter.php(354): CodeIgniter\CodeIgniter->handleRequest(null, Object(Config\Cache), false)
 9 SYSTEMPATH\Boot.php(334): CodeIgniter\CodeIgniter->run()
10 SYSTEMPATH\Boot.php(67): CodeIgniter\Boot::runCodeIgniter(Object(CodeIgniter\CodeIgniter))
11 FCPATH\index.php(56): CodeIgniter\Boot::bootWeb(Object(Config\Paths))
CRITICAL - 2025-06-10 07:42:42 --> [Caused by] CodeIgniter\Database\Exceptions\DatabaseException: Table 'bd_benitez_lopez.reseñas' doesn't exist
in SYSTEMPATH\Database\MySQLi\Connection.php on line 332.
 1 SYSTEMPATH\Database\BaseConnection.php(738): CodeIgniter\Database\MySQLi\Connection->execute('SELECT *
FROM `reseñas`
WHERE `producto_id` = \'1\'
ORDER BY `fecha` DESC')
 2 SYSTEMPATH\Database\BaseConnection.php(652): CodeIgniter\Database\BaseConnection->simpleQuery('SELECT *
FROM `reseñas`
WHERE `producto_id` = \'1\'
ORDER BY `fecha` DESC')
 3 SYSTEMPATH\Database\BaseBuilder.php(1649): CodeIgniter\Database\BaseConnection->query('SELECT *
FROM `reseñas`
WHERE `producto_id` = :producto_id:
ORDER BY `fecha` DESC', [...], false)
 4 SYSTEMPATH\Model.php(286): CodeIgniter\Database\BaseBuilder->get()
 5 SYSTEMPATH\BaseModel.php(675): CodeIgniter\Model->doFindAll(0, 0)
 6 APPPATH\Models\ResenaModel.php(19): CodeIgniter\BaseModel->findAll()
 7 APPPATH\Controllers\ProductoController.php(43): App\Models\ResenaModel->getResenasProducto('1')
 8 SYSTEMPATH\CodeIgniter.php(933): App\Controllers\ProductoController->detalle('1')
 9 SYSTEMPATH\CodeIgniter.php(507): CodeIgniter\CodeIgniter->runController(Object(App\Controllers\ProductoController))
10 SYSTEMPATH\CodeIgniter.php(354): CodeIgniter\CodeIgniter->handleRequest(null, Object(Config\Cache), false)
11 SYSTEMPATH\Boot.php(334): CodeIgniter\CodeIgniter->run()
12 SYSTEMPATH\Boot.php(67): CodeIgniter\Boot::runCodeIgniter(Object(CodeIgniter\CodeIgniter))
13 FCPATH\index.php(56): CodeIgniter\Boot::bootWeb(Object(Config\Paths))
CRITICAL - 2025-06-10 07:42:42 --> [Caused by] mysqli_sql_exception: Table 'bd_benitez_lopez.reseñas' doesn't exist
in SYSTEMPATH\Database\MySQLi\Connection.php on line 327.
 1 SYSTEMPATH\Database\MySQLi\Connection.php(327): mysqli->query('SELECT *
FROM `reseñas`
WHERE `producto_id` = \'1\'
ORDER BY `fecha` DESC', 0)
 2 SYSTEMPATH\Database\BaseConnection.php(738): CodeIgniter\Database\MySQLi\Connection->execute('SELECT *
FROM `reseñas`
WHERE `producto_id` = \'1\'
ORDER BY `fecha` DESC')
 3 SYSTEMPATH\Database\BaseConnection.php(652): CodeIgniter\Database\BaseConnection->simpleQuery('SELECT *
FROM `reseñas`
WHERE `producto_id` = \'1\'
ORDER BY `fecha` DESC')
 4 SYSTEMPATH\Database\BaseBuilder.php(1649): CodeIgniter\Database\BaseConnection->query('SELECT *
FROM `reseñas`
WHERE `producto_id` = :producto_id:
ORDER BY `fecha` DESC', [...], false)
 5 SYSTEMPATH\Model.php(286): CodeIgniter\Database\BaseBuilder->get()
 6 SYSTEMPATH\BaseModel.php(675): CodeIgniter\Model->doFindAll(0, 0)
 7 APPPATH\Models\ResenaModel.php(19): CodeIgniter\BaseModel->findAll()
 8 APPPATH\Controllers\ProductoController.php(43): App\Models\ResenaModel->getResenasProducto('1')
 9 SYSTEMPATH\CodeIgniter.php(933): App\Controllers\ProductoController->detalle('1')
10 SYSTEMPATH\CodeIgniter.php(507): CodeIgniter\CodeIgniter->runController(Object(App\Controllers\ProductoController))
11 SYSTEMPATH\CodeIgniter.php(354): CodeIgniter\CodeIgniter->handleRequest(null, Object(Config\Cache), false)
12 SYSTEMPATH\Boot.php(334): CodeIgniter\CodeIgniter->run()
13 SYSTEMPATH\Boot.php(67): CodeIgniter\Boot::runCodeIgniter(Object(CodeIgniter\CodeIgniter))
14 FCPATH\index.php(56): CodeIgniter\Boot::bootWeb(Object(Config\Paths))
ERROR - 2025-06-10 07:42:46 --> mysqli_sql_exception: Table 'bd_benitez_lopez.reseñas' doesn't exist in C:\xampp\htdocs\proyecto_benitez_lopez\system\Database\MySQLi\Connection.php:327
Stack trace:
#0 C:\xampp\htdocs\proyecto_benitez_lopez\system\Database\MySQLi\Connection.php(327): mysqli->query('SELECT *\nFROM `...', 0)
#1 C:\xampp\htdocs\proyecto_benitez_lopez\system\Database\BaseConnection.php(738): CodeIgniter\Database\MySQLi\Connection->execute('SELECT *\nFROM `...')
#2 C:\xampp\htdocs\proyecto_benitez_lopez\system\Database\BaseConnection.php(652): CodeIgniter\Database\BaseConnection->simpleQuery('SELECT *\nFROM `...')
#3 C:\xampp\htdocs\proyecto_benitez_lopez\system\Database\BaseBuilder.php(1649): CodeIgniter\Database\BaseConnection->query('SELECT *\nFROM `...', Array, false)
#4 C:\xampp\htdocs\proyecto_benitez_lopez\system\Model.php(286): CodeIgniter\Database\BaseBuilder->get()
#5 C:\xampp\htdocs\proyecto_benitez_lopez\system\BaseModel.php(675): CodeIgniter\Model->doFindAll(0, 0)
#6 C:\xampp\htdocs\proyecto_benitez_lopez\app\Models\ResenaModel.php(19): CodeIgniter\BaseModel->findAll()
#7 C:\xampp\htdocs\proyecto_benitez_lopez\app\Controllers\ProductoController.php(43): App\Models\ResenaModel->getResenasProducto('7')
#8 C:\xampp\htdocs\proyecto_benitez_lopez\system\CodeIgniter.php(933): App\Controllers\ProductoController->detalle('7')
#9 C:\xampp\htdocs\proyecto_benitez_lopez\system\CodeIgniter.php(507): CodeIgniter\CodeIgniter->runController(Object(App\Controllers\ProductoController))
#10 C:\xampp\htdocs\proyecto_benitez_lopez\system\CodeIgniter.php(354): CodeIgniter\CodeIgniter->handleRequest(NULL, Object(Config\Cache), false)
#11 C:\xampp\htdocs\proyecto_benitez_lopez\system\Boot.php(334): CodeIgniter\CodeIgniter->run()
#12 C:\xampp\htdocs\proyecto_benitez_lopez\system\Boot.php(67): CodeIgniter\Boot::runCodeIgniter(Object(CodeIgniter\CodeIgniter))
#13 C:\xampp\htdocs\proyecto_benitez_lopez\index.php(56): CodeIgniter\Boot::bootWeb(Object(Config\Paths))
#14 {main}
CRITICAL - 2025-06-10 07:42:46 --> CodeIgniter\Database\Exceptions\DatabaseException: Table 'bd_benitez_lopez.reseñas' doesn't exist
[Method: GET, Route: productos/7]
in SYSTEMPATH\Database\BaseConnection.php on line 692.
 1 SYSTEMPATH\Database\BaseBuilder.php(1649): CodeIgniter\Database\BaseConnection->query('SELECT *
FROM `reseñas`
WHERE `producto_id` = :producto_id:
ORDER BY `fecha` DESC', [...], false)
 2 SYSTEMPATH\Model.php(286): CodeIgniter\Database\BaseBuilder->get()
 3 SYSTEMPATH\BaseModel.php(675): CodeIgniter\Model->doFindAll(0, 0)
 4 APPPATH\Models\ResenaModel.php(19): CodeIgniter\BaseModel->findAll()
 5 APPPATH\Controllers\ProductoController.php(43): App\Models\ResenaModel->getResenasProducto('7')
 6 SYSTEMPATH\CodeIgniter.php(933): App\Controllers\ProductoController->detalle('7')
 7 SYSTEMPATH\CodeIgniter.php(507): CodeIgniter\CodeIgniter->runController(Object(App\Controllers\ProductoController))
 8 SYSTEMPATH\CodeIgniter.php(354): CodeIgniter\CodeIgniter->handleRequest(null, Object(Config\Cache), false)
 9 SYSTEMPATH\Boot.php(334): CodeIgniter\CodeIgniter->run()
10 SYSTEMPATH\Boot.php(67): CodeIgniter\Boot::runCodeIgniter(Object(CodeIgniter\CodeIgniter))
11 FCPATH\index.php(56): CodeIgniter\Boot::bootWeb(Object(Config\Paths))
CRITICAL - 2025-06-10 07:42:46 --> [Caused by] CodeIgniter\Database\Exceptions\DatabaseException: Table 'bd_benitez_lopez.reseñas' doesn't exist
in SYSTEMPATH\Database\MySQLi\Connection.php on line 332.
 1 SYSTEMPATH\Database\BaseConnection.php(738): CodeIgniter\Database\MySQLi\Connection->execute('SELECT *
FROM `reseñas`
WHERE `producto_id` = \'7\'
ORDER BY `fecha` DESC')
 2 SYSTEMPATH\Database\BaseConnection.php(652): CodeIgniter\Database\BaseConnection->simpleQuery('SELECT *
FROM `reseñas`
WHERE `producto_id` = \'7\'
ORDER BY `fecha` DESC')
 3 SYSTEMPATH\Database\BaseBuilder.php(1649): CodeIgniter\Database\BaseConnection->query('SELECT *
FROM `reseñas`
WHERE `producto_id` = :producto_id:
ORDER BY `fecha` DESC', [...], false)
 4 SYSTEMPATH\Model.php(286): CodeIgniter\Database\BaseBuilder->get()
 5 SYSTEMPATH\BaseModel.php(675): CodeIgniter\Model->doFindAll(0, 0)
 6 APPPATH\Models\ResenaModel.php(19): CodeIgniter\BaseModel->findAll()
 7 APPPATH\Controllers\ProductoController.php(43): App\Models\ResenaModel->getResenasProducto('7')
 8 SYSTEMPATH\CodeIgniter.php(933): App\Controllers\ProductoController->detalle('7')
 9 SYSTEMPATH\CodeIgniter.php(507): CodeIgniter\CodeIgniter->runController(Object(App\Controllers\ProductoController))
10 SYSTEMPATH\CodeIgniter.php(354): CodeIgniter\CodeIgniter->handleRequest(null, Object(Config\Cache), false)
11 SYSTEMPATH\Boot.php(334): CodeIgniter\CodeIgniter->run()
12 SYSTEMPATH\Boot.php(67): CodeIgniter\Boot::runCodeIgniter(Object(CodeIgniter\CodeIgniter))
13 FCPATH\index.php(56): CodeIgniter\Boot::bootWeb(Object(Config\Paths))
CRITICAL - 2025-06-10 07:42:46 --> [Caused by] mysqli_sql_exception: Table 'bd_benitez_lopez.reseñas' doesn't exist
in SYSTEMPATH\Database\MySQLi\Connection.php on line 327.
 1 SYSTEMPATH\Database\MySQLi\Connection.php(327): mysqli->query('SELECT *
FROM `reseñas`
WHERE `producto_id` = \'7\'
ORDER BY `fecha` DESC', 0)
 2 SYSTEMPATH\Database\BaseConnection.php(738): CodeIgniter\Database\MySQLi\Connection->execute('SELECT *
FROM `reseñas`
WHERE `producto_id` = \'7\'
ORDER BY `fecha` DESC')
 3 SYSTEMPATH\Database\BaseConnection.php(652): CodeIgniter\Database\BaseConnection->simpleQuery('SELECT *
FROM `reseñas`
WHERE `producto_id` = \'7\'
ORDER BY `fecha` DESC')
 4 SYSTEMPATH\Database\BaseBuilder.php(1649): CodeIgniter\Database\BaseConnection->query('SELECT *
FROM `reseñas`
WHERE `producto_id` = :producto_id:
ORDER BY `fecha` DESC', [...], false)
 5 SYSTEMPATH\Model.php(286): CodeIgniter\Database\BaseBuilder->get()
 6 SYSTEMPATH\BaseModel.php(675): CodeIgniter\Model->doFindAll(0, 0)
 7 APPPATH\Models\ResenaModel.php(19): CodeIgniter\BaseModel->findAll()
 8 APPPATH\Controllers\ProductoController.php(43): App\Models\ResenaModel->getResenasProducto('7')
 9 SYSTEMPATH\CodeIgniter.php(933): App\Controllers\ProductoController->detalle('7')
10 SYSTEMPATH\CodeIgniter.php(507): CodeIgniter\CodeIgniter->runController(Object(App\Controllers\ProductoController))
11 SYSTEMPATH\CodeIgniter.php(354): CodeIgniter\CodeIgniter->handleRequest(null, Object(Config\Cache), false)
12 SYSTEMPATH\Boot.php(334): CodeIgniter\CodeIgniter->run()
13 SYSTEMPATH\Boot.php(67): CodeIgniter\Boot::runCodeIgniter(Object(CodeIgniter\CodeIgniter))
14 FCPATH\index.php(56): CodeIgniter\Boot::bootWeb(Object(Config\Paths))
ERROR - 2025-06-10 07:52:28 --> mysqli_sql_exception: Table 'bd_benitez_lopez.reseñas' doesn't exist in C:\xampp\htdocs\proyecto_benitez_lopez\system\Database\MySQLi\Connection.php:327
Stack trace:
#0 C:\xampp\htdocs\proyecto_benitez_lopez\system\Database\MySQLi\Connection.php(327): mysqli->query('SELECT *\nFROM `...', 0)
#1 C:\xampp\htdocs\proyecto_benitez_lopez\system\Database\BaseConnection.php(738): CodeIgniter\Database\MySQLi\Connection->execute('SELECT *\nFROM `...')
#2 C:\xampp\htdocs\proyecto_benitez_lopez\system\Database\BaseConnection.php(652): CodeIgniter\Database\BaseConnection->simpleQuery('SELECT *\nFROM `...')
#3 C:\xampp\htdocs\proyecto_benitez_lopez\system\Database\BaseBuilder.php(1649): CodeIgniter\Database\BaseConnection->query('SELECT *\nFROM `...', Array, false)
#4 C:\xampp\htdocs\proyecto_benitez_lopez\system\Model.php(286): CodeIgniter\Database\BaseBuilder->get()
#5 C:\xampp\htdocs\proyecto_benitez_lopez\system\BaseModel.php(675): CodeIgniter\Model->doFindAll(0, 0)
#6 C:\xampp\htdocs\proyecto_benitez_lopez\app\Models\ResenaModel.php(19): CodeIgniter\BaseModel->findAll()
#7 C:\xampp\htdocs\proyecto_benitez_lopez\app\Controllers\ProductoController.php(43): App\Models\ResenaModel->getResenasProducto('1')
#8 C:\xampp\htdocs\proyecto_benitez_lopez\system\CodeIgniter.php(933): App\Controllers\ProductoController->detalle('1')
#9 C:\xampp\htdocs\proyecto_benitez_lopez\system\CodeIgniter.php(507): CodeIgniter\CodeIgniter->runController(Object(App\Controllers\ProductoController))
#10 C:\xampp\htdocs\proyecto_benitez_lopez\system\CodeIgniter.php(354): CodeIgniter\CodeIgniter->handleRequest(NULL, Object(Config\Cache), false)
#11 C:\xampp\htdocs\proyecto_benitez_lopez\system\Boot.php(334): CodeIgniter\CodeIgniter->run()
#12 C:\xampp\htdocs\proyecto_benitez_lopez\system\Boot.php(67): CodeIgniter\Boot::runCodeIgniter(Object(CodeIgniter\CodeIgniter))
#13 C:\xampp\htdocs\proyecto_benitez_lopez\index.php(56): CodeIgniter\Boot::bootWeb(Object(Config\Paths))
#14 {main}
CRITICAL - 2025-06-10 07:52:28 --> CodeIgniter\Database\Exceptions\DatabaseException: Table 'bd_benitez_lopez.reseñas' doesn't exist
[Method: GET, Route: productos/1]
in SYSTEMPATH\Database\BaseConnection.php on line 692.
 1 SYSTEMPATH\Database\BaseBuilder.php(1649): CodeIgniter\Database\BaseConnection->query('SELECT *
FROM `reseñas`
WHERE `producto_id` = :producto_id:
ORDER BY `fecha` DESC', [...], false)
 2 SYSTEMPATH\Model.php(286): CodeIgniter\Database\BaseBuilder->get()
 3 SYSTEMPATH\BaseModel.php(675): CodeIgniter\Model->doFindAll(0, 0)
 4 APPPATH\Models\ResenaModel.php(19): CodeIgniter\BaseModel->findAll()
 5 APPPATH\Controllers\ProductoController.php(43): App\Models\ResenaModel->getResenasProducto('1')
 6 SYSTEMPATH\CodeIgniter.php(933): App\Controllers\ProductoController->detalle('1')
 7 SYSTEMPATH\CodeIgniter.php(507): CodeIgniter\CodeIgniter->runController(Object(App\Controllers\ProductoController))
 8 SYSTEMPATH\CodeIgniter.php(354): CodeIgniter\CodeIgniter->handleRequest(null, Object(Config\Cache), false)
 9 SYSTEMPATH\Boot.php(334): CodeIgniter\CodeIgniter->run()
10 SYSTEMPATH\Boot.php(67): CodeIgniter\Boot::runCodeIgniter(Object(CodeIgniter\CodeIgniter))
11 FCPATH\index.php(56): CodeIgniter\Boot::bootWeb(Object(Config\Paths))
CRITICAL - 2025-06-10 07:52:28 --> [Caused by] CodeIgniter\Database\Exceptions\DatabaseException: Table 'bd_benitez_lopez.reseñas' doesn't exist
in SYSTEMPATH\Database\MySQLi\Connection.php on line 332.
 1 SYSTEMPATH\Database\BaseConnection.php(738): CodeIgniter\Database\MySQLi\Connection->execute('SELECT *
FROM `reseñas`
WHERE `producto_id` = \'1\'
ORDER BY `fecha` DESC')
 2 SYSTEMPATH\Database\BaseConnection.php(652): CodeIgniter\Database\BaseConnection->simpleQuery('SELECT *
FROM `reseñas`
WHERE `producto_id` = \'1\'
ORDER BY `fecha` DESC')
 3 SYSTEMPATH\Database\BaseBuilder.php(1649): CodeIgniter\Database\BaseConnection->query('SELECT *
FROM `reseñas`
WHERE `producto_id` = :producto_id:
ORDER BY `fecha` DESC', [...], false)
 4 SYSTEMPATH\Model.php(286): CodeIgniter\Database\BaseBuilder->get()
 5 SYSTEMPATH\BaseModel.php(675): CodeIgniter\Model->doFindAll(0, 0)
 6 APPPATH\Models\ResenaModel.php(19): CodeIgniter\BaseModel->findAll()
 7 APPPATH\Controllers\ProductoController.php(43): App\Models\ResenaModel->getResenasProducto('1')
 8 SYSTEMPATH\CodeIgniter.php(933): App\Controllers\ProductoController->detalle('1')
 9 SYSTEMPATH\CodeIgniter.php(507): CodeIgniter\CodeIgniter->runController(Object(App\Controllers\ProductoController))
10 SYSTEMPATH\CodeIgniter.php(354): CodeIgniter\CodeIgniter->handleRequest(null, Object(Config\Cache), false)
11 SYSTEMPATH\Boot.php(334): CodeIgniter\CodeIgniter->run()
12 SYSTEMPATH\Boot.php(67): CodeIgniter\Boot::runCodeIgniter(Object(CodeIgniter\CodeIgniter))
13 FCPATH\index.php(56): CodeIgniter\Boot::bootWeb(Object(Config\Paths))
CRITICAL - 2025-06-10 07:52:28 --> [Caused by] mysqli_sql_exception: Table 'bd_benitez_lopez.reseñas' doesn't exist
in SYSTEMPATH\Database\MySQLi\Connection.php on line 327.
 1 SYSTEMPATH\Database\MySQLi\Connection.php(327): mysqli->query('SELECT *
FROM `reseñas`
WHERE `producto_id` = \'1\'
ORDER BY `fecha` DESC', 0)
 2 SYSTEMPATH\Database\BaseConnection.php(738): CodeIgniter\Database\MySQLi\Connection->execute('SELECT *
FROM `reseñas`
WHERE `producto_id` = \'1\'
ORDER BY `fecha` DESC')
 3 SYSTEMPATH\Database\BaseConnection.php(652): CodeIgniter\Database\BaseConnection->simpleQuery('SELECT *
FROM `reseñas`
WHERE `producto_id` = \'1\'
ORDER BY `fecha` DESC')
 4 SYSTEMPATH\Database\BaseBuilder.php(1649): CodeIgniter\Database\BaseConnection->query('SELECT *
FROM `reseñas`
WHERE `producto_id` = :producto_id:
ORDER BY `fecha` DESC', [...], false)
 5 SYSTEMPATH\Model.php(286): CodeIgniter\Database\BaseBuilder->get()
 6 SYSTEMPATH\BaseModel.php(675): CodeIgniter\Model->doFindAll(0, 0)
 7 APPPATH\Models\ResenaModel.php(19): CodeIgniter\BaseModel->findAll()
 8 APPPATH\Controllers\ProductoController.php(43): App\Models\ResenaModel->getResenasProducto('1')
 9 SYSTEMPATH\CodeIgniter.php(933): App\Controllers\ProductoController->detalle('1')
10 SYSTEMPATH\CodeIgniter.php(507): CodeIgniter\CodeIgniter->runController(Object(App\Controllers\ProductoController))
11 SYSTEMPATH\CodeIgniter.php(354): CodeIgniter\CodeIgniter->handleRequest(null, Object(Config\Cache), false)
12 SYSTEMPATH\Boot.php(334): CodeIgniter\CodeIgniter->run()
13 SYSTEMPATH\Boot.php(67): CodeIgniter\Boot::runCodeIgniter(Object(CodeIgniter\CodeIgniter))
14 FCPATH\index.php(56): CodeIgniter\Boot::bootWeb(Object(Config\Paths))
ERROR - 2025-06-10 07:52:32 --> mysqli_sql_exception: Table 'bd_benitez_lopez.reseñas' doesn't exist in C:\xampp\htdocs\proyecto_benitez_lopez\system\Database\MySQLi\Connection.php:327
Stack trace:
#0 C:\xampp\htdocs\proyecto_benitez_lopez\system\Database\MySQLi\Connection.php(327): mysqli->query('SELECT *\nFROM `...', 0)
#1 C:\xampp\htdocs\proyecto_benitez_lopez\system\Database\BaseConnection.php(738): CodeIgniter\Database\MySQLi\Connection->execute('SELECT *\nFROM `...')
#2 C:\xampp\htdocs\proyecto_benitez_lopez\system\Database\BaseConnection.php(652): CodeIgniter\Database\BaseConnection->simpleQuery('SELECT *\nFROM `...')
#3 C:\xampp\htdocs\proyecto_benitez_lopez\system\Database\BaseBuilder.php(1649): CodeIgniter\Database\BaseConnection->query('SELECT *\nFROM `...', Array, false)
#4 C:\xampp\htdocs\proyecto_benitez_lopez\system\Model.php(286): CodeIgniter\Database\BaseBuilder->get()
#5 C:\xampp\htdocs\proyecto_benitez_lopez\system\BaseModel.php(675): CodeIgniter\Model->doFindAll(0, 0)
#6 C:\xampp\htdocs\proyecto_benitez_lopez\app\Models\ResenaModel.php(19): CodeIgniter\BaseModel->findAll()
#7 C:\xampp\htdocs\proyecto_benitez_lopez\app\Controllers\ProductoController.php(43): App\Models\ResenaModel->getResenasProducto('3')
#8 C:\xampp\htdocs\proyecto_benitez_lopez\system\CodeIgniter.php(933): App\Controllers\ProductoController->detalle('3')
#9 C:\xampp\htdocs\proyecto_benitez_lopez\system\CodeIgniter.php(507): CodeIgniter\CodeIgniter->runController(Object(App\Controllers\ProductoController))
#10 C:\xampp\htdocs\proyecto_benitez_lopez\system\CodeIgniter.php(354): CodeIgniter\CodeIgniter->handleRequest(NULL, Object(Config\Cache), false)
#11 C:\xampp\htdocs\proyecto_benitez_lopez\system\Boot.php(334): CodeIgniter\CodeIgniter->run()
#12 C:\xampp\htdocs\proyecto_benitez_lopez\system\Boot.php(67): CodeIgniter\Boot::runCodeIgniter(Object(CodeIgniter\CodeIgniter))
#13 C:\xampp\htdocs\proyecto_benitez_lopez\index.php(56): CodeIgniter\Boot::bootWeb(Object(Config\Paths))
#14 {main}
CRITICAL - 2025-06-10 07:52:32 --> CodeIgniter\Database\Exceptions\DatabaseException: Table 'bd_benitez_lopez.reseñas' doesn't exist
[Method: GET, Route: productos/3]
in SYSTEMPATH\Database\BaseConnection.php on line 692.
 1 SYSTEMPATH\Database\BaseBuilder.php(1649): CodeIgniter\Database\BaseConnection->query('SELECT *
FROM `reseñas`
WHERE `producto_id` = :producto_id:
ORDER BY `fecha` DESC', [...], false)
 2 SYSTEMPATH\Model.php(286): CodeIgniter\Database\BaseBuilder->get()
 3 SYSTEMPATH\BaseModel.php(675): CodeIgniter\Model->doFindAll(0, 0)
 4 APPPATH\Models\ResenaModel.php(19): CodeIgniter\BaseModel->findAll()
 5 APPPATH\Controllers\ProductoController.php(43): App\Models\ResenaModel->getResenasProducto('3')
 6 SYSTEMPATH\CodeIgniter.php(933): App\Controllers\ProductoController->detalle('3')
 7 SYSTEMPATH\CodeIgniter.php(507): CodeIgniter\CodeIgniter->runController(Object(App\Controllers\ProductoController))
 8 SYSTEMPATH\CodeIgniter.php(354): CodeIgniter\CodeIgniter->handleRequest(null, Object(Config\Cache), false)
 9 SYSTEMPATH\Boot.php(334): CodeIgniter\CodeIgniter->run()
10 SYSTEMPATH\Boot.php(67): CodeIgniter\Boot::runCodeIgniter(Object(CodeIgniter\CodeIgniter))
11 FCPATH\index.php(56): CodeIgniter\Boot::bootWeb(Object(Config\Paths))
CRITICAL - 2025-06-10 07:52:32 --> [Caused by] CodeIgniter\Database\Exceptions\DatabaseException: Table 'bd_benitez_lopez.reseñas' doesn't exist
in SYSTEMPATH\Database\MySQLi\Connection.php on line 332.
 1 SYSTEMPATH\Database\BaseConnection.php(738): CodeIgniter\Database\MySQLi\Connection->execute('SELECT *
FROM `reseñas`
WHERE `producto_id` = \'3\'
ORDER BY `fecha` DESC')
 2 SYSTEMPATH\Database\BaseConnection.php(652): CodeIgniter\Database\BaseConnection->simpleQuery('SELECT *
FROM `reseñas`
WHERE `producto_id` = \'3\'
ORDER BY `fecha` DESC')
 3 SYSTEMPATH\Database\BaseBuilder.php(1649): CodeIgniter\Database\BaseConnection->query('SELECT *
FROM `reseñas`
WHERE `producto_id` = :producto_id:
ORDER BY `fecha` DESC', [...], false)
 4 SYSTEMPATH\Model.php(286): CodeIgniter\Database\BaseBuilder->get()
 5 SYSTEMPATH\BaseModel.php(675): CodeIgniter\Model->doFindAll(0, 0)
 6 APPPATH\Models\ResenaModel.php(19): CodeIgniter\BaseModel->findAll()
 7 APPPATH\Controllers\ProductoController.php(43): App\Models\ResenaModel->getResenasProducto('3')
 8 SYSTEMPATH\CodeIgniter.php(933): App\Controllers\ProductoController->detalle('3')
 9 SYSTEMPATH\CodeIgniter.php(507): CodeIgniter\CodeIgniter->runController(Object(App\Controllers\ProductoController))
10 SYSTEMPATH\CodeIgniter.php(354): CodeIgniter\CodeIgniter->handleRequest(null, Object(Config\Cache), false)
11 SYSTEMPATH\Boot.php(334): CodeIgniter\CodeIgniter->run()
12 SYSTEMPATH\Boot.php(67): CodeIgniter\Boot::runCodeIgniter(Object(CodeIgniter\CodeIgniter))
13 FCPATH\index.php(56): CodeIgniter\Boot::bootWeb(Object(Config\Paths))
CRITICAL - 2025-06-10 07:52:32 --> [Caused by] mysqli_sql_exception: Table 'bd_benitez_lopez.reseñas' doesn't exist
in SYSTEMPATH\Database\MySQLi\Connection.php on line 327.
 1 SYSTEMPATH\Database\MySQLi\Connection.php(327): mysqli->query('SELECT *
FROM `reseñas`
WHERE `producto_id` = \'3\'
ORDER BY `fecha` DESC', 0)
 2 SYSTEMPATH\Database\BaseConnection.php(738): CodeIgniter\Database\MySQLi\Connection->execute('SELECT *
FROM `reseñas`
WHERE `producto_id` = \'3\'
ORDER BY `fecha` DESC')
 3 SYSTEMPATH\Database\BaseConnection.php(652): CodeIgniter\Database\BaseConnection->simpleQuery('SELECT *
FROM `reseñas`
WHERE `producto_id` = \'3\'
ORDER BY `fecha` DESC')
 4 SYSTEMPATH\Database\BaseBuilder.php(1649): CodeIgniter\Database\BaseConnection->query('SELECT *
FROM `reseñas`
WHERE `producto_id` = :producto_id:
ORDER BY `fecha` DESC', [...], false)
 5 SYSTEMPATH\Model.php(286): CodeIgniter\Database\BaseBuilder->get()
 6 SYSTEMPATH\BaseModel.php(675): CodeIgniter\Model->doFindAll(0, 0)
 7 APPPATH\Models\ResenaModel.php(19): CodeIgniter\BaseModel->findAll()
 8 APPPATH\Controllers\ProductoController.php(43): App\Models\ResenaModel->getResenasProducto('3')
 9 SYSTEMPATH\CodeIgniter.php(933): App\Controllers\ProductoController->detalle('3')
10 SYSTEMPATH\CodeIgniter.php(507): CodeIgniter\CodeIgniter->runController(Object(App\Controllers\ProductoController))
11 SYSTEMPATH\CodeIgniter.php(354): CodeIgniter\CodeIgniter->handleRequest(null, Object(Config\Cache), false)
12 SYSTEMPATH\Boot.php(334): CodeIgniter\CodeIgniter->run()
13 SYSTEMPATH\Boot.php(67): CodeIgniter\Boot::runCodeIgniter(Object(CodeIgniter\CodeIgniter))
14 FCPATH\index.php(56): CodeIgniter\Boot::bootWeb(Object(Config\Paths))
ERROR - 2025-06-10 07:52:35 --> mysqli_sql_exception: Table 'bd_benitez_lopez.reseñas' doesn't exist in C:\xampp\htdocs\proyecto_benitez_lopez\system\Database\MySQLi\Connection.php:327
Stack trace:
#0 C:\xampp\htdocs\proyecto_benitez_lopez\system\Database\MySQLi\Connection.php(327): mysqli->query('SELECT *\nFROM `...', 0)
#1 C:\xampp\htdocs\proyecto_benitez_lopez\system\Database\BaseConnection.php(738): CodeIgniter\Database\MySQLi\Connection->execute('SELECT *\nFROM `...')
#2 C:\xampp\htdocs\proyecto_benitez_lopez\system\Database\BaseConnection.php(652): CodeIgniter\Database\BaseConnection->simpleQuery('SELECT *\nFROM `...')
#3 C:\xampp\htdocs\proyecto_benitez_lopez\system\Database\BaseBuilder.php(1649): CodeIgniter\Database\BaseConnection->query('SELECT *\nFROM `...', Array, false)
#4 C:\xampp\htdocs\proyecto_benitez_lopez\system\Model.php(286): CodeIgniter\Database\BaseBuilder->get()
#5 C:\xampp\htdocs\proyecto_benitez_lopez\system\BaseModel.php(675): CodeIgniter\Model->doFindAll(0, 0)
#6 C:\xampp\htdocs\proyecto_benitez_lopez\app\Models\ResenaModel.php(19): CodeIgniter\BaseModel->findAll()
#7 C:\xampp\htdocs\proyecto_benitez_lopez\app\Controllers\ProductoController.php(43): App\Models\ResenaModel->getResenasProducto('4')
#8 C:\xampp\htdocs\proyecto_benitez_lopez\system\CodeIgniter.php(933): App\Controllers\ProductoController->detalle('4')
#9 C:\xampp\htdocs\proyecto_benitez_lopez\system\CodeIgniter.php(507): CodeIgniter\CodeIgniter->runController(Object(App\Controllers\ProductoController))
#10 C:\xampp\htdocs\proyecto_benitez_lopez\system\CodeIgniter.php(354): CodeIgniter\CodeIgniter->handleRequest(NULL, Object(Config\Cache), false)
#11 C:\xampp\htdocs\proyecto_benitez_lopez\system\Boot.php(334): CodeIgniter\CodeIgniter->run()
#12 C:\xampp\htdocs\proyecto_benitez_lopez\system\Boot.php(67): CodeIgniter\Boot::runCodeIgniter(Object(CodeIgniter\CodeIgniter))
#13 C:\xampp\htdocs\proyecto_benitez_lopez\index.php(56): CodeIgniter\Boot::bootWeb(Object(Config\Paths))
#14 {main}
CRITICAL - 2025-06-10 07:52:35 --> CodeIgniter\Database\Exceptions\DatabaseException: Table 'bd_benitez_lopez.reseñas' doesn't exist
[Method: GET, Route: productos/4]
in SYSTEMPATH\Database\BaseConnection.php on line 692.
 1 SYSTEMPATH\Database\BaseBuilder.php(1649): CodeIgniter\Database\BaseConnection->query('SELECT *
FROM `reseñas`
WHERE `producto_id` = :producto_id:
ORDER BY `fecha` DESC', [...], false)
 2 SYSTEMPATH\Model.php(286): CodeIgniter\Database\BaseBuilder->get()
 3 SYSTEMPATH\BaseModel.php(675): CodeIgniter\Model->doFindAll(0, 0)
 4 APPPATH\Models\ResenaModel.php(19): CodeIgniter\BaseModel->findAll()
 5 APPPATH\Controllers\ProductoController.php(43): App\Models\ResenaModel->getResenasProducto('4')
 6 SYSTEMPATH\CodeIgniter.php(933): App\Controllers\ProductoController->detalle('4')
 7 SYSTEMPATH\CodeIgniter.php(507): CodeIgniter\CodeIgniter->runController(Object(App\Controllers\ProductoController))
 8 SYSTEMPATH\CodeIgniter.php(354): CodeIgniter\CodeIgniter->handleRequest(null, Object(Config\Cache), false)
 9 SYSTEMPATH\Boot.php(334): CodeIgniter\CodeIgniter->run()
10 SYSTEMPATH\Boot.php(67): CodeIgniter\Boot::runCodeIgniter(Object(CodeIgniter\CodeIgniter))
11 FCPATH\index.php(56): CodeIgniter\Boot::bootWeb(Object(Config\Paths))
CRITICAL - 2025-06-10 07:52:35 --> [Caused by] CodeIgniter\Database\Exceptions\DatabaseException: Table 'bd_benitez_lopez.reseñas' doesn't exist
in SYSTEMPATH\Database\MySQLi\Connection.php on line 332.
 1 SYSTEMPATH\Database\BaseConnection.php(738): CodeIgniter\Database\MySQLi\Connection->execute('SELECT *
FROM `reseñas`
WHERE `producto_id` = \'4\'
ORDER BY `fecha` DESC')
 2 SYSTEMPATH\Database\BaseConnection.php(652): CodeIgniter\Database\BaseConnection->simpleQuery('SELECT *
FROM `reseñas`
WHERE `producto_id` = \'4\'
ORDER BY `fecha` DESC')
 3 SYSTEMPATH\Database\BaseBuilder.php(1649): CodeIgniter\Database\BaseConnection->query('SELECT *
FROM `reseñas`
WHERE `producto_id` = :producto_id:
ORDER BY `fecha` DESC', [...], false)
 4 SYSTEMPATH\Model.php(286): CodeIgniter\Database\BaseBuilder->get()
 5 SYSTEMPATH\BaseModel.php(675): CodeIgniter\Model->doFindAll(0, 0)
 6 APPPATH\Models\ResenaModel.php(19): CodeIgniter\BaseModel->findAll()
 7 APPPATH\Controllers\ProductoController.php(43): App\Models\ResenaModel->getResenasProducto('4')
 8 SYSTEMPATH\CodeIgniter.php(933): App\Controllers\ProductoController->detalle('4')
 9 SYSTEMPATH\CodeIgniter.php(507): CodeIgniter\CodeIgniter->runController(Object(App\Controllers\ProductoController))
10 SYSTEMPATH\CodeIgniter.php(354): CodeIgniter\CodeIgniter->handleRequest(null, Object(Config\Cache), false)
11 SYSTEMPATH\Boot.php(334): CodeIgniter\CodeIgniter->run()
12 SYSTEMPATH\Boot.php(67): CodeIgniter\Boot::runCodeIgniter(Object(CodeIgniter\CodeIgniter))
13 FCPATH\index.php(56): CodeIgniter\Boot::bootWeb(Object(Config\Paths))
CRITICAL - 2025-06-10 07:52:35 --> [Caused by] mysqli_sql_exception: Table 'bd_benitez_lopez.reseñas' doesn't exist
in SYSTEMPATH\Database\MySQLi\Connection.php on line 327.
 1 SYSTEMPATH\Database\MySQLi\Connection.php(327): mysqli->query('SELECT *
FROM `reseñas`
WHERE `producto_id` = \'4\'
ORDER BY `fecha` DESC', 0)
 2 SYSTEMPATH\Database\BaseConnection.php(738): CodeIgniter\Database\MySQLi\Connection->execute('SELECT *
FROM `reseñas`
WHERE `producto_id` = \'4\'
ORDER BY `fecha` DESC')
 3 SYSTEMPATH\Database\BaseConnection.php(652): CodeIgniter\Database\BaseConnection->simpleQuery('SELECT *
FROM `reseñas`
WHERE `producto_id` = \'4\'
ORDER BY `fecha` DESC')
 4 SYSTEMPATH\Database\BaseBuilder.php(1649): CodeIgniter\Database\BaseConnection->query('SELECT *
FROM `reseñas`
WHERE `producto_id` = :producto_id:
ORDER BY `fecha` DESC', [...], false)
 5 SYSTEMPATH\Model.php(286): CodeIgniter\Database\BaseBuilder->get()
 6 SYSTEMPATH\BaseModel.php(675): CodeIgniter\Model->doFindAll(0, 0)
 7 APPPATH\Models\ResenaModel.php(19): CodeIgniter\BaseModel->findAll()
 8 APPPATH\Controllers\ProductoController.php(43): App\Models\ResenaModel->getResenasProducto('4')
 9 SYSTEMPATH\CodeIgniter.php(933): App\Controllers\ProductoController->detalle('4')
10 SYSTEMPATH\CodeIgniter.php(507): CodeIgniter\CodeIgniter->runController(Object(App\Controllers\ProductoController))
11 SYSTEMPATH\CodeIgniter.php(354): CodeIgniter\CodeIgniter->handleRequest(null, Object(Config\Cache), false)
12 SYSTEMPATH\Boot.php(334): CodeIgniter\CodeIgniter->run()
13 SYSTEMPATH\Boot.php(67): CodeIgniter\Boot::runCodeIgniter(Object(CodeIgniter\CodeIgniter))
14 FCPATH\index.php(56): CodeIgniter\Boot::bootWeb(Object(Config\Paths))
ERROR - 2025-06-10 07:54:05 --> mysqli_sql_exception: Table 'bd_benitez_lopez.reseñas' doesn't exist in C:\xampp\htdocs\proyecto_benitez_lopez\system\Database\MySQLi\Connection.php:327
Stack trace:
#0 C:\xampp\htdocs\proyecto_benitez_lopez\system\Database\MySQLi\Connection.php(327): mysqli->query('SELECT *\nFROM `...', 0)
#1 C:\xampp\htdocs\proyecto_benitez_lopez\system\Database\BaseConnection.php(738): CodeIgniter\Database\MySQLi\Connection->execute('SELECT *\nFROM `...')
#2 C:\xampp\htdocs\proyecto_benitez_lopez\system\Database\BaseConnection.php(652): CodeIgniter\Database\BaseConnection->simpleQuery('SELECT *\nFROM `...')
#3 C:\xampp\htdocs\proyecto_benitez_lopez\system\Database\BaseBuilder.php(1649): CodeIgniter\Database\BaseConnection->query('SELECT *\nFROM `...', Array, false)
#4 C:\xampp\htdocs\proyecto_benitez_lopez\system\Model.php(286): CodeIgniter\Database\BaseBuilder->get()
#5 C:\xampp\htdocs\proyecto_benitez_lopez\system\BaseModel.php(675): CodeIgniter\Model->doFindAll(0, 0)
#6 C:\xampp\htdocs\proyecto_benitez_lopez\app\Models\ResenaModel.php(19): CodeIgniter\BaseModel->findAll()
#7 C:\xampp\htdocs\proyecto_benitez_lopez\app\Controllers\ProductoController.php(43): App\Models\ResenaModel->getResenasProducto('4')
#8 C:\xampp\htdocs\proyecto_benitez_lopez\system\CodeIgniter.php(933): App\Controllers\ProductoController->detalle('4')
#9 C:\xampp\htdocs\proyecto_benitez_lopez\system\CodeIgniter.php(507): CodeIgniter\CodeIgniter->runController(Object(App\Controllers\ProductoController))
#10 C:\xampp\htdocs\proyecto_benitez_lopez\system\CodeIgniter.php(354): CodeIgniter\CodeIgniter->handleRequest(NULL, Object(Config\Cache), false)
#11 C:\xampp\htdocs\proyecto_benitez_lopez\system\Boot.php(334): CodeIgniter\CodeIgniter->run()
#12 C:\xampp\htdocs\proyecto_benitez_lopez\system\Boot.php(67): CodeIgniter\Boot::runCodeIgniter(Object(CodeIgniter\CodeIgniter))
#13 C:\xampp\htdocs\proyecto_benitez_lopez\index.php(56): CodeIgniter\Boot::bootWeb(Object(Config\Paths))
#14 {main}
CRITICAL - 2025-06-10 07:54:05 --> CodeIgniter\Database\Exceptions\DatabaseException: Table 'bd_benitez_lopez.reseñas' doesn't exist
[Method: GET, Route: productos/4]
in SYSTEMPATH\Database\BaseConnection.php on line 692.
 1 SYSTEMPATH\Database\BaseBuilder.php(1649): CodeIgniter\Database\BaseConnection->query('SELECT *
FROM `reseñas`
WHERE `producto_id` = :producto_id:
ORDER BY `fecha` DESC', [...], false)
 2 SYSTEMPATH\Model.php(286): CodeIgniter\Database\BaseBuilder->get()
 3 SYSTEMPATH\BaseModel.php(675): CodeIgniter\Model->doFindAll(0, 0)
 4 APPPATH\Models\ResenaModel.php(19): CodeIgniter\BaseModel->findAll()
 5 APPPATH\Controllers\ProductoController.php(43): App\Models\ResenaModel->getResenasProducto('4')
 6 SYSTEMPATH\CodeIgniter.php(933): App\Controllers\ProductoController->detalle('4')
 7 SYSTEMPATH\CodeIgniter.php(507): CodeIgniter\CodeIgniter->runController(Object(App\Controllers\ProductoController))
 8 SYSTEMPATH\CodeIgniter.php(354): CodeIgniter\CodeIgniter->handleRequest(null, Object(Config\Cache), false)
 9 SYSTEMPATH\Boot.php(334): CodeIgniter\CodeIgniter->run()
10 SYSTEMPATH\Boot.php(67): CodeIgniter\Boot::runCodeIgniter(Object(CodeIgniter\CodeIgniter))
11 FCPATH\index.php(56): CodeIgniter\Boot::bootWeb(Object(Config\Paths))
CRITICAL - 2025-06-10 07:54:05 --> [Caused by] CodeIgniter\Database\Exceptions\DatabaseException: Table 'bd_benitez_lopez.reseñas' doesn't exist
in SYSTEMPATH\Database\MySQLi\Connection.php on line 332.
 1 SYSTEMPATH\Database\BaseConnection.php(738): CodeIgniter\Database\MySQLi\Connection->execute('SELECT *
FROM `reseñas`
WHERE `producto_id` = \'4\'
ORDER BY `fecha` DESC')
 2 SYSTEMPATH\Database\BaseConnection.php(652): CodeIgniter\Database\BaseConnection->simpleQuery('SELECT *
FROM `reseñas`
WHERE `producto_id` = \'4\'
ORDER BY `fecha` DESC')
 3 SYSTEMPATH\Database\BaseBuilder.php(1649): CodeIgniter\Database\BaseConnection->query('SELECT *
FROM `reseñas`
WHERE `producto_id` = :producto_id:
ORDER BY `fecha` DESC', [...], false)
 4 SYSTEMPATH\Model.php(286): CodeIgniter\Database\BaseBuilder->get()
 5 SYSTEMPATH\BaseModel.php(675): CodeIgniter\Model->doFindAll(0, 0)
 6 APPPATH\Models\ResenaModel.php(19): CodeIgniter\BaseModel->findAll()
 7 APPPATH\Controllers\ProductoController.php(43): App\Models\ResenaModel->getResenasProducto('4')
 8 SYSTEMPATH\CodeIgniter.php(933): App\Controllers\ProductoController->detalle('4')
 9 SYSTEMPATH\CodeIgniter.php(507): CodeIgniter\CodeIgniter->runController(Object(App\Controllers\ProductoController))
10 SYSTEMPATH\CodeIgniter.php(354): CodeIgniter\CodeIgniter->handleRequest(null, Object(Config\Cache), false)
11 SYSTEMPATH\Boot.php(334): CodeIgniter\CodeIgniter->run()
12 SYSTEMPATH\Boot.php(67): CodeIgniter\Boot::runCodeIgniter(Object(CodeIgniter\CodeIgniter))
13 FCPATH\index.php(56): CodeIgniter\Boot::bootWeb(Object(Config\Paths))
CRITICAL - 2025-06-10 07:54:05 --> [Caused by] mysqli_sql_exception: Table 'bd_benitez_lopez.reseñas' doesn't exist
in SYSTEMPATH\Database\MySQLi\Connection.php on line 327.
 1 SYSTEMPATH\Database\MySQLi\Connection.php(327): mysqli->query('SELECT *
FROM `reseñas`
WHERE `producto_id` = \'4\'
ORDER BY `fecha` DESC', 0)
 2 SYSTEMPATH\Database\BaseConnection.php(738): CodeIgniter\Database\MySQLi\Connection->execute('SELECT *
FROM `reseñas`
WHERE `producto_id` = \'4\'
ORDER BY `fecha` DESC')
 3 SYSTEMPATH\Database\BaseConnection.php(652): CodeIgniter\Database\BaseConnection->simpleQuery('SELECT *
FROM `reseñas`
WHERE `producto_id` = \'4\'
ORDER BY `fecha` DESC')
 4 SYSTEMPATH\Database\BaseBuilder.php(1649): CodeIgniter\Database\BaseConnection->query('SELECT *
FROM `reseñas`
WHERE `producto_id` = :producto_id:
ORDER BY `fecha` DESC', [...], false)
 5 SYSTEMPATH\Model.php(286): CodeIgniter\Database\BaseBuilder->get()
 6 SYSTEMPATH\BaseModel.php(675): CodeIgniter\Model->doFindAll(0, 0)
 7 APPPATH\Models\ResenaModel.php(19): CodeIgniter\BaseModel->findAll()
 8 APPPATH\Controllers\ProductoController.php(43): App\Models\ResenaModel->getResenasProducto('4')
 9 SYSTEMPATH\CodeIgniter.php(933): App\Controllers\ProductoController->detalle('4')
10 SYSTEMPATH\CodeIgniter.php(507): CodeIgniter\CodeIgniter->runController(Object(App\Controllers\ProductoController))
11 SYSTEMPATH\CodeIgniter.php(354): CodeIgniter\CodeIgniter->handleRequest(null, Object(Config\Cache), false)
12 SYSTEMPATH\Boot.php(334): CodeIgniter\CodeIgniter->run()
13 SYSTEMPATH\Boot.php(67): CodeIgniter\Boot::runCodeIgniter(Object(CodeIgniter\CodeIgniter))
14 FCPATH\index.php(56): CodeIgniter\Boot::bootWeb(Object(Config\Paths))
ERROR - 2025-06-10 07:54:09 --> mysqli_sql_exception: Table 'bd_benitez_lopez.reseñas' doesn't exist in C:\xampp\htdocs\proyecto_benitez_lopez\system\Database\MySQLi\Connection.php:327
Stack trace:
#0 C:\xampp\htdocs\proyecto_benitez_lopez\system\Database\MySQLi\Connection.php(327): mysqli->query('SELECT *\nFROM `...', 0)
#1 C:\xampp\htdocs\proyecto_benitez_lopez\system\Database\BaseConnection.php(738): CodeIgniter\Database\MySQLi\Connection->execute('SELECT *\nFROM `...')
#2 C:\xampp\htdocs\proyecto_benitez_lopez\system\Database\BaseConnection.php(652): CodeIgniter\Database\BaseConnection->simpleQuery('SELECT *\nFROM `...')
#3 C:\xampp\htdocs\proyecto_benitez_lopez\system\Database\BaseBuilder.php(1649): CodeIgniter\Database\BaseConnection->query('SELECT *\nFROM `...', Array, false)
#4 C:\xampp\htdocs\proyecto_benitez_lopez\system\Model.php(286): CodeIgniter\Database\BaseBuilder->get()
#5 C:\xampp\htdocs\proyecto_benitez_lopez\system\BaseModel.php(675): CodeIgniter\Model->doFindAll(0, 0)
#6 C:\xampp\htdocs\proyecto_benitez_lopez\app\Models\ResenaModel.php(19): CodeIgniter\BaseModel->findAll()
#7 C:\xampp\htdocs\proyecto_benitez_lopez\app\Controllers\ProductoController.php(43): App\Models\ResenaModel->getResenasProducto('6')
#8 C:\xampp\htdocs\proyecto_benitez_lopez\system\CodeIgniter.php(933): App\Controllers\ProductoController->detalle('6')
#9 C:\xampp\htdocs\proyecto_benitez_lopez\system\CodeIgniter.php(507): CodeIgniter\CodeIgniter->runController(Object(App\Controllers\ProductoController))
#10 C:\xampp\htdocs\proyecto_benitez_lopez\system\CodeIgniter.php(354): CodeIgniter\CodeIgniter->handleRequest(NULL, Object(Config\Cache), false)
#11 C:\xampp\htdocs\proyecto_benitez_lopez\system\Boot.php(334): CodeIgniter\CodeIgniter->run()
#12 C:\xampp\htdocs\proyecto_benitez_lopez\system\Boot.php(67): CodeIgniter\Boot::runCodeIgniter(Object(CodeIgniter\CodeIgniter))
#13 C:\xampp\htdocs\proyecto_benitez_lopez\index.php(56): CodeIgniter\Boot::bootWeb(Object(Config\Paths))
#14 {main}
CRITICAL - 2025-06-10 07:54:09 --> CodeIgniter\Database\Exceptions\DatabaseException: Table 'bd_benitez_lopez.reseñas' doesn't exist
[Method: GET, Route: productos/6]
in SYSTEMPATH\Database\BaseConnection.php on line 692.
 1 SYSTEMPATH\Database\BaseBuilder.php(1649): CodeIgniter\Database\BaseConnection->query('SELECT *
FROM `reseñas`
WHERE `producto_id` = :producto_id:
ORDER BY `fecha` DESC', [...], false)
 2 SYSTEMPATH\Model.php(286): CodeIgniter\Database\BaseBuilder->get()
 3 SYSTEMPATH\BaseModel.php(675): CodeIgniter\Model->doFindAll(0, 0)
 4 APPPATH\Models\ResenaModel.php(19): CodeIgniter\BaseModel->findAll()
 5 APPPATH\Controllers\ProductoController.php(43): App\Models\ResenaModel->getResenasProducto('6')
 6 SYSTEMPATH\CodeIgniter.php(933): App\Controllers\ProductoController->detalle('6')
 7 SYSTEMPATH\CodeIgniter.php(507): CodeIgniter\CodeIgniter->runController(Object(App\Controllers\ProductoController))
 8 SYSTEMPATH\CodeIgniter.php(354): CodeIgniter\CodeIgniter->handleRequest(null, Object(Config\Cache), false)
 9 SYSTEMPATH\Boot.php(334): CodeIgniter\CodeIgniter->run()
10 SYSTEMPATH\Boot.php(67): CodeIgniter\Boot::runCodeIgniter(Object(CodeIgniter\CodeIgniter))
11 FCPATH\index.php(56): CodeIgniter\Boot::bootWeb(Object(Config\Paths))
CRITICAL - 2025-06-10 07:54:09 --> [Caused by] CodeIgniter\Database\Exceptions\DatabaseException: Table 'bd_benitez_lopez.reseñas' doesn't exist
in SYSTEMPATH\Database\MySQLi\Connection.php on line 332.
 1 SYSTEMPATH\Database\BaseConnection.php(738): CodeIgniter\Database\MySQLi\Connection->execute('SELECT *
FROM `reseñas`
WHERE `producto_id` = \'6\'
ORDER BY `fecha` DESC')
 2 SYSTEMPATH\Database\BaseConnection.php(652): CodeIgniter\Database\BaseConnection->simpleQuery('SELECT *
FROM `reseñas`
WHERE `producto_id` = \'6\'
ORDER BY `fecha` DESC')
 3 SYSTEMPATH\Database\BaseBuilder.php(1649): CodeIgniter\Database\BaseConnection->query('SELECT *
FROM `reseñas`
WHERE `producto_id` = :producto_id:
ORDER BY `fecha` DESC', [...], false)
 4 SYSTEMPATH\Model.php(286): CodeIgniter\Database\BaseBuilder->get()
 5 SYSTEMPATH\BaseModel.php(675): CodeIgniter\Model->doFindAll(0, 0)
 6 APPPATH\Models\ResenaModel.php(19): CodeIgniter\BaseModel->findAll()
 7 APPPATH\Controllers\ProductoController.php(43): App\Models\ResenaModel->getResenasProducto('6')
 8 SYSTEMPATH\CodeIgniter.php(933): App\Controllers\ProductoController->detalle('6')
 9 SYSTEMPATH\CodeIgniter.php(507): CodeIgniter\CodeIgniter->runController(Object(App\Controllers\ProductoController))
10 SYSTEMPATH\CodeIgniter.php(354): CodeIgniter\CodeIgniter->handleRequest(null, Object(Config\Cache), false)
11 SYSTEMPATH\Boot.php(334): CodeIgniter\CodeIgniter->run()
12 SYSTEMPATH\Boot.php(67): CodeIgniter\Boot::runCodeIgniter(Object(CodeIgniter\CodeIgniter))
13 FCPATH\index.php(56): CodeIgniter\Boot::bootWeb(Object(Config\Paths))
CRITICAL - 2025-06-10 07:54:09 --> [Caused by] mysqli_sql_exception: Table 'bd_benitez_lopez.reseñas' doesn't exist
in SYSTEMPATH\Database\MySQLi\Connection.php on line 327.
 1 SYSTEMPATH\Database\MySQLi\Connection.php(327): mysqli->query('SELECT *
FROM `reseñas`
WHERE `producto_id` = \'6\'
ORDER BY `fecha` DESC', 0)
 2 SYSTEMPATH\Database\BaseConnection.php(738): CodeIgniter\Database\MySQLi\Connection->execute('SELECT *
FROM `reseñas`
WHERE `producto_id` = \'6\'
ORDER BY `fecha` DESC')
 3 SYSTEMPATH\Database\BaseConnection.php(652): CodeIgniter\Database\BaseConnection->simpleQuery('SELECT *
FROM `reseñas`
WHERE `producto_id` = \'6\'
ORDER BY `fecha` DESC')
 4 SYSTEMPATH\Database\BaseBuilder.php(1649): CodeIgniter\Database\BaseConnection->query('SELECT *
FROM `reseñas`
WHERE `producto_id` = :producto_id:
ORDER BY `fecha` DESC', [...], false)
 5 SYSTEMPATH\Model.php(286): CodeIgniter\Database\BaseBuilder->get()
 6 SYSTEMPATH\BaseModel.php(675): CodeIgniter\Model->doFindAll(0, 0)
 7 APPPATH\Models\ResenaModel.php(19): CodeIgniter\BaseModel->findAll()
 8 APPPATH\Controllers\ProductoController.php(43): App\Models\ResenaModel->getResenasProducto('6')
 9 SYSTEMPATH\CodeIgniter.php(933): App\Controllers\ProductoController->detalle('6')
10 SYSTEMPATH\CodeIgniter.php(507): CodeIgniter\CodeIgniter->runController(Object(App\Controllers\ProductoController))
11 SYSTEMPATH\CodeIgniter.php(354): CodeIgniter\CodeIgniter->handleRequest(null, Object(Config\Cache), false)
12 SYSTEMPATH\Boot.php(334): CodeIgniter\CodeIgniter->run()
13 SYSTEMPATH\Boot.php(67): CodeIgniter\Boot::runCodeIgniter(Object(CodeIgniter\CodeIgniter))
14 FCPATH\index.php(56): CodeIgniter\Boot::bootWeb(Object(Config\Paths))
ERROR - 2025-06-10 07:56:38 --> mysqli_sql_exception: Table 'bd_benitez_lopez.reseñas' doesn't exist in C:\xampp\htdocs\proyecto_benitez_lopez\system\Database\MySQLi\Connection.php:327
Stack trace:
#0 C:\xampp\htdocs\proyecto_benitez_lopez\system\Database\MySQLi\Connection.php(327): mysqli->query('SELECT *\nFROM `...', 0)
#1 C:\xampp\htdocs\proyecto_benitez_lopez\system\Database\BaseConnection.php(738): CodeIgniter\Database\MySQLi\Connection->execute('SELECT *\nFROM `...')
#2 C:\xampp\htdocs\proyecto_benitez_lopez\system\Database\BaseConnection.php(652): CodeIgniter\Database\BaseConnection->simpleQuery('SELECT *\nFROM `...')
#3 C:\xampp\htdocs\proyecto_benitez_lopez\system\Database\BaseBuilder.php(1649): CodeIgniter\Database\BaseConnection->query('SELECT *\nFROM `...', Array, false)
#4 C:\xampp\htdocs\proyecto_benitez_lopez\system\Model.php(286): CodeIgniter\Database\BaseBuilder->get()
#5 C:\xampp\htdocs\proyecto_benitez_lopez\system\BaseModel.php(675): CodeIgniter\Model->doFindAll(0, 0)
#6 C:\xampp\htdocs\proyecto_benitez_lopez\app\Models\ResenaModel.php(19): CodeIgniter\BaseModel->findAll()
#7 C:\xampp\htdocs\proyecto_benitez_lopez\app\Controllers\ProductoController.php(43): App\Models\ResenaModel->getResenasProducto('4')
#8 C:\xampp\htdocs\proyecto_benitez_lopez\system\CodeIgniter.php(933): App\Controllers\ProductoController->detalle('4')
#9 C:\xampp\htdocs\proyecto_benitez_lopez\system\CodeIgniter.php(507): CodeIgniter\CodeIgniter->runController(Object(App\Controllers\ProductoController))
#10 C:\xampp\htdocs\proyecto_benitez_lopez\system\CodeIgniter.php(354): CodeIgniter\CodeIgniter->handleRequest(NULL, Object(Config\Cache), false)
#11 C:\xampp\htdocs\proyecto_benitez_lopez\system\Boot.php(334): CodeIgniter\CodeIgniter->run()
#12 C:\xampp\htdocs\proyecto_benitez_lopez\system\Boot.php(67): CodeIgniter\Boot::runCodeIgniter(Object(CodeIgniter\CodeIgniter))
#13 C:\xampp\htdocs\proyecto_benitez_lopez\index.php(56): CodeIgniter\Boot::bootWeb(Object(Config\Paths))
#14 {main}
CRITICAL - 2025-06-10 07:56:38 --> CodeIgniter\Database\Exceptions\DatabaseException: Table 'bd_benitez_lopez.reseñas' doesn't exist
[Method: GET, Route: productos/4]
in SYSTEMPATH\Database\BaseConnection.php on line 692.
 1 SYSTEMPATH\Database\BaseBuilder.php(1649): CodeIgniter\Database\BaseConnection->query('SELECT *
FROM `reseñas`
WHERE `producto_id` = :producto_id:
ORDER BY `fecha` DESC', [...], false)
 2 SYSTEMPATH\Model.php(286): CodeIgniter\Database\BaseBuilder->get()
 3 SYSTEMPATH\BaseModel.php(675): CodeIgniter\Model->doFindAll(0, 0)
 4 APPPATH\Models\ResenaModel.php(19): CodeIgniter\BaseModel->findAll()
 5 APPPATH\Controllers\ProductoController.php(43): App\Models\ResenaModel->getResenasProducto('4')
 6 SYSTEMPATH\CodeIgniter.php(933): App\Controllers\ProductoController->detalle('4')
 7 SYSTEMPATH\CodeIgniter.php(507): CodeIgniter\CodeIgniter->runController(Object(App\Controllers\ProductoController))
 8 SYSTEMPATH\CodeIgniter.php(354): CodeIgniter\CodeIgniter->handleRequest(null, Object(Config\Cache), false)
 9 SYSTEMPATH\Boot.php(334): CodeIgniter\CodeIgniter->run()
10 SYSTEMPATH\Boot.php(67): CodeIgniter\Boot::runCodeIgniter(Object(CodeIgniter\CodeIgniter))
11 FCPATH\index.php(56): CodeIgniter\Boot::bootWeb(Object(Config\Paths))
CRITICAL - 2025-06-10 07:56:38 --> [Caused by] CodeIgniter\Database\Exceptions\DatabaseException: Table 'bd_benitez_lopez.reseñas' doesn't exist
in SYSTEMPATH\Database\MySQLi\Connection.php on line 332.
 1 SYSTEMPATH\Database\BaseConnection.php(738): CodeIgniter\Database\MySQLi\Connection->execute('SELECT *
FROM `reseñas`
WHERE `producto_id` = \'4\'
ORDER BY `fecha` DESC')
 2 SYSTEMPATH\Database\BaseConnection.php(652): CodeIgniter\Database\BaseConnection->simpleQuery('SELECT *
FROM `reseñas`
WHERE `producto_id` = \'4\'
ORDER BY `fecha` DESC')
 3 SYSTEMPATH\Database\BaseBuilder.php(1649): CodeIgniter\Database\BaseConnection->query('SELECT *
FROM `reseñas`
WHERE `producto_id` = :producto_id:
ORDER BY `fecha` DESC', [...], false)
 4 SYSTEMPATH\Model.php(286): CodeIgniter\Database\BaseBuilder->get()
 5 SYSTEMPATH\BaseModel.php(675): CodeIgniter\Model->doFindAll(0, 0)
 6 APPPATH\Models\ResenaModel.php(19): CodeIgniter\BaseModel->findAll()
 7 APPPATH\Controllers\ProductoController.php(43): App\Models\ResenaModel->getResenasProducto('4')
 8 SYSTEMPATH\CodeIgniter.php(933): App\Controllers\ProductoController->detalle('4')
 9 SYSTEMPATH\CodeIgniter.php(507): CodeIgniter\CodeIgniter->runController(Object(App\Controllers\ProductoController))
10 SYSTEMPATH\CodeIgniter.php(354): CodeIgniter\CodeIgniter->handleRequest(null, Object(Config\Cache), false)
11 SYSTEMPATH\Boot.php(334): CodeIgniter\CodeIgniter->run()
12 SYSTEMPATH\Boot.php(67): CodeIgniter\Boot::runCodeIgniter(Object(CodeIgniter\CodeIgniter))
13 FCPATH\index.php(56): CodeIgniter\Boot::bootWeb(Object(Config\Paths))
CRITICAL - 2025-06-10 07:56:38 --> [Caused by] mysqli_sql_exception: Table 'bd_benitez_lopez.reseñas' doesn't exist
in SYSTEMPATH\Database\MySQLi\Connection.php on line 327.
 1 SYSTEMPATH\Database\MySQLi\Connection.php(327): mysqli->query('SELECT *
FROM `reseñas`
WHERE `producto_id` = \'4\'
ORDER BY `fecha` DESC', 0)
 2 SYSTEMPATH\Database\BaseConnection.php(738): CodeIgniter\Database\MySQLi\Connection->execute('SELECT *
FROM `reseñas`
WHERE `producto_id` = \'4\'
ORDER BY `fecha` DESC')
 3 SYSTEMPATH\Database\BaseConnection.php(652): CodeIgniter\Database\BaseConnection->simpleQuery('SELECT *
FROM `reseñas`
WHERE `producto_id` = \'4\'
ORDER BY `fecha` DESC')
 4 SYSTEMPATH\Database\BaseBuilder.php(1649): CodeIgniter\Database\BaseConnection->query('SELECT *
FROM `reseñas`
WHERE `producto_id` = :producto_id:
ORDER BY `fecha` DESC', [...], false)
 5 SYSTEMPATH\Model.php(286): CodeIgniter\Database\BaseBuilder->get()
 6 SYSTEMPATH\BaseModel.php(675): CodeIgniter\Model->doFindAll(0, 0)
 7 APPPATH\Models\ResenaModel.php(19): CodeIgniter\BaseModel->findAll()
 8 APPPATH\Controllers\ProductoController.php(43): App\Models\ResenaModel->getResenasProducto('4')
 9 SYSTEMPATH\CodeIgniter.php(933): App\Controllers\ProductoController->detalle('4')
10 SYSTEMPATH\CodeIgniter.php(507): CodeIgniter\CodeIgniter->runController(Object(App\Controllers\ProductoController))
11 SYSTEMPATH\CodeIgniter.php(354): CodeIgniter\CodeIgniter->handleRequest(null, Object(Config\Cache), false)
12 SYSTEMPATH\Boot.php(334): CodeIgniter\CodeIgniter->run()
13 SYSTEMPATH\Boot.php(67): CodeIgniter\Boot::runCodeIgniter(Object(CodeIgniter\CodeIgniter))
14 FCPATH\index.php(56): CodeIgniter\Boot::bootWeb(Object(Config\Paths))
ERROR - 2025-06-10 07:56:46 --> mysqli_sql_exception: Table 'bd_benitez_lopez.reseñas' doesn't exist in C:\xampp\htdocs\proyecto_benitez_lopez\system\Database\MySQLi\Connection.php:327
Stack trace:
#0 C:\xampp\htdocs\proyecto_benitez_lopez\system\Database\MySQLi\Connection.php(327): mysqli->query('SELECT *\nFROM `...', 0)
#1 C:\xampp\htdocs\proyecto_benitez_lopez\system\Database\BaseConnection.php(738): CodeIgniter\Database\MySQLi\Connection->execute('SELECT *\nFROM `...')
#2 C:\xampp\htdocs\proyecto_benitez_lopez\system\Database\BaseConnection.php(652): CodeIgniter\Database\BaseConnection->simpleQuery('SELECT *\nFROM `...')
#3 C:\xampp\htdocs\proyecto_benitez_lopez\system\Database\BaseBuilder.php(1649): CodeIgniter\Database\BaseConnection->query('SELECT *\nFROM `...', Array, false)
#4 C:\xampp\htdocs\proyecto_benitez_lopez\system\Model.php(286): CodeIgniter\Database\BaseBuilder->get()
#5 C:\xampp\htdocs\proyecto_benitez_lopez\system\BaseModel.php(675): CodeIgniter\Model->doFindAll(0, 0)
#6 C:\xampp\htdocs\proyecto_benitez_lopez\app\Models\ResenaModel.php(19): CodeIgniter\BaseModel->findAll()
#7 C:\xampp\htdocs\proyecto_benitez_lopez\app\Controllers\ProductoController.php(43): App\Models\ResenaModel->getResenasProducto('26')
#8 C:\xampp\htdocs\proyecto_benitez_lopez\system\CodeIgniter.php(933): App\Controllers\ProductoController->detalle('26')
#9 C:\xampp\htdocs\proyecto_benitez_lopez\system\CodeIgniter.php(507): CodeIgniter\CodeIgniter->runController(Object(App\Controllers\ProductoController))
#10 C:\xampp\htdocs\proyecto_benitez_lopez\system\CodeIgniter.php(354): CodeIgniter\CodeIgniter->handleRequest(NULL, Object(Config\Cache), false)
#11 C:\xampp\htdocs\proyecto_benitez_lopez\system\Boot.php(334): CodeIgniter\CodeIgniter->run()
#12 C:\xampp\htdocs\proyecto_benitez_lopez\system\Boot.php(67): CodeIgniter\Boot::runCodeIgniter(Object(CodeIgniter\CodeIgniter))
#13 C:\xampp\htdocs\proyecto_benitez_lopez\index.php(56): CodeIgniter\Boot::bootWeb(Object(Config\Paths))
#14 {main}
CRITICAL - 2025-06-10 07:56:46 --> CodeIgniter\Database\Exceptions\DatabaseException: Table 'bd_benitez_lopez.reseñas' doesn't exist
[Method: GET, Route: productos/26]
in SYSTEMPATH\Database\BaseConnection.php on line 692.
 1 SYSTEMPATH\Database\BaseBuilder.php(1649): CodeIgniter\Database\BaseConnection->query('SELECT *
FROM `reseñas`
WHERE `producto_id` = :producto_id:
ORDER BY `fecha` DESC', [...], false)
 2 SYSTEMPATH\Model.php(286): CodeIgniter\Database\BaseBuilder->get()
 3 SYSTEMPATH\BaseModel.php(675): CodeIgniter\Model->doFindAll(0, 0)
 4 APPPATH\Models\ResenaModel.php(19): CodeIgniter\BaseModel->findAll()
 5 APPPATH\Controllers\ProductoController.php(43): App\Models\ResenaModel->getResenasProducto('26')
 6 SYSTEMPATH\CodeIgniter.php(933): App\Controllers\ProductoController->detalle('26')
 7 SYSTEMPATH\CodeIgniter.php(507): CodeIgniter\CodeIgniter->runController(Object(App\Controllers\ProductoController))
 8 SYSTEMPATH\CodeIgniter.php(354): CodeIgniter\CodeIgniter->handleRequest(null, Object(Config\Cache), false)
 9 SYSTEMPATH\Boot.php(334): CodeIgniter\CodeIgniter->run()
10 SYSTEMPATH\Boot.php(67): CodeIgniter\Boot::runCodeIgniter(Object(CodeIgniter\CodeIgniter))
11 FCPATH\index.php(56): CodeIgniter\Boot::bootWeb(Object(Config\Paths))
CRITICAL - 2025-06-10 07:56:46 --> [Caused by] CodeIgniter\Database\Exceptions\DatabaseException: Table 'bd_benitez_lopez.reseñas' doesn't exist
in SYSTEMPATH\Database\MySQLi\Connection.php on line 332.
 1 SYSTEMPATH\Database\BaseConnection.php(738): CodeIgniter\Database\MySQLi\Connection->execute('SELECT *
FROM `reseñas`
WHERE `producto_id` = \'26\'
ORDER BY `fecha` DESC')
 2 SYSTEMPATH\Database\BaseConnection.php(652): CodeIgniter\Database\BaseConnection->simpleQuery('SELECT *
FROM `reseñas`
WHERE `producto_id` = \'26\'
ORDER BY `fecha` DESC')
 3 SYSTEMPATH\Database\BaseBuilder.php(1649): CodeIgniter\Database\BaseConnection->query('SELECT *
FROM `reseñas`
WHERE `producto_id` = :producto_id:
ORDER BY `fecha` DESC', [...], false)
 4 SYSTEMPATH\Model.php(286): CodeIgniter\Database\BaseBuilder->get()
 5 SYSTEMPATH\BaseModel.php(675): CodeIgniter\Model->doFindAll(0, 0)
 6 APPPATH\Models\ResenaModel.php(19): CodeIgniter\BaseModel->findAll()
 7 APPPATH\Controllers\ProductoController.php(43): App\Models\ResenaModel->getResenasProducto('26')
 8 SYSTEMPATH\CodeIgniter.php(933): App\Controllers\ProductoController->detalle('26')
 9 SYSTEMPATH\CodeIgniter.php(507): CodeIgniter\CodeIgniter->runController(Object(App\Controllers\ProductoController))
10 SYSTEMPATH\CodeIgniter.php(354): CodeIgniter\CodeIgniter->handleRequest(null, Object(Config\Cache), false)
11 SYSTEMPATH\Boot.php(334): CodeIgniter\CodeIgniter->run()
12 SYSTEMPATH\Boot.php(67): CodeIgniter\Boot::runCodeIgniter(Object(CodeIgniter\CodeIgniter))
13 FCPATH\index.php(56): CodeIgniter\Boot::bootWeb(Object(Config\Paths))
CRITICAL - 2025-06-10 07:56:46 --> [Caused by] mysqli_sql_exception: Table 'bd_benitez_lopez.reseñas' doesn't exist
in SYSTEMPATH\Database\MySQLi\Connection.php on line 327.
 1 SYSTEMPATH\Database\MySQLi\Connection.php(327): mysqli->query('SELECT *
FROM `reseñas`
WHERE `producto_id` = \'26\'
ORDER BY `fecha` DESC', 0)
 2 SYSTEMPATH\Database\BaseConnection.php(738): CodeIgniter\Database\MySQLi\Connection->execute('SELECT *
FROM `reseñas`
WHERE `producto_id` = \'26\'
ORDER BY `fecha` DESC')
 3 SYSTEMPATH\Database\BaseConnection.php(652): CodeIgniter\Database\BaseConnection->simpleQuery('SELECT *
FROM `reseñas`
WHERE `producto_id` = \'26\'
ORDER BY `fecha` DESC')
 4 SYSTEMPATH\Database\BaseBuilder.php(1649): CodeIgniter\Database\BaseConnection->query('SELECT *
FROM `reseñas`
WHERE `producto_id` = :producto_id:
ORDER BY `fecha` DESC', [...], false)
 5 SYSTEMPATH\Model.php(286): CodeIgniter\Database\BaseBuilder->get()
 6 SYSTEMPATH\BaseModel.php(675): CodeIgniter\Model->doFindAll(0, 0)
 7 APPPATH\Models\ResenaModel.php(19): CodeIgniter\BaseModel->findAll()
 8 APPPATH\Controllers\ProductoController.php(43): App\Models\ResenaModel->getResenasProducto('26')
 9 SYSTEMPATH\CodeIgniter.php(933): App\Controllers\ProductoController->detalle('26')
10 SYSTEMPATH\CodeIgniter.php(507): CodeIgniter\CodeIgniter->runController(Object(App\Controllers\ProductoController))
11 SYSTEMPATH\CodeIgniter.php(354): CodeIgniter\CodeIgniter->handleRequest(null, Object(Config\Cache), false)
12 SYSTEMPATH\Boot.php(334): CodeIgniter\CodeIgniter->run()
13 SYSTEMPATH\Boot.php(67): CodeIgniter\Boot::runCodeIgniter(Object(CodeIgniter\CodeIgniter))
14 FCPATH\index.php(56): CodeIgniter\Boot::bootWeb(Object(Config\Paths))
ERROR - 2025-06-10 07:57:02 --> mysqli_sql_exception: Table 'bd_benitez_lopez.reseñas' doesn't exist in C:\xampp\htdocs\proyecto_benitez_lopez\system\Database\MySQLi\Connection.php:327
Stack trace:
#0 C:\xampp\htdocs\proyecto_benitez_lopez\system\Database\MySQLi\Connection.php(327): mysqli->query('SELECT *\nFROM `...', 0)
#1 C:\xampp\htdocs\proyecto_benitez_lopez\system\Database\BaseConnection.php(738): CodeIgniter\Database\MySQLi\Connection->execute('SELECT *\nFROM `...')
#2 C:\xampp\htdocs\proyecto_benitez_lopez\system\Database\BaseConnection.php(652): CodeIgniter\Database\BaseConnection->simpleQuery('SELECT *\nFROM `...')
#3 C:\xampp\htdocs\proyecto_benitez_lopez\system\Database\BaseBuilder.php(1649): CodeIgniter\Database\BaseConnection->query('SELECT *\nFROM `...', Array, false)
#4 C:\xampp\htdocs\proyecto_benitez_lopez\system\Model.php(286): CodeIgniter\Database\BaseBuilder->get()
#5 C:\xampp\htdocs\proyecto_benitez_lopez\system\BaseModel.php(675): CodeIgniter\Model->doFindAll(0, 0)
#6 C:\xampp\htdocs\proyecto_benitez_lopez\app\Models\ResenaModel.php(19): CodeIgniter\BaseModel->findAll()
#7 C:\xampp\htdocs\proyecto_benitez_lopez\app\Controllers\ProductoController.php(43): App\Models\ResenaModel->getResenasProducto('22')
#8 C:\xampp\htdocs\proyecto_benitez_lopez\system\CodeIgniter.php(933): App\Controllers\ProductoController->detalle('22')
#9 C:\xampp\htdocs\proyecto_benitez_lopez\system\CodeIgniter.php(507): CodeIgniter\CodeIgniter->runController(Object(App\Controllers\ProductoController))
#10 C:\xampp\htdocs\proyecto_benitez_lopez\system\CodeIgniter.php(354): CodeIgniter\CodeIgniter->handleRequest(NULL, Object(Config\Cache), false)
#11 C:\xampp\htdocs\proyecto_benitez_lopez\system\Boot.php(334): CodeIgniter\CodeIgniter->run()
#12 C:\xampp\htdocs\proyecto_benitez_lopez\system\Boot.php(67): CodeIgniter\Boot::runCodeIgniter(Object(CodeIgniter\CodeIgniter))
#13 C:\xampp\htdocs\proyecto_benitez_lopez\index.php(56): CodeIgniter\Boot::bootWeb(Object(Config\Paths))
#14 {main}
CRITICAL - 2025-06-10 07:57:02 --> CodeIgniter\Database\Exceptions\DatabaseException: Table 'bd_benitez_lopez.reseñas' doesn't exist
[Method: GET, Route: productos/22]
in SYSTEMPATH\Database\BaseConnection.php on line 692.
 1 SYSTEMPATH\Database\BaseBuilder.php(1649): CodeIgniter\Database\BaseConnection->query('SELECT *
FROM `reseñas`
WHERE `producto_id` = :producto_id:
ORDER BY `fecha` DESC', [...], false)
 2 SYSTEMPATH\Model.php(286): CodeIgniter\Database\BaseBuilder->get()
 3 SYSTEMPATH\BaseModel.php(675): CodeIgniter\Model->doFindAll(0, 0)
 4 APPPATH\Models\ResenaModel.php(19): CodeIgniter\BaseModel->findAll()
 5 APPPATH\Controllers\ProductoController.php(43): App\Models\ResenaModel->getResenasProducto('22')
 6 SYSTEMPATH\CodeIgniter.php(933): App\Controllers\ProductoController->detalle('22')
 7 SYSTEMPATH\CodeIgniter.php(507): CodeIgniter\CodeIgniter->runController(Object(App\Controllers\ProductoController))
 8 SYSTEMPATH\CodeIgniter.php(354): CodeIgniter\CodeIgniter->handleRequest(null, Object(Config\Cache), false)
 9 SYSTEMPATH\Boot.php(334): CodeIgniter\CodeIgniter->run()
10 SYSTEMPATH\Boot.php(67): CodeIgniter\Boot::runCodeIgniter(Object(CodeIgniter\CodeIgniter))
11 FCPATH\index.php(56): CodeIgniter\Boot::bootWeb(Object(Config\Paths))
CRITICAL - 2025-06-10 07:57:02 --> [Caused by] CodeIgniter\Database\Exceptions\DatabaseException: Table 'bd_benitez_lopez.reseñas' doesn't exist
in SYSTEMPATH\Database\MySQLi\Connection.php on line 332.
 1 SYSTEMPATH\Database\BaseConnection.php(738): CodeIgniter\Database\MySQLi\Connection->execute('SELECT *
FROM `reseñas`
WHERE `producto_id` = \'22\'
ORDER BY `fecha` DESC')
 2 SYSTEMPATH\Database\BaseConnection.php(652): CodeIgniter\Database\BaseConnection->simpleQuery('SELECT *
FROM `reseñas`
WHERE `producto_id` = \'22\'
ORDER BY `fecha` DESC')
 3 SYSTEMPATH\Database\BaseBuilder.php(1649): CodeIgniter\Database\BaseConnection->query('SELECT *
FROM `reseñas`
WHERE `producto_id` = :producto_id:
ORDER BY `fecha` DESC', [...], false)
 4 SYSTEMPATH\Model.php(286): CodeIgniter\Database\BaseBuilder->get()
 5 SYSTEMPATH\BaseModel.php(675): CodeIgniter\Model->doFindAll(0, 0)
 6 APPPATH\Models\ResenaModel.php(19): CodeIgniter\BaseModel->findAll()
 7 APPPATH\Controllers\ProductoController.php(43): App\Models\ResenaModel->getResenasProducto('22')
 8 SYSTEMPATH\CodeIgniter.php(933): App\Controllers\ProductoController->detalle('22')
 9 SYSTEMPATH\CodeIgniter.php(507): CodeIgniter\CodeIgniter->runController(Object(App\Controllers\ProductoController))
10 SYSTEMPATH\CodeIgniter.php(354): CodeIgniter\CodeIgniter->handleRequest(null, Object(Config\Cache), false)
11 SYSTEMPATH\Boot.php(334): CodeIgniter\CodeIgniter->run()
12 SYSTEMPATH\Boot.php(67): CodeIgniter\Boot::runCodeIgniter(Object(CodeIgniter\CodeIgniter))
13 FCPATH\index.php(56): CodeIgniter\Boot::bootWeb(Object(Config\Paths))
CRITICAL - 2025-06-10 07:57:02 --> [Caused by] mysqli_sql_exception: Table 'bd_benitez_lopez.reseñas' doesn't exist
in SYSTEMPATH\Database\MySQLi\Connection.php on line 327.
 1 SYSTEMPATH\Database\MySQLi\Connection.php(327): mysqli->query('SELECT *
FROM `reseñas`
WHERE `producto_id` = \'22\'
ORDER BY `fecha` DESC', 0)
 2 SYSTEMPATH\Database\BaseConnection.php(738): CodeIgniter\Database\MySQLi\Connection->execute('SELECT *
FROM `reseñas`
WHERE `producto_id` = \'22\'
ORDER BY `fecha` DESC')
 3 SYSTEMPATH\Database\BaseConnection.php(652): CodeIgniter\Database\BaseConnection->simpleQuery('SELECT *
FROM `reseñas`
WHERE `producto_id` = \'22\'
ORDER BY `fecha` DESC')
 4 SYSTEMPATH\Database\BaseBuilder.php(1649): CodeIgniter\Database\BaseConnection->query('SELECT *
FROM `reseñas`
WHERE `producto_id` = :producto_id:
ORDER BY `fecha` DESC', [...], false)
 5 SYSTEMPATH\Model.php(286): CodeIgniter\Database\BaseBuilder->get()
 6 SYSTEMPATH\BaseModel.php(675): CodeIgniter\Model->doFindAll(0, 0)
 7 APPPATH\Models\ResenaModel.php(19): CodeIgniter\BaseModel->findAll()
 8 APPPATH\Controllers\ProductoController.php(43): App\Models\ResenaModel->getResenasProducto('22')
 9 SYSTEMPATH\CodeIgniter.php(933): App\Controllers\ProductoController->detalle('22')
10 SYSTEMPATH\CodeIgniter.php(507): CodeIgniter\CodeIgniter->runController(Object(App\Controllers\ProductoController))
11 SYSTEMPATH\CodeIgniter.php(354): CodeIgniter\CodeIgniter->handleRequest(null, Object(Config\Cache), false)
12 SYSTEMPATH\Boot.php(334): CodeIgniter\CodeIgniter->run()
13 SYSTEMPATH\Boot.php(67): CodeIgniter\Boot::runCodeIgniter(Object(CodeIgniter\CodeIgniter))
14 FCPATH\index.php(56): CodeIgniter\Boot::bootWeb(Object(Config\Paths))
CRITICAL - 2025-06-10 07:59:37 --> ErrorException: Undefined variable $ventas
[Method: GET, Route: contacto]
in APPPATH\Views\admin\ventas\listar.php on line 67.
 1 APPPATH\Views\admin\ventas\listar.php(67): CodeIgniter\Debug\Exceptions->errorHandler(2, 'Undefined variable $ventas', 'C:\\xampp\\htdocs\\proyecto_benitez_lopez\\app\\Views\\admin\\ventas\\listar.php', 67)
 2 SYSTEMPATH\View\View.php(224): include('C:\\xampp\\htdocs\\proyecto_benitez_lopez\\app\\Views\\admin\\ventas\\listar.php')
 3 SYSTEMPATH\View\View.php(227): CodeIgniter\View\View->CodeIgniter\View\{closure}()
 4 SYSTEMPATH\Common.php(1173): CodeIgniter\View\View->render('admin/ventas/listar', [], true)
 5 APPPATH\Controllers\Home.php(25): view('admin/ventas/listar')
 6 SYSTEMPATH\CodeIgniter.php(933): App\Controllers\Home->contacto()
 7 SYSTEMPATH\CodeIgniter.php(507): CodeIgniter\CodeIgniter->runController(Object(App\Controllers\Home))
 8 SYSTEMPATH\CodeIgniter.php(354): CodeIgniter\CodeIgniter->handleRequest(null, Object(Config\Cache), false)
 9 SYSTEMPATH\Boot.php(334): CodeIgniter\CodeIgniter->run()
10 SYSTEMPATH\Boot.php(67): CodeIgniter\Boot::runCodeIgniter(Object(CodeIgniter\CodeIgniter))
11 FCPATH\index.php(56): CodeIgniter\Boot::bootWeb(Object(Config\Paths))
